/*******************************************************************************
 * Size: 100 px
 * Bpp: 1
 * Opts: --bpp 1 --size 100 --font C:/Users/Giode/SquareLine/assets/BebasNeue-Regular.ttf -o C:/Users/Giode/SquareLine/assets\ui_font_Font100.c --format lvgl -r 0x20-0x7f --no-compress --no-prefilter
 ******************************************************************************/

#include "ui.h"

#ifndef UI_FONT_FONT100
#define UI_FONT_FONT100 1
#endif

#if UI_FONT_FONT100

/*-----------------
 *    BITMAPS
 *----------------*/

/*Store the image of the glyphs*/
static LV_ATTRIBUTE_LARGE_CONST const uint8_t glyph_bitmap[] = {
    /* U+0020 " " */
    0x0,

    /* U+0021 "!" */
    0xff, 0xff, 0xff, 0xff, 0xff, 0xff, 0xff, 0xff,
    0xff, 0xff, 0xff, 0xff, 0xff, 0xff, 0xff, 0xff,
    0xff, 0xff, 0xff, 0xff, 0xff, 0xff, 0xff, 0xff,
    0xff, 0xff, 0xff, 0xff, 0xff, 0xff, 0xff, 0xff,
    0xff, 0xff, 0xff, 0xff, 0xff, 0xff, 0xff, 0xff,
    0xff, 0xff, 0xff, 0xff, 0xff, 0xff, 0xff, 0xff,
    0xff, 0xff, 0xff, 0xff, 0xff, 0xff, 0xff, 0x7f,
    0xcf, 0xf9, 0xff, 0x3f, 0xe7, 0xfc, 0xff, 0x9f,
    0xf3, 0xfe, 0x7f, 0xcf, 0xf9, 0xff, 0x0, 0x0,
    0x0, 0x0, 0x0, 0x0, 0x0, 0x0, 0x0, 0x0,
    0x0, 0x7f, 0xff, 0xff, 0xff, 0xff, 0xff, 0xff,
    0xff, 0xff, 0xff, 0xff, 0xff, 0xff, 0xfe,

    /* U+0022 "\"" */
    0xff, 0xe1, 0xff, 0xff, 0xf8, 0x7f, 0xff, 0xfe,
    0x1f, 0xff, 0xff, 0x87, 0xfe, 0xff, 0xc1, 0xff,
    0xbf, 0xf0, 0x7f, 0xe7, 0xfc, 0x1f, 0xf9, 0xff,
    0x7, 0xfe, 0x7f, 0xc0, 0xff, 0x9f, 0xf0, 0x3f,
    0xe7, 0xfc, 0xf, 0xf9, 0xff, 0x3, 0xfc, 0x7f,
    0x80, 0xff, 0x1f, 0xe0, 0x3f, 0xc3, 0xf8, 0xf,
    0xf0, 0xfe, 0x3, 0xfc, 0x3f, 0x80, 0x7f, 0xf,
    0xe0, 0x1f, 0xc3, 0xf8, 0x7, 0xf0, 0xfe, 0x1,
    0xf8, 0x3f, 0x0, 0x7e, 0xf, 0xc0, 0x1f, 0x80,

    /* U+0023 "#" */
    0x0, 0x3f, 0xc0, 0x7f, 0xc0, 0x0, 0xff, 0x1,
    0xff, 0x0, 0x7, 0xfc, 0x7, 0xfc, 0x0, 0x1f,
    0xf0, 0x1f, 0xf0, 0x0, 0x7f, 0xc0, 0x7f, 0xc0,
    0x1, 0xff, 0x1, 0xff, 0x0, 0x7, 0xfc, 0x7,
    0xfc, 0x0, 0x1f, 0xf0, 0x1f, 0xe0, 0x0, 0x7f,
    0xc0, 0x7f, 0x80, 0x1, 0xfe, 0x3, 0xfe, 0x0,
    0x7, 0xf8, 0xf, 0xf8, 0x0, 0x3f, 0xe0, 0x3f,
    0xe0, 0x0, 0xff, 0x80, 0xff, 0x80, 0x3, 0xfe,
    0x3, 0xfe, 0x0, 0xf, 0xf8, 0xf, 0xf8, 0x0,
    0x3f, 0xe0, 0x3f, 0xe0, 0x1f, 0xff, 0xff, 0xff,
    0xfc, 0x7f, 0xff, 0xff, 0xff, 0xe1, 0xff, 0xff,
    0xff, 0xff, 0x87, 0xff, 0xff, 0xff, 0xfe, 0x1f,
    0xff, 0xff, 0xff, 0xf8, 0xff, 0xff, 0xff, 0xff,
    0xe3, 0xff, 0xff, 0xff, 0xff, 0x8f, 0xff, 0xff,
    0xff, 0xfe, 0x1, 0xff, 0x1, 0xff, 0x0, 0x7,
    0xfc, 0x7, 0xfc, 0x0, 0x1f, 0xf0, 0x1f, 0xe0,
    0x0, 0x7f, 0xc0, 0x7f, 0x80, 0x1, 0xfe, 0x1,
    0xfe, 0x0, 0x7, 0xf8, 0xf, 0xf8, 0x0, 0x3f,
    0xe0, 0x3f, 0xe0, 0x0, 0xff, 0x80, 0xff, 0x80,
    0x3, 0xfe, 0x3, 0xfe, 0x0, 0xf, 0xf8, 0xf,
    0xf8, 0x0, 0x3f, 0xe0, 0x3f, 0xe0, 0x0, 0xff,
    0x80, 0xff, 0x80, 0x3, 0xfe, 0x3, 0xfc, 0x0,
    0xf, 0xf0, 0xf, 0xf0, 0x0, 0x3f, 0xc0, 0x7f,
    0xc0, 0x0, 0xff, 0x1, 0xff, 0x0, 0x7, 0xfc,
    0x7, 0xfc, 0x0, 0x1f, 0xf0, 0x1f, 0xf0, 0xf,
    0xff, 0xff, 0xff, 0xfe, 0x3f, 0xff, 0xff, 0xff,
    0xf8, 0xff, 0xff, 0xff, 0xff, 0xe3, 0xff, 0xff,
    0xff, 0xff, 0x8f, 0xff, 0xff, 0xff, 0xfc, 0x3f,
    0xff, 0xff, 0xff, 0xf0, 0xff, 0xff, 0xff, 0xff,
    0xc3, 0xff, 0xff, 0xff, 0xff, 0x0, 0xff, 0x80,
    0xff, 0x80, 0x3, 0xfe, 0x3, 0xfe, 0x0, 0xf,
    0xf8, 0xf, 0xf8, 0x0, 0x3f, 0xe0, 0x3f, 0xe0,
    0x0, 0xff, 0x80, 0xff, 0x80, 0x3, 0xfe, 0x3,
    0xfc, 0x0, 0xf, 0xf8, 0xf, 0xf0, 0x0, 0x3f,
    0xc0, 0x7f, 0xc0, 0x0, 0xff, 0x1, 0xff, 0x0,
    0x7, 0xfc, 0x7, 0xfc, 0x0, 0x1f, 0xf0, 0x1f,
    0xf0, 0x0, 0x7f, 0xc0, 0x7f, 0xc0, 0x1, 0xff,
    0x1, 0xff, 0x0, 0x7, 0xfc, 0x7, 0xfc, 0x0,
    0x1f, 0xf0, 0x1f, 0xf0, 0x0, 0x7f, 0xc0, 0x7f,
    0x80, 0x1, 0xfe, 0x1, 0xfe, 0x0, 0x7, 0xf8,
    0xf, 0xf8, 0x0, 0x1f, 0xe0, 0x3f, 0xe0, 0x0,
    0xff, 0x80, 0xff, 0x80, 0x0,

    /* U+0024 "$" */
    0x0, 0xf, 0xf8, 0x0, 0x0, 0x7, 0xfc, 0x0,
    0x0, 0x3, 0xfe, 0x0, 0x0, 0x1, 0xff, 0x0,
    0x0, 0x0, 0xff, 0x80, 0x0, 0x0, 0x7f, 0xc0,
    0x0, 0x0, 0xff, 0xf8, 0x0, 0x1, 0xff, 0xff,
    0x80, 0x3, 0xff, 0xff, 0xe0, 0x3, 0xff, 0xff,
    0xf8, 0x3, 0xff, 0xff, 0xfe, 0x3, 0xff, 0xff,
    0xff, 0x83, 0xff, 0xff, 0xff, 0xe1, 0xff, 0xff,
    0xff, 0xf1, 0xff, 0xff, 0xff, 0xfc, 0xff, 0xf8,
    0x3f, 0xfe, 0x7f, 0xf0, 0x7, 0xff, 0x7f, 0xf8,
    0x3, 0xff, 0xff, 0xf8, 0x0, 0xff, 0xff, 0xfc,
    0x0, 0x7f, 0xff, 0xfe, 0x0, 0x3f, 0xff, 0xff,
    0x0, 0x1f, 0xff, 0xff, 0x80, 0xf, 0xff, 0xff,
    0xc0, 0x7, 0xff, 0xff, 0xe0, 0x0, 0x0, 0x7f,
    0xf8, 0x0, 0x0, 0x3f, 0xfc, 0x0, 0x0, 0xf,
    0xff, 0x0, 0x0, 0x7, 0xff, 0x80, 0x0, 0x3,
    0xff, 0xe0, 0x0, 0x0, 0xff, 0xf8, 0x0, 0x0,
    0x7f, 0xfe, 0x0, 0x0, 0x1f, 0xff, 0x80, 0x0,
    0xf, 0xff, 0xe0, 0x0, 0x3, 0xff, 0xfc, 0x0,
    0x0, 0xff, 0xff, 0x0, 0x0, 0x7f, 0xff, 0xc0,
    0x0, 0x1f, 0xff, 0xf0, 0x0, 0x7, 0xff, 0xfc,
    0x0, 0x1, 0xff, 0xff, 0x0, 0x0, 0x7f, 0xff,
    0xc0, 0x0, 0xf, 0xff, 0xf0, 0x0, 0x3, 0xff,
    0xfc, 0x0, 0x0, 0xff, 0xff, 0x0, 0x0, 0x3f,
    0xff, 0xc0, 0x0, 0xf, 0xff, 0xe0, 0x0, 0x1,
    0xff, 0xf8, 0x0, 0x0, 0x7f, 0xfc, 0x0, 0x0,
    0x3f, 0xff, 0x0, 0x0, 0xf, 0xff, 0x80, 0x0,
    0x3, 0xff, 0xc0, 0x0, 0x0, 0xff, 0xef, 0xfe,
    0x0, 0x7f, 0xff, 0xff, 0x0, 0x3f, 0xff, 0xff,
    0x80, 0xf, 0xff, 0xff, 0xc0, 0x7, 0xff, 0xff,
    0xe0, 0x3, 0xff, 0xff, 0xf0, 0x1, 0xff, 0xff,
    0xf8, 0x0, 0xff, 0xff, 0xfc, 0x0, 0x7f, 0xff,
    0xfe, 0x0, 0x3f, 0xff, 0xff, 0x80, 0x3f, 0xfd,
    0xff, 0xc0, 0x1f, 0xfc, 0xff, 0xf8, 0x3f, 0xfe,
    0x7f, 0xff, 0xff, 0xff, 0x1f, 0xff, 0xff, 0xff,
    0xf, 0xff, 0xff, 0xff, 0x83, 0xff, 0xff, 0xff,
    0x80, 0xff, 0xff, 0xff, 0x80, 0x7f, 0xff, 0xff,
    0x80, 0xf, 0xff, 0xff, 0x80, 0x3, 0xff, 0xff,
    0x80, 0x0, 0x7f, 0xff, 0x0, 0x0, 0x7, 0xfc,
    0x0, 0x0, 0x3, 0xfe, 0x0, 0x0, 0x1, 0xff,
    0x0, 0x0, 0x0, 0xff, 0x80, 0x0, 0x0, 0x7f,
    0xc0, 0x0, 0x0, 0x3f, 0xe0, 0x0, 0x0, 0x1f,
    0xf0, 0x0,

    /* U+0025 "%" */
    0x1, 0xfc, 0x0, 0x0, 0x0, 0x0, 0x0, 0xff,
    0xf8, 0x0, 0x0, 0xfe, 0x0, 0x1f, 0xff, 0xc0,
    0x0, 0xf, 0xe0, 0x3, 0xff, 0xfe, 0x0, 0x1,
    0xfc, 0x0, 0x7f, 0xff, 0xe0, 0x0, 0x1f, 0xc0,
    0x7, 0xff, 0xff, 0x0, 0x1, 0xf8, 0x0, 0x7f,
    0x8f, 0xf0, 0x0, 0x3f, 0x80, 0xf, 0xf0, 0x7f,
    0x80, 0x3, 0xf8, 0x0, 0xfe, 0x3, 0xf8, 0x0,
    0x7f, 0x0, 0xf, 0xe0, 0x3f, 0x80, 0x7, 0xf0,
    0x0, 0xfe, 0x3, 0xf8, 0x0, 0x7e, 0x0, 0xf,
    0xe0, 0x3f, 0x80, 0xf, 0xe0, 0x0, 0xfe, 0x3,
    0xf8, 0x0, 0xfe, 0x0, 0xf, 0xe0, 0x3f, 0x80,
    0x1f, 0xc0, 0x0, 0xfe, 0x3, 0xf8, 0x1, 0xfc,
    0x0, 0xf, 0xe0, 0x3f, 0x80, 0x1f, 0x80, 0x0,
    0xfe, 0x3, 0xf8, 0x3, 0xf8, 0x0, 0xf, 0xe0,
    0x3f, 0x80, 0x3f, 0x80, 0x0, 0xfe, 0x3, 0xf8,
    0x7, 0xf0, 0x0, 0xf, 0xe0, 0x3f, 0x80, 0x7f,
    0x0, 0x0, 0xfe, 0x3, 0xf8, 0x7, 0xf0, 0x0,
    0xf, 0xe0, 0x3f, 0x80, 0xfe, 0x0, 0x0, 0xfe,
    0x3, 0xf8, 0xf, 0xe0, 0x0, 0xf, 0xe0, 0x3f,
    0x81, 0xfc, 0x0, 0x0, 0xfe, 0x3, 0xf8, 0x1f,
    0xc0, 0x0, 0xf, 0xe0, 0x3f, 0x81, 0xfc, 0x0,
    0x0, 0xfe, 0x3, 0xf8, 0x3f, 0x80, 0x0, 0xf,
    0xe0, 0x3f, 0x83, 0xf8, 0x0, 0x0, 0xfe, 0x3,
    0xf8, 0x3f, 0x0, 0x0, 0xf, 0xe0, 0x3f, 0x87,
    0xf0, 0x0, 0x0, 0xfe, 0x3, 0xf8, 0x7f, 0x0,
    0x0, 0xf, 0xe0, 0x3f, 0x8f, 0xe0, 0x0, 0x0,
    0xff, 0x7, 0xf8, 0xfe, 0x3, 0xf8, 0x7, 0xf8,
    0xff, 0xf, 0xc1, 0xff, 0xf0, 0x7f, 0xff, 0xf1,
    0xfc, 0x3f, 0xff, 0x87, 0xff, 0xfe, 0x1f, 0xc7,
    0xff, 0xfc, 0x3f, 0xff, 0xe3, 0xf8, 0xff, 0xff,
    0xc1, 0xff, 0xfc, 0x3f, 0x8f, 0xff, 0xfe, 0xf,
    0xff, 0x83, 0xf0, 0xff, 0x1f, 0xe0, 0x1f, 0xc0,
    0x7f, 0x1f, 0xe0, 0xff, 0x0, 0x0, 0x7, 0xf1,
    0xfc, 0x7, 0xf0, 0x0, 0x0, 0xfe, 0x1f, 0xc0,
    0x7f, 0x0, 0x0, 0xf, 0xe1, 0xfc, 0x7, 0xf0,
    0x0, 0x0, 0xfe, 0x1f, 0xc0, 0x7f, 0x0, 0x0,
    0x1f, 0xc1, 0xfc, 0x7, 0xf0, 0x0, 0x1, 0xfc,
    0x1f, 0xc0, 0x7f, 0x0, 0x0, 0x3f, 0x81, 0xfc,
    0x7, 0xf0, 0x0, 0x3, 0xf8, 0x1f, 0xc0, 0x7f,
    0x0, 0x0, 0x3f, 0x81, 0xfc, 0x7, 0xf0, 0x0,
    0x7, 0xf0, 0x1f, 0xc0, 0x7f, 0x0, 0x0, 0x7f,
    0x1, 0xfc, 0x7, 0xf0, 0x0, 0xf, 0xe0, 0x1f,
    0xc0, 0x7f, 0x0, 0x0, 0xfe, 0x1, 0xfc, 0x7,
    0xf0, 0x0, 0xf, 0xe0, 0x1f, 0xc0, 0x7f, 0x0,
    0x1, 0xfc, 0x1, 0xfc, 0x7, 0xf0, 0x0, 0x1f,
    0xc0, 0x1f, 0xc0, 0x7f, 0x0, 0x1, 0xf8, 0x1,
    0xfc, 0x7, 0xf0, 0x0, 0x3f, 0x80, 0x1f, 0xc0,
    0x7f, 0x0, 0x3, 0xf8, 0x1, 0xfc, 0x7, 0xf0,
    0x0, 0x7f, 0x0, 0x1f, 0xc0, 0x7f, 0x0, 0x7,
    0xf0, 0x1, 0xfc, 0x7, 0xf0, 0x0, 0x7e, 0x0,
    0x1f, 0xc0, 0x7f, 0x0, 0xf, 0xe0, 0x1, 0xfc,
    0x7, 0xf0, 0x0, 0xfe, 0x0, 0x1f, 0xc0, 0x7f,
    0x0, 0x1f, 0xc0, 0x1, 0xfe, 0xf, 0xf0, 0x1,
    0xfc, 0x0, 0xf, 0xf1, 0xfe, 0x0, 0x1f, 0x80,
    0x0, 0xff, 0xff, 0xe0, 0x3, 0xf8, 0x0, 0xf,
    0xff, 0xfc, 0x0, 0x3f, 0x80, 0x0, 0x7f, 0xff,
    0xc0, 0x7, 0xf0, 0x0, 0x3, 0xff, 0xf8, 0x0,
    0x7f, 0x0, 0x0, 0x1f, 0xff, 0x0, 0x0, 0x0,
    0x0, 0x0, 0x3f, 0x80,

    /* U+0026 "&" */
    0x0, 0xf, 0xff, 0xf8, 0x0, 0x3, 0xff, 0xff,
    0xc0, 0x0, 0x7f, 0xff, 0xfe, 0x0, 0x7, 0xff,
    0xff, 0xf0, 0x0, 0x7f, 0xff, 0xff, 0x80, 0x7,
    0xff, 0xff, 0xfc, 0x0, 0x7f, 0xff, 0xff, 0xe0,
    0x3, 0xff, 0xff, 0xff, 0x0, 0x3f, 0xff, 0xff,
    0xf8, 0x1, 0xff, 0xff, 0xff, 0xc0, 0xf, 0xff,
    0x80, 0x0, 0x0, 0xff, 0xf0, 0x0, 0x0, 0x7,
    0xff, 0x80, 0x0, 0x0, 0x3f, 0xf8, 0x0, 0x0,
    0x1, 0xff, 0xc0, 0x0, 0x0, 0xf, 0xfe, 0x0,
    0x0, 0x0, 0x7f, 0xf0, 0x0, 0x0, 0x3, 0xff,
    0x80, 0x0, 0x0, 0x1f, 0xfc, 0x0, 0x0, 0x0,
    0xff, 0xe0, 0x0, 0x0, 0x7, 0xff, 0x0, 0x3f,
    0xf8, 0x3f, 0xf8, 0x1, 0xff, 0xc1, 0xff, 0xc0,
    0xf, 0xfe, 0xf, 0xfe, 0x0, 0x7f, 0xf0, 0x3f,
    0xf0, 0x3, 0xff, 0x81, 0xff, 0xc0, 0x1f, 0xfc,
    0xf, 0xff, 0x0, 0xff, 0xe0, 0x3f, 0xfc, 0x7,
    0xff, 0x1, 0xff, 0xff, 0xff, 0xff, 0x87, 0xff,
    0xff, 0xff, 0xfc, 0x1f, 0xff, 0xff, 0xff, 0xe0,
    0x7f, 0xff, 0xff, 0xff, 0x0, 0xff, 0xff, 0xff,
    0xf8, 0x1f, 0xff, 0xff, 0xff, 0xc1, 0xff, 0xff,
    0xff, 0xfe, 0x1f, 0xff, 0xff, 0xff, 0xf1, 0xff,
    0xff, 0xff, 0xff, 0x9f, 0xff, 0xff, 0xff, 0xfc,
    0xff, 0xf8, 0xf, 0xfe, 0xf, 0xff, 0x0, 0x7f,
    0xf0, 0x7f, 0xf0, 0x3, 0xff, 0x83, 0xff, 0x80,
    0x1f, 0xfc, 0x3f, 0xfc, 0x0, 0xff, 0xe1, 0xff,
    0xc0, 0x7, 0xff, 0xf, 0xfe, 0x0, 0x3f, 0xf8,
    0x7f, 0xf0, 0x1, 0xff, 0xc3, 0xff, 0x80, 0xf,
    0xfe, 0x1f, 0xfc, 0x0, 0x7f, 0xf0, 0xff, 0xe0,
    0x3, 0xff, 0x87, 0xff, 0x0, 0x1f, 0xfc, 0x3f,
    0xf8, 0x0, 0xff, 0xe1, 0xff, 0xc0, 0x7, 0xff,
    0xf, 0xfe, 0x0, 0x3f, 0xf8, 0x7f, 0xf0, 0x1,
    0xff, 0xc3, 0xff, 0x80, 0xf, 0xfe, 0x1f, 0xfc,
    0x0, 0x7f, 0xf0, 0xff, 0xe0, 0x3, 0xff, 0x87,
    0xff, 0x0, 0x3f, 0xfc, 0x3f, 0xfc, 0x1, 0xff,
    0xe1, 0xff, 0xe0, 0x1f, 0xff, 0xf, 0xff, 0xc1,
    0xff, 0xf8, 0x3f, 0xff, 0xff, 0xff, 0xc1, 0xff,
    0xff, 0xff, 0xfe, 0xf, 0xff, 0xff, 0xff, 0xf0,
    0x3f, 0xff, 0xff, 0xff, 0x81, 0xff, 0xff, 0xdf,
    0xfc, 0x7, 0xff, 0xfe, 0xff, 0xe0, 0x1f, 0xff,
    0xe7, 0xff, 0x0, 0x7f, 0xfe, 0x3f, 0xfc, 0x1,
    0xff, 0xe0, 0xff, 0xe0, 0x3, 0xfc, 0x0, 0x0,
    0x0,

    /* U+0027 "'" */
    0xff, 0xff, 0xff, 0xff, 0xff, 0xff, 0xfd, 0xff,
    0x9f, 0xf3, 0xfe, 0x7f, 0xcf, 0xf9, 0xff, 0x3f,
    0xe7, 0xf8, 0xff, 0xf, 0xe1, 0xfc, 0x3f, 0x87,
    0xf0, 0xfe, 0x1f, 0xc3, 0xf0, 0x7e, 0x0,

    /* U+0028 "(" */
    0x0, 0x3f, 0xe0, 0x3f, 0xfc, 0x1f, 0xff, 0x87,
    0xff, 0xf1, 0xff, 0xfe, 0x7f, 0xff, 0xcf, 0xff,
    0xfb, 0xff, 0xff, 0x7f, 0xff, 0xef, 0xff, 0x3,
    0xff, 0xc0, 0x7f, 0xf8, 0xf, 0xfe, 0x1, 0xff,
    0xc0, 0x3f, 0xf8, 0x7, 0xff, 0x0, 0xff, 0xe0,
    0x1f, 0xfc, 0x3, 0xff, 0x80, 0x7f, 0xf0, 0xf,
    0xfe, 0x1, 0xff, 0xc0, 0x3f, 0xf8, 0x7, 0xff,
    0x0, 0xff, 0xe0, 0x1f, 0xfc, 0x3, 0xff, 0x80,
    0x7f, 0xf0, 0xf, 0xfe, 0x1, 0xff, 0xc0, 0x3f,
    0xf8, 0x7, 0xff, 0x0, 0xff, 0xe0, 0x1f, 0xfc,
    0x3, 0xff, 0x80, 0x7f, 0xf0, 0xf, 0xfe, 0x1,
    0xff, 0xc0, 0x3f, 0xf8, 0x7, 0xff, 0x0, 0xff,
    0xe0, 0x1f, 0xfc, 0x3, 0xff, 0x80, 0x7f, 0xf0,
    0xf, 0xfe, 0x1, 0xff, 0xc0, 0x3f, 0xf8, 0x7,
    0xff, 0x0, 0xff, 0xe0, 0x1f, 0xfc, 0x3, 0xff,
    0x80, 0x7f, 0xf0, 0xf, 0xfe, 0x1, 0xff, 0xc0,
    0x3f, 0xf8, 0x7, 0xff, 0x0, 0xff, 0xe0, 0x1f,
    0xfc, 0x3, 0xff, 0x80, 0x7f, 0xf0, 0xf, 0xfe,
    0x1, 0xff, 0xc0, 0x3f, 0xf8, 0x7, 0xff, 0x0,
    0xff, 0xe0, 0x1f, 0xfc, 0x3, 0xff, 0x80, 0x7f,
    0xf0, 0xf, 0xff, 0x1, 0xff, 0xe0, 0x1f, 0xff,
    0x3, 0xff, 0xff, 0x7f, 0xff, 0xe7, 0xff, 0xfc,
    0xff, 0xff, 0x8f, 0xff, 0xf0, 0xff, 0xfe, 0xf,
    0xff, 0xc0, 0x7f, 0xf8, 0x1, 0xff,

    /* U+0029 ")" */
    0xff, 0x80, 0x1f, 0xfe, 0x3, 0xff, 0xf0, 0x7f,
    0xff, 0xf, 0xff, 0xf1, 0xff, 0xff, 0x3f, 0xff,
    0xe7, 0xff, 0xfe, 0xff, 0xff, 0xc0, 0xff, 0xf8,
    0x7, 0xff, 0x80, 0xff, 0xf0, 0xf, 0xfe, 0x1,
    0xff, 0xc0, 0x3f, 0xf8, 0x7, 0xff, 0x0, 0xff,
    0xe0, 0x1f, 0xfc, 0x3, 0xff, 0x80, 0x7f, 0xf0,
    0xf, 0xfe, 0x1, 0xff, 0xc0, 0x3f, 0xf8, 0x7,
    0xff, 0x0, 0xff, 0xe0, 0x1f, 0xfc, 0x3, 0xff,
    0x80, 0x7f, 0xf0, 0xf, 0xfe, 0x1, 0xff, 0xc0,
    0x3f, 0xf8, 0x7, 0xff, 0x0, 0xff, 0xe0, 0x1f,
    0xfc, 0x3, 0xff, 0x80, 0x7f, 0xf0, 0xf, 0xfe,
    0x1, 0xff, 0xc0, 0x3f, 0xf8, 0x7, 0xff, 0x0,
    0xff, 0xe0, 0x1f, 0xfc, 0x3, 0xff, 0x80, 0x7f,
    0xf0, 0xf, 0xfe, 0x1, 0xff, 0xc0, 0x3f, 0xf8,
    0x7, 0xff, 0x0, 0xff, 0xe0, 0x1f, 0xfc, 0x3,
    0xff, 0x80, 0x7f, 0xf0, 0xf, 0xfe, 0x1, 0xff,
    0xc0, 0x3f, 0xf8, 0x7, 0xff, 0x0, 0xff, 0xe0,
    0x1f, 0xfc, 0x3, 0xff, 0x80, 0x7f, 0xf0, 0xf,
    0xfe, 0x1, 0xff, 0xc0, 0x3f, 0xf8, 0x7, 0xff,
    0x0, 0xff, 0xe0, 0x1f, 0xfc, 0x3, 0xff, 0x80,
    0x7f, 0xf0, 0x1f, 0xfe, 0x3, 0xff, 0xc0, 0xff,
    0xf7, 0xff, 0xfe, 0xff, 0xff, 0xdf, 0xff, 0xf3,
    0xff, 0xfe, 0x7f, 0xff, 0x8f, 0xff, 0xe1, 0xff,
    0xf8, 0x3f, 0xfc, 0x7, 0xfc, 0x0,

    /* U+002A "*" */
    0x0, 0x0, 0xff, 0x80, 0x0, 0x0, 0x0, 0xff,
    0x0, 0x0, 0x0, 0x0, 0xff, 0x0, 0x0, 0x0,
    0x0, 0xff, 0x0, 0x0, 0x0, 0x0, 0xff, 0x0,
    0x0, 0x0, 0x0, 0xff, 0x0, 0x0, 0x0, 0x0,
    0xff, 0x0, 0x0, 0x0, 0x0, 0x7f, 0x0, 0x0,
    0x0, 0x0, 0x7f, 0x0, 0x0, 0x10, 0x0, 0x7e,
    0x0, 0x8, 0x1c, 0x0, 0x7e, 0x0, 0x38, 0x3f,
    0x80, 0x7e, 0x0, 0xfc, 0x3f, 0xe0, 0x7e, 0x3,
    0xfc, 0x3f, 0xf8, 0x7e, 0x1f, 0xfc, 0x7f, 0xfe,
    0x7e, 0x7f, 0xfe, 0x7f, 0xff, 0xbf, 0xff, 0xfe,
    0x7f, 0xff, 0xff, 0xff, 0xfe, 0xff, 0xff, 0xff,
    0xff, 0xff, 0x7, 0xff, 0xff, 0xff, 0xe0, 0x0,
    0x3f, 0xff, 0xfc, 0x0, 0x0, 0x3, 0xff, 0xc0,
    0x0, 0x0, 0x1, 0xff, 0x80, 0x0, 0x0, 0x3,
    0xff, 0xc0, 0x0, 0x0, 0x7, 0xff, 0xe0, 0x0,
    0x0, 0xf, 0xff, 0xf0, 0x0, 0x0, 0x1f, 0xe7,
    0xf8, 0x0, 0x0, 0x3f, 0xe3, 0xfc, 0x0, 0x0,
    0x7f, 0xc3, 0xfe, 0x0, 0x0, 0xff, 0x81, 0xff,
    0x0, 0x0, 0xff, 0x81, 0xff, 0x80, 0x1, 0xff,
    0x0, 0xff, 0xc0, 0x3, 0xff, 0x0, 0xff, 0xe0,
    0x3, 0xfe, 0x0, 0x7f, 0xc0, 0x1, 0xfe, 0x0,
    0x3f, 0x80, 0x0, 0x7c, 0x0, 0x3f, 0x0, 0x0,
    0x38, 0x0, 0x1c, 0x0, 0x0, 0x18, 0x0, 0x18,
    0x0,

    /* U+002B "+" */
    0x0, 0x7, 0xf8, 0x0, 0x0, 0x0, 0xff, 0x0,
    0x0, 0x0, 0x1f, 0xe0, 0x0, 0x0, 0x3, 0xfc,
    0x0, 0x0, 0x0, 0x7f, 0x80, 0x0, 0x0, 0xf,
    0xf0, 0x0, 0x0, 0x1, 0xfe, 0x0, 0x0, 0x0,
    0x3f, 0xc0, 0x0, 0x0, 0x7, 0xf8, 0x0, 0x0,
    0x0, 0xff, 0x0, 0x0, 0x0, 0x1f, 0xe0, 0x0,
    0x0, 0x3, 0xfc, 0x0, 0x0, 0x0, 0x7f, 0x80,
    0x1, 0xff, 0xff, 0xff, 0xff, 0xff, 0xff, 0xff,
    0xff, 0xff, 0xff, 0xff, 0xff, 0xff, 0xff, 0xff,
    0xff, 0xff, 0xff, 0xff, 0xff, 0xff, 0xff, 0xff,
    0xff, 0xff, 0xff, 0xff, 0xff, 0xff, 0xff, 0xff,
    0xff, 0xff, 0xff, 0xfe, 0x0, 0xf, 0xf0, 0x0,
    0x0, 0x1, 0xfe, 0x0, 0x0, 0x0, 0x3f, 0xc0,
    0x0, 0x0, 0x7, 0xf8, 0x0, 0x0, 0x0, 0xff,
    0x0, 0x0, 0x0, 0x1f, 0xe0, 0x0, 0x0, 0x3,
    0xfc, 0x0, 0x0, 0x0, 0x7f, 0x80, 0x0, 0x0,
    0xf, 0xf0, 0x0, 0x0, 0x1, 0xfe, 0x0, 0x0,
    0x0, 0x3f, 0xc0, 0x0, 0x0, 0x7, 0xf8, 0x0,
    0x0, 0x0, 0xff, 0x0, 0x0, 0x0, 0x1f, 0xe0,
    0x0, 0x0,

    /* U+002C "," */
    0xff, 0xff, 0xff, 0xff, 0xff, 0xff, 0xff, 0xff,
    0xff, 0xff, 0xff, 0xff, 0xff, 0xfc, 0x3f, 0xf,
    0xe1, 0xf8, 0x3f, 0xf, 0xe1, 0xf8, 0x3f, 0xf,
    0xc1, 0xf8, 0x3e, 0xf, 0xc1, 0xf8, 0x0,

    /* U+002D "-" */
    0xff, 0xff, 0xff, 0xff, 0xff, 0xff, 0xff, 0xff,
    0xff, 0xff, 0xff, 0xff, 0xff, 0xff, 0xff, 0xff,
    0xff, 0xff, 0xff, 0xff, 0xff, 0xff, 0xff, 0xff,
    0xff, 0xff, 0xff, 0xf0,

    /* U+002E "." */
    0xff, 0xff, 0xff, 0xff, 0xff, 0xff, 0xff, 0xff,
    0xff, 0xff, 0xff, 0xff, 0xff, 0xfc,

    /* U+002F "/" */
    0x0, 0x0, 0x0, 0x1f, 0xf8, 0x0, 0x0, 0x0,
    0xff, 0x80, 0x0, 0x0, 0x7, 0xfc, 0x0, 0x0,
    0x0, 0x7f, 0xe0, 0x0, 0x0, 0x3, 0xfe, 0x0,
    0x0, 0x0, 0x3f, 0xf0, 0x0, 0x0, 0x1, 0xff,
    0x0, 0x0, 0x0, 0xf, 0xf8, 0x0, 0x0, 0x0,
    0xff, 0xc0, 0x0, 0x0, 0x7, 0xfc, 0x0, 0x0,
    0x0, 0x7f, 0xe0, 0x0, 0x0, 0x3, 0xfe, 0x0,
    0x0, 0x0, 0x1f, 0xf0, 0x0, 0x0, 0x1, 0xff,
    0x80, 0x0, 0x0, 0xf, 0xf8, 0x0, 0x0, 0x0,
    0xff, 0xc0, 0x0, 0x0, 0x7, 0xfe, 0x0, 0x0,
    0x0, 0x3f, 0xe0, 0x0, 0x0, 0x3, 0xff, 0x0,
    0x0, 0x0, 0x1f, 0xf0, 0x0, 0x0, 0x1, 0xff,
    0x80, 0x0, 0x0, 0xf, 0xfc, 0x0, 0x0, 0x0,
    0x7f, 0xc0, 0x0, 0x0, 0x7, 0xfe, 0x0, 0x0,
    0x0, 0x3f, 0xe0, 0x0, 0x0, 0x3, 0xff, 0x0,
    0x0, 0x0, 0x1f, 0xf8, 0x0, 0x0, 0x0, 0xff,
    0x80, 0x0, 0x0, 0xf, 0xfc, 0x0, 0x0, 0x0,
    0x7f, 0xc0, 0x0, 0x0, 0x7, 0xfe, 0x0, 0x0,
    0x0, 0x3f, 0xf0, 0x0, 0x0, 0x1, 0xff, 0x0,
    0x0, 0x0, 0x1f, 0xf8, 0x0, 0x0, 0x0, 0xff,
    0x80, 0x0, 0x0, 0xf, 0xfc, 0x0, 0x0, 0x0,
    0x7f, 0xe0, 0x0, 0x0, 0x3, 0xfe, 0x0, 0x0,
    0x0, 0x3f, 0xf0, 0x0, 0x0, 0x1, 0xff, 0x0,
    0x0, 0x0, 0xf, 0xf8, 0x0, 0x0, 0x0, 0xff,
    0xc0, 0x0, 0x0, 0x7, 0xfc, 0x0, 0x0, 0x0,
    0x7f, 0xe0, 0x0, 0x0, 0x3, 0xfe, 0x0, 0x0,
    0x0, 0x1f, 0xf0, 0x0, 0x0, 0x1, 0xff, 0x80,
    0x0, 0x0, 0xf, 0xf8, 0x0, 0x0, 0x0, 0xff,
    0xc0, 0x0, 0x0, 0x7, 0xfc, 0x0, 0x0, 0x0,
    0x3f, 0xe0, 0x0, 0x0, 0x3, 0xff, 0x0, 0x0,
    0x0, 0x1f, 0xf0, 0x0, 0x0, 0x1, 0xff, 0x80,
    0x0, 0x0, 0xf, 0xfc, 0x0, 0x0, 0x0, 0x7f,
    0xc0, 0x0, 0x0, 0x7, 0xfe, 0x0, 0x0, 0x0,
    0x3f, 0xe0, 0x0, 0x0, 0x3, 0xff, 0x0, 0x0,
    0x0, 0x1f, 0xf8, 0x0, 0x0, 0x0, 0xff, 0x80,
    0x0, 0x0, 0xf, 0xfc, 0x0, 0x0, 0x0, 0x7f,
    0xc0, 0x0, 0x0, 0x7, 0xfe, 0x0, 0x0, 0x0,
    0x3f, 0xf0, 0x0, 0x0, 0x1, 0xff, 0x0, 0x0,
    0x0, 0x1f, 0xf8, 0x0, 0x0, 0x0, 0xff, 0x80,
    0x0, 0x0, 0xf, 0xfc, 0x0, 0x0, 0x0, 0x7f,
    0xe0, 0x0, 0x0, 0x0,

    /* U+0030 "0" */
    0x0, 0xf, 0xf8, 0x0, 0x0, 0x3f, 0xff, 0x80,
    0x0, 0x7f, 0xff, 0xf0, 0x0, 0xff, 0xff, 0xfe,
    0x0, 0xff, 0xff, 0xff, 0x80, 0xff, 0xff, 0xff,
    0xc0, 0x7f, 0xff, 0xff, 0xf0, 0x7f, 0xff, 0xff,
    0xfc, 0x3f, 0xff, 0xff, 0xfe, 0x3f, 0xff, 0xff,
    0xff, 0x9f, 0xff, 0x7, 0xff, 0xcf, 0xff, 0x1,
    0xff, 0xef, 0xff, 0x0, 0x7f, 0xff, 0xff, 0x0,
    0x1f, 0xff, 0xff, 0x80, 0xf, 0xff, 0xff, 0xc0,
    0x7, 0xff, 0xff, 0xe0, 0x3, 0xff, 0xff, 0xf0,
    0x1, 0xff, 0xff, 0xf8, 0x0, 0xff, 0xff, 0xfc,
    0x0, 0x7f, 0xff, 0xfe, 0x0, 0x3f, 0xff, 0xff,
    0x0, 0x1f, 0xff, 0xff, 0x80, 0xf, 0xff, 0xff,
    0xc0, 0x7, 0xff, 0xff, 0xe0, 0x3, 0xff, 0xff,
    0xf0, 0x1, 0xff, 0xff, 0xf8, 0x0, 0xff, 0xff,
    0xfc, 0x0, 0x7f, 0xff, 0xfe, 0x0, 0x3f, 0xff,
    0xff, 0x0, 0x1f, 0xff, 0xff, 0x80, 0xf, 0xff,
    0xff, 0xc0, 0x7, 0xff, 0xff, 0xe0, 0x3, 0xff,
    0xff, 0xf0, 0x1, 0xff, 0xff, 0xf8, 0x0, 0xff,
    0xff, 0xfc, 0x0, 0x7f, 0xff, 0xfe, 0x0, 0x3f,
    0xff, 0xff, 0x0, 0x1f, 0xff, 0xff, 0x80, 0xf,
    0xff, 0xff, 0xc0, 0x7, 0xff, 0xff, 0xe0, 0x3,
    0xff, 0xff, 0xf0, 0x1, 0xff, 0xff, 0xf8, 0x0,
    0xff, 0xff, 0xfc, 0x0, 0x7f, 0xff, 0xfe, 0x0,
    0x3f, 0xff, 0xff, 0x0, 0x1f, 0xff, 0xff, 0x80,
    0xf, 0xff, 0xff, 0xc0, 0x7, 0xff, 0xff, 0xe0,
    0x3, 0xff, 0xff, 0xf0, 0x1, 0xff, 0xff, 0xf8,
    0x0, 0xff, 0xff, 0xfc, 0x0, 0x7f, 0xff, 0xfe,
    0x0, 0x3f, 0xff, 0xff, 0x0, 0x1f, 0xff, 0xff,
    0x80, 0xf, 0xff, 0xff, 0xc0, 0x7, 0xff, 0xff,
    0xe0, 0x3, 0xff, 0xff, 0xf0, 0x1, 0xff, 0xff,
    0xf8, 0x0, 0xff, 0xff, 0xfe, 0x0, 0xff, 0xf7,
    0xff, 0x80, 0xff, 0xf3, 0xff, 0xe0, 0xff, 0xf9,
    0xff, 0xff, 0xff, 0xfc, 0x7f, 0xff, 0xff, 0xfc,
    0x3f, 0xff, 0xff, 0xfe, 0xf, 0xff, 0xff, 0xfe,
    0x7, 0xff, 0xff, 0xfe, 0x1, 0xff, 0xff, 0xff,
    0x0, 0x7f, 0xff, 0xff, 0x0, 0xf, 0xff, 0xfe,
    0x0, 0x1, 0xff, 0xfc, 0x0, 0x0, 0x3f, 0xf0,
    0x0,

    /* U+0031 "1" */
    0x0, 0x1, 0xfe, 0x0, 0x3, 0xfc, 0x0, 0x7,
    0xf8, 0x0, 0x1f, 0xf0, 0x0, 0x7f, 0xe0, 0x0,
    0xff, 0xc0, 0x7, 0xff, 0x80, 0x1f, 0xff, 0x1,
    0xff, 0xff, 0xff, 0xff, 0xff, 0xff, 0xff, 0xff,
    0xff, 0xff, 0xff, 0xff, 0xff, 0xff, 0xff, 0xff,
    0xff, 0xff, 0xff, 0xff, 0xff, 0xff, 0xff, 0xff,
    0xfe, 0x0, 0x1f, 0xfc, 0x0, 0x3f, 0xf8, 0x0,
    0x7f, 0xf0, 0x0, 0xff, 0xe0, 0x1, 0xff, 0xc0,
    0x3, 0xff, 0x80, 0x7, 0xff, 0x0, 0xf, 0xfe,
    0x0, 0x1f, 0xfc, 0x0, 0x3f, 0xf8, 0x0, 0x7f,
    0xf0, 0x0, 0xff, 0xe0, 0x1, 0xff, 0xc0, 0x3,
    0xff, 0x80, 0x7, 0xff, 0x0, 0xf, 0xfe, 0x0,
    0x1f, 0xfc, 0x0, 0x3f, 0xf8, 0x0, 0x7f, 0xf0,
    0x0, 0xff, 0xe0, 0x1, 0xff, 0xc0, 0x3, 0xff,
    0x80, 0x7, 0xff, 0x0, 0xf, 0xfe, 0x0, 0x1f,
    0xfc, 0x0, 0x3f, 0xf8, 0x0, 0x7f, 0xf0, 0x0,
    0xff, 0xe0, 0x1, 0xff, 0xc0, 0x3, 0xff, 0x80,
    0x7, 0xff, 0x0, 0xf, 0xfe, 0x0, 0x1f, 0xfc,
    0x0, 0x3f, 0xf8, 0x0, 0x7f, 0xf0, 0x0, 0xff,
    0xe0, 0x1, 0xff, 0xc0, 0x3, 0xff, 0x80, 0x7,
    0xff, 0x0, 0xf, 0xfe, 0x0, 0x1f, 0xfc, 0x0,
    0x3f, 0xf8, 0x0, 0x7f, 0xf0, 0x0, 0xff, 0xe0,
    0x1, 0xff, 0xc0, 0x3, 0xff, 0x80, 0x7, 0xff,
    0x0, 0xf, 0xfe, 0x0, 0x1f, 0xfc, 0x0, 0x3f,
    0xf8, 0x0, 0x7f, 0xf0, 0x0, 0xff, 0xe0, 0x1,
    0xff, 0xc0,

    /* U+0032 "2" */
    0x0, 0xf, 0xf8, 0x0, 0x0, 0x3f, 0xff, 0x80,
    0x0, 0x7f, 0xff, 0xf0, 0x0, 0xff, 0xff, 0xfe,
    0x0, 0xff, 0xff, 0xff, 0x80, 0xff, 0xff, 0xff,
    0xe0, 0x7f, 0xff, 0xff, 0xf0, 0x7f, 0xff, 0xff,
    0xfc, 0x3f, 0xff, 0xff, 0xfe, 0x3f, 0xff, 0xff,
    0xff, 0x9f, 0xff, 0x7, 0xff, 0xcf, 0xff, 0x1,
    0xff, 0xef, 0xff, 0x0, 0x7f, 0xff, 0xff, 0x0,
    0x3f, 0xff, 0xff, 0x80, 0xf, 0xff, 0xff, 0xc0,
    0x7, 0xff, 0xff, 0xe0, 0x3, 0xff, 0xff, 0xf0,
    0x1, 0xff, 0xff, 0xf8, 0x0, 0xff, 0xff, 0xfc,
    0x0, 0x7f, 0xff, 0xfe, 0x0, 0x3f, 0xff, 0xff,
    0x0, 0x1f, 0xff, 0xff, 0x80, 0x1f, 0xff, 0xff,
    0xc0, 0xf, 0xfe, 0x0, 0x0, 0x7, 0xff, 0x0,
    0x0, 0x3, 0xff, 0x80, 0x0, 0x3, 0xff, 0x80,
    0x0, 0x1, 0xff, 0xc0, 0x0, 0x1, 0xff, 0xe0,
    0x0, 0x0, 0xff, 0xe0, 0x0, 0x0, 0xff, 0xf0,
    0x0, 0x0, 0xff, 0xf0, 0x0, 0x0, 0xff, 0xf8,
    0x0, 0x0, 0x7f, 0xf8, 0x0, 0x0, 0x7f, 0xf8,
    0x0, 0x0, 0x7f, 0xfc, 0x0, 0x0, 0x7f, 0xfc,
    0x0, 0x0, 0x7f, 0xfc, 0x0, 0x0, 0x7f, 0xfc,
    0x0, 0x0, 0x7f, 0xfc, 0x0, 0x0, 0x7f, 0xfe,
    0x0, 0x0, 0x3f, 0xfe, 0x0, 0x0, 0x3f, 0xfe,
    0x0, 0x0, 0x3f, 0xfe, 0x0, 0x0, 0x3f, 0xfe,
    0x0, 0x0, 0x3f, 0xfe, 0x0, 0x0, 0x1f, 0xfe,
    0x0, 0x0, 0x1f, 0xfe, 0x0, 0x0, 0x1f, 0xfe,
    0x0, 0x0, 0xf, 0xff, 0x0, 0x0, 0xf, 0xff,
    0x0, 0x0, 0x7, 0xff, 0x0, 0x0, 0x3, 0xff,
    0x80, 0x0, 0x3, 0xff, 0x80, 0x0, 0x1, 0xff,
    0xc0, 0x0, 0x0, 0xff, 0xe0, 0x0, 0x0, 0x7f,
    0xe0, 0x0, 0x0, 0x7f, 0xf0, 0x0, 0x0, 0x3f,
    0xf8, 0x0, 0x0, 0x1f, 0xfc, 0x0, 0x0, 0xf,
    0xfe, 0x0, 0x0, 0x7, 0xff, 0xff, 0xff, 0xfb,
    0xff, 0xff, 0xff, 0xfd, 0xff, 0xff, 0xff, 0xfe,
    0xff, 0xff, 0xff, 0xff, 0x7f, 0xff, 0xff, 0xff,
    0xbf, 0xff, 0xff, 0xff, 0xdf, 0xff, 0xff, 0xff,
    0xef, 0xff, 0xff, 0xff, 0xf7, 0xff, 0xff, 0xff,
    0xfb, 0xff, 0xff, 0xff, 0xfc,

    /* U+0033 "3" */
    0x0, 0xf, 0xf8, 0x0, 0x0, 0x7f, 0xff, 0xc0,
    0x0, 0x7f, 0xff, 0xf8, 0x0, 0xff, 0xff, 0xfe,
    0x0, 0xff, 0xff, 0xff, 0x80, 0xff, 0xff, 0xff,
    0xe0, 0x7f, 0xff, 0xff, 0xf0, 0x7f, 0xff, 0xff,
    0xfc, 0x3f, 0xff, 0xff, 0xfe, 0x3f, 0xff, 0xff,
    0xff, 0x9f, 0xff, 0x7, 0xff, 0xcf, 0xfe, 0x1,
    0xff, 0xef, 0xff, 0x0, 0x7f, 0xff, 0xff, 0x0,
    0x1f, 0xff, 0xff, 0x80, 0xf, 0xff, 0xff, 0xc0,
    0x7, 0xff, 0xff, 0xe0, 0x3, 0xff, 0xff, 0xf0,
    0x1, 0xff, 0xff, 0xf8, 0x0, 0xff, 0xff, 0xfc,
    0x0, 0x7f, 0xff, 0xfe, 0x0, 0x3f, 0xf8, 0x0,
    0x0, 0x1f, 0xfc, 0x0, 0x0, 0xf, 0xfe, 0x0,
    0x0, 0x7, 0xff, 0x0, 0x0, 0x3, 0xff, 0x80,
    0x0, 0x3, 0xff, 0x80, 0x0, 0x1, 0xff, 0xc0,
    0x0, 0x1, 0xff, 0xe0, 0x0, 0x3, 0xff, 0xe0,
    0x0, 0xff, 0xff, 0xe0, 0x0, 0x7f, 0xff, 0xf0,
    0x0, 0x3f, 0xff, 0xf0, 0x0, 0x1f, 0xff, 0xe0,
    0x0, 0xf, 0xff, 0xc0, 0x0, 0x7, 0xff, 0xf8,
    0x0, 0x3, 0xff, 0xfe, 0x0, 0x1, 0xff, 0xff,
    0x80, 0x0, 0xff, 0xff, 0xe0, 0x0, 0x7f, 0xff,
    0xf8, 0x0, 0x0, 0x7f, 0xfc, 0x0, 0x0, 0xf,
    0xff, 0x0, 0x0, 0x3, 0xff, 0x80, 0x0, 0x1,
    0xff, 0xc0, 0x0, 0x0, 0xff, 0xf0, 0x0, 0x0,
    0x3f, 0xf8, 0x0, 0x0, 0x1f, 0xfc, 0x0, 0x0,
    0xf, 0xfe, 0x0, 0x0, 0x7, 0xff, 0x0, 0x0,
    0x3, 0xff, 0xff, 0xf0, 0x1, 0xff, 0xff, 0xf8,
    0x0, 0xff, 0xff, 0xfc, 0x0, 0x7f, 0xff, 0xfe,
    0x0, 0x3f, 0xff, 0xff, 0x0, 0x1f, 0xff, 0xff,
    0x80, 0xf, 0xff, 0xff, 0xc0, 0x7, 0xff, 0xff,
    0xe0, 0x3, 0xff, 0xff, 0xf0, 0x1, 0xff, 0xff,
    0xf8, 0x1, 0xff, 0xff, 0xfe, 0x0, 0xff, 0xf7,
    0xff, 0x80, 0xff, 0xf3, 0xff, 0xe0, 0xff, 0xf9,
    0xff, 0xff, 0xff, 0xfc, 0x7f, 0xff, 0xff, 0xfc,
    0x3f, 0xff, 0xff, 0xfe, 0xf, 0xff, 0xff, 0xfe,
    0x7, 0xff, 0xff, 0xff, 0x1, 0xff, 0xff, 0xff,
    0x0, 0x7f, 0xff, 0xff, 0x0, 0xf, 0xff, 0xfe,
    0x0, 0x3, 0xff, 0xfe, 0x0, 0x0, 0x1f, 0xf8,
    0x0,

    /* U+0034 "4" */
    0x0, 0x0, 0xf, 0xff, 0x0, 0x0, 0x0, 0xff,
    0xf8, 0x0, 0x0, 0x7, 0xff, 0xc0, 0x0, 0x0,
    0x3f, 0xfe, 0x0, 0x0, 0x3, 0xff, 0xf0, 0x0,
    0x0, 0x1f, 0xff, 0x80, 0x0, 0x1, 0xff, 0xfc,
    0x0, 0x0, 0xf, 0xff, 0xe0, 0x0, 0x0, 0xff,
    0xff, 0x0, 0x0, 0x7, 0xff, 0xf8, 0x0, 0x0,
    0x3f, 0xff, 0xc0, 0x0, 0x3, 0xff, 0xfe, 0x0,
    0x0, 0x1f, 0xff, 0xf0, 0x0, 0x1, 0xff, 0xff,
    0x80, 0x0, 0xf, 0xff, 0xfc, 0x0, 0x0, 0xff,
    0xff, 0xe0, 0x0, 0x7, 0xff, 0xff, 0x0, 0x0,
    0x3f, 0xff, 0xf8, 0x0, 0x3, 0xff, 0xff, 0xc0,
    0x0, 0x1f, 0xff, 0xfe, 0x0, 0x1, 0xff, 0xff,
    0xf0, 0x0, 0xf, 0xfb, 0xff, 0x80, 0x0, 0xff,
    0xdf, 0xfc, 0x0, 0x7, 0xfc, 0xff, 0xe0, 0x0,
    0x3f, 0xe7, 0xff, 0x0, 0x3, 0xff, 0x3f, 0xf8,
    0x0, 0x1f, 0xf1, 0xff, 0xc0, 0x1, 0xff, 0x8f,
    0xfe, 0x0, 0xf, 0xf8, 0x7f, 0xf0, 0x0, 0xff,
    0xc3, 0xff, 0x80, 0x7, 0xfe, 0x1f, 0xfc, 0x0,
    0x3f, 0xe0, 0xff, 0xe0, 0x3, 0xff, 0x7, 0xff,
    0x0, 0x1f, 0xf0, 0x3f, 0xf8, 0x1, 0xff, 0x81,
    0xff, 0xc0, 0xf, 0xfc, 0xf, 0xfe, 0x0, 0xff,
    0xc0, 0x7f, 0xf0, 0x7, 0xfe, 0x3, 0xff, 0x80,
    0x3f, 0xe0, 0x1f, 0xfc, 0x3, 0xff, 0x0, 0xff,
    0xe0, 0x1f, 0xf8, 0x7, 0xff, 0x1, 0xff, 0x80,
    0x3f, 0xf8, 0xf, 0xfc, 0x1, 0xff, 0xc0, 0xff,
    0xc0, 0xf, 0xfe, 0x7, 0xfe, 0x0, 0x7f, 0xf0,
    0x3f, 0xf0, 0x3, 0xff, 0x83, 0xff, 0x0, 0x1f,
    0xfc, 0x1f, 0xff, 0xff, 0xff, 0xff, 0xff, 0xff,
    0xff, 0xff, 0xff, 0xff, 0xff, 0xff, 0xff, 0xff,
    0xff, 0xff, 0xff, 0xff, 0xff, 0xff, 0xff, 0xff,
    0xff, 0xff, 0xff, 0xff, 0xff, 0xff, 0xff, 0xff,
    0xff, 0xff, 0xff, 0xff, 0xff, 0xff, 0xff, 0xff,
    0xff, 0xff, 0xff, 0xff, 0xff, 0xff, 0xff, 0xf8,
    0x0, 0x0, 0x3f, 0xf8, 0x0, 0x0, 0x1, 0xff,
    0xc0, 0x0, 0x0, 0xf, 0xfe, 0x0, 0x0, 0x0,
    0x7f, 0xf0, 0x0, 0x0, 0x3, 0xff, 0x80, 0x0,
    0x0, 0x1f, 0xfc, 0x0, 0x0, 0x0, 0xff, 0xe0,
    0x0, 0x0, 0x7, 0xff, 0x0, 0x0, 0x0, 0x3f,
    0xf8, 0x0, 0x0, 0x1, 0xff, 0xc0, 0x0, 0x0,
    0xf, 0xfe, 0x0, 0x0, 0x0, 0x7f, 0xf0, 0x0,
    0x0, 0x3, 0xff, 0x80,

    /* U+0035 "5" */
    0x3f, 0xff, 0xff, 0xfe, 0x1f, 0xff, 0xff, 0xff,
    0xf, 0xff, 0xff, 0xff, 0x87, 0xff, 0xff, 0xff,
    0xc3, 0xff, 0xff, 0xff, 0xe1, 0xff, 0xff, 0xff,
    0xf0, 0xff, 0xff, 0xff, 0xf8, 0x7f, 0xff, 0xff,
    0xfc, 0x3f, 0xff, 0xff, 0xfe, 0x1f, 0xff, 0xff,
    0xff, 0xf, 0xfc, 0x0, 0x0, 0xf, 0xfe, 0x0,
    0x0, 0x7, 0xff, 0x0, 0x0, 0x3, 0xff, 0x80,
    0x0, 0x1, 0xff, 0xc0, 0x0, 0x0, 0xff, 0xe0,
    0x0, 0x0, 0x7f, 0xf0, 0x0, 0x0, 0x3f, 0xf8,
    0x0, 0x0, 0x1f, 0xfc, 0x0, 0x0, 0xf, 0xfe,
    0x0, 0x0, 0x7, 0xff, 0x0, 0x0, 0x3, 0xff,
    0x80, 0x0, 0x1, 0xff, 0xc0, 0xfe, 0x0, 0xff,
    0xe3, 0xff, 0xc0, 0x7f, 0xf3, 0xff, 0xf8, 0x3f,
    0xfb, 0xff, 0xfe, 0x1f, 0xff, 0xff, 0xff, 0xf,
    0xff, 0xff, 0xff, 0xc7, 0xff, 0xff, 0xff, 0xe3,
    0xff, 0xff, 0xff, 0xfb, 0xff, 0xff, 0xff, 0xfd,
    0xff, 0xff, 0xff, 0xfe, 0xff, 0xfc, 0x1f, 0xff,
    0xff, 0xfc, 0x7, 0xff, 0xff, 0xfc, 0x1, 0xff,
    0xff, 0xfc, 0x0, 0x7f, 0xff, 0xfe, 0x0, 0x3f,
    0xff, 0xff, 0x0, 0x1f, 0xff, 0xff, 0x80, 0xf,
    0xfe, 0x0, 0x0, 0x7, 0xff, 0x0, 0x0, 0x3,
    0xff, 0x80, 0x0, 0x1, 0xff, 0xc0, 0x0, 0x0,
    0xff, 0xe0, 0x0, 0x0, 0x7f, 0xf0, 0x0, 0x0,
    0x3f, 0xf8, 0x0, 0x0, 0x1f, 0xfc, 0x0, 0x0,
    0xf, 0xfe, 0x0, 0x0, 0x7, 0xff, 0xff, 0xe0,
    0x3, 0xff, 0xff, 0xf0, 0x1, 0xff, 0xff, 0xf8,
    0x0, 0xff, 0xff, 0xfc, 0x0, 0x7f, 0xff, 0xfe,
    0x0, 0x3f, 0xff, 0xff, 0x0, 0x1f, 0xff, 0xff,
    0x80, 0xf, 0xff, 0xff, 0xc0, 0x7, 0xff, 0xff,
    0xe0, 0x3, 0xff, 0xff, 0xf0, 0x1, 0xff, 0xff,
    0xfc, 0x1, 0xff, 0xef, 0xff, 0x1, 0xff, 0xe7,
    0xff, 0xc1, 0xff, 0xf3, 0xff, 0xff, 0xff, 0xf8,
    0xff, 0xff, 0xff, 0xf8, 0x7f, 0xff, 0xff, 0xfc,
    0x1f, 0xff, 0xff, 0xfc, 0xf, 0xff, 0xff, 0xfe,
    0x3, 0xff, 0xff, 0xfe, 0x0, 0xff, 0xff, 0xfe,
    0x0, 0x1f, 0xff, 0xfc, 0x0, 0x7, 0xff, 0xf8,
    0x0, 0x0, 0x7f, 0xf0, 0x0,

    /* U+0036 "6" */
    0x0, 0xf, 0xfc, 0x0, 0x0, 0x7f, 0xff, 0xc0,
    0x0, 0x7f, 0xff, 0xf0, 0x0, 0xff, 0xff, 0xfe,
    0x0, 0xff, 0xff, 0xff, 0x80, 0xff, 0xff, 0xff,
    0xe0, 0x7f, 0xff, 0xff, 0xf0, 0x7f, 0xff, 0xff,
    0xfc, 0x3f, 0xff, 0xff, 0xfe, 0x3f, 0xff, 0xff,
    0xff, 0x9f, 0xff, 0x7, 0xff, 0xcf, 0xff, 0x1,
    0xff, 0xef, 0xff, 0x0, 0x7f, 0xff, 0xff, 0x80,
    0x1f, 0xff, 0xff, 0x80, 0xf, 0xff, 0xff, 0xc0,
    0x7, 0xff, 0xff, 0xe0, 0x3, 0xff, 0xff, 0xf0,
    0x1, 0xff, 0xff, 0xf8, 0x0, 0xff, 0xff, 0xfc,
    0x0, 0x0, 0xf, 0xfe, 0x0, 0x0, 0x7, 0xff,
    0x0, 0x0, 0x3, 0xff, 0x80, 0x0, 0x1, 0xff,
    0xc0, 0x0, 0x0, 0xff, 0xe0, 0x0, 0x0, 0x7f,
    0xf0, 0x0, 0x0, 0x3f, 0xf8, 0x1f, 0xe0, 0x1f,
    0xfc, 0x3f, 0xfc, 0xf, 0xfe, 0x3f, 0xff, 0x7,
    0xff, 0x3f, 0xff, 0xc3, 0xff, 0xbf, 0xff, 0xf1,
    0xff, 0xff, 0xff, 0xfc, 0xff, 0xff, 0xff, 0xfe,
    0x7f, 0xff, 0xff, 0xff, 0xbf, 0xff, 0xff, 0xff,
    0xdf, 0xff, 0xff, 0xff, 0xef, 0xff, 0xc1, 0xff,
    0xff, 0xff, 0xc0, 0x7f, 0xff, 0xff, 0xc0, 0x1f,
    0xff, 0xff, 0xc0, 0x7, 0xff, 0xff, 0xe0, 0x3,
    0xff, 0xff, 0xf0, 0x1, 0xff, 0xff, 0xf8, 0x0,
    0xff, 0xff, 0xfc, 0x0, 0x7f, 0xff, 0xfe, 0x0,
    0x3f, 0xff, 0xff, 0x0, 0x1f, 0xff, 0xff, 0x80,
    0xf, 0xff, 0xff, 0xc0, 0x7, 0xff, 0xff, 0xe0,
    0x3, 0xff, 0xff, 0xf0, 0x1, 0xff, 0xff, 0xf8,
    0x0, 0xff, 0xff, 0xfc, 0x0, 0x7f, 0xff, 0xfe,
    0x0, 0x3f, 0xff, 0xff, 0x0, 0x1f, 0xff, 0xff,
    0x80, 0xf, 0xff, 0xff, 0xc0, 0x7, 0xff, 0xff,
    0xe0, 0x3, 0xff, 0xff, 0xf0, 0x1, 0xff, 0xff,
    0xf8, 0x0, 0xff, 0xff, 0xfe, 0x0, 0xff, 0xf7,
    0xff, 0x80, 0xff, 0xf3, 0xff, 0xe0, 0xff, 0xf9,
    0xff, 0xff, 0xff, 0xfc, 0x7f, 0xff, 0xff, 0xfc,
    0x3f, 0xff, 0xff, 0xfe, 0xf, 0xff, 0xff, 0xfe,
    0x7, 0xff, 0xff, 0xfe, 0x1, 0xff, 0xff, 0xff,
    0x0, 0x7f, 0xff, 0xff, 0x0, 0xf, 0xff, 0xfe,
    0x0, 0x1, 0xff, 0xfc, 0x0, 0x0, 0x3f, 0xf8,
    0x0,

    /* U+0037 "7" */
    0xff, 0xff, 0xff, 0xff, 0xff, 0xff, 0xff, 0xff,
    0xff, 0xff, 0xff, 0xff, 0xff, 0xff, 0xff, 0xff,
    0xff, 0xff, 0xff, 0xff, 0xff, 0xff, 0xff, 0xff,
    0xff, 0xff, 0xff, 0xff, 0xff, 0xff, 0xff, 0xff,
    0xff, 0xff, 0xff, 0xff, 0xff, 0xff, 0xff, 0xff,
    0xff, 0xc0, 0x0, 0x0, 0xff, 0xe0, 0x0, 0x0,
    0x7f, 0xe0, 0x0, 0x0, 0x7f, 0xf0, 0x0, 0x0,
    0x3f, 0xf8, 0x0, 0x0, 0x1f, 0xfc, 0x0, 0x0,
    0xf, 0xfc, 0x0, 0x0, 0xf, 0xfe, 0x0, 0x0,
    0x7, 0xff, 0x0, 0x0, 0x3, 0xff, 0x0, 0x0,
    0x3, 0xff, 0x80, 0x0, 0x1, 0xff, 0xc0, 0x0,
    0x0, 0xff, 0xe0, 0x0, 0x0, 0x7f, 0xe0, 0x0,
    0x0, 0x7f, 0xf0, 0x0, 0x0, 0x3f, 0xf8, 0x0,
    0x0, 0x1f, 0xf8, 0x0, 0x0, 0x1f, 0xfc, 0x0,
    0x0, 0xf, 0xfe, 0x0, 0x0, 0x7, 0xff, 0x0,
    0x0, 0x7, 0xff, 0x0, 0x0, 0x3, 0xff, 0x80,
    0x0, 0x1, 0xff, 0xc0, 0x0, 0x0, 0xff, 0xc0,
    0x0, 0x0, 0xff, 0xe0, 0x0, 0x0, 0x7f, 0xf0,
    0x0, 0x0, 0x3f, 0xf8, 0x0, 0x0, 0x3f, 0xf8,
    0x0, 0x0, 0x1f, 0xfc, 0x0, 0x0, 0xf, 0xfe,
    0x0, 0x0, 0x7, 0xfe, 0x0, 0x0, 0x7, 0xff,
    0x0, 0x0, 0x3, 0xff, 0x80, 0x0, 0x1, 0xff,
    0xc0, 0x0, 0x1, 0xff, 0xc0, 0x0, 0x0, 0xff,
    0xe0, 0x0, 0x0, 0x7f, 0xf0, 0x0, 0x0, 0x7f,
    0xf0, 0x0, 0x0, 0x3f, 0xf8, 0x0, 0x0, 0x1f,
    0xfc, 0x0, 0x0, 0xf, 0xfe, 0x0, 0x0, 0xf,
    0xfe, 0x0, 0x0, 0x7, 0xff, 0x0, 0x0, 0x3,
    0xff, 0x80, 0x0, 0x3, 0xff, 0xc0, 0x0, 0x1,
    0xff, 0xc0, 0x0, 0x0, 0xff, 0xe0, 0x0, 0x0,
    0x7f, 0xf0, 0x0, 0x0, 0x7f, 0xf0, 0x0, 0x0,
    0x3f, 0xf8, 0x0, 0x0, 0x1f, 0xfc, 0x0, 0x0,
    0x1f, 0xfe, 0x0, 0x0, 0xf, 0xfe, 0x0, 0x0,
    0x7, 0xff, 0x0, 0x0, 0x7, 0xff, 0x80, 0x0,
    0x3, 0xff, 0x80, 0x0, 0x1, 0xff, 0xc0, 0x0,
    0x0, 0xff, 0xe0, 0x0, 0x0, 0xff, 0xf0, 0x0,
    0x0, 0x7f, 0xf0, 0x0, 0x0, 0x3f, 0xf8, 0x0,
    0x0,

    /* U+0038 "8" */
    0x0, 0xf, 0xfc, 0x0, 0x0, 0x1f, 0xff, 0xe0,
    0x0, 0x1f, 0xff, 0xfe, 0x0, 0x1f, 0xff, 0xff,
    0xe0, 0xf, 0xff, 0xff, 0xfc, 0x7, 0xff, 0xff,
    0xff, 0x81, 0xff, 0xff, 0xff, 0xe0, 0xff, 0xff,
    0xff, 0xfc, 0x3f, 0xff, 0xff, 0xff, 0x1f, 0xff,
    0xff, 0xff, 0xe7, 0xff, 0xc0, 0xff, 0xf9, 0xff,
    0xe0, 0x1f, 0xfe, 0xff, 0xf0, 0x3, 0xff, 0xff,
    0xf8, 0x0, 0xff, 0xff, 0xfe, 0x0, 0x1f, 0xff,
    0xff, 0x80, 0x7, 0xff, 0xff, 0xe0, 0x1, 0xff,
    0xff, 0xf8, 0x0, 0x7f, 0xff, 0xfe, 0x0, 0x1f,
    0xff, 0xff, 0x80, 0x7, 0xff, 0xff, 0xe0, 0x1,
    0xff, 0xff, 0xf8, 0x0, 0x7f, 0xff, 0xfe, 0x0,
    0x1f, 0xff, 0xff, 0x80, 0x7, 0xff, 0xff, 0xe0,
    0x1, 0xff, 0xdf, 0xf8, 0x0, 0x7f, 0xe7, 0xff,
    0x0, 0x3f, 0xf9, 0xff, 0xe0, 0x1f, 0xfe, 0x3f,
    0xfc, 0xf, 0xff, 0xf, 0xff, 0xff, 0xff, 0xc1,
    0xff, 0xff, 0xff, 0xe0, 0x3f, 0xff, 0xff, 0xf0,
    0x7, 0xff, 0xff, 0xf8, 0x0, 0x7f, 0xff, 0xf8,
    0x0, 0x3f, 0xff, 0xff, 0x0, 0x3f, 0xff, 0xff,
    0xe0, 0x1f, 0xff, 0xff, 0xfc, 0x7, 0xff, 0xff,
    0xff, 0x83, 0xff, 0xff, 0xff, 0xf0, 0xff, 0xf0,
    0x3f, 0xfc, 0x7f, 0xf8, 0x7, 0xff, 0x9f, 0xfc,
    0x0, 0xff, 0xe7, 0xff, 0x0, 0x3f, 0xfb, 0xff,
    0x80, 0x7, 0xff, 0xff, 0xe0, 0x1, 0xff, 0xff,
    0xf8, 0x0, 0x7f, 0xff, 0xfe, 0x0, 0x1f, 0xff,
    0xff, 0x80, 0x7, 0xff, 0xff, 0xe0, 0x1, 0xff,
    0xff, 0xf8, 0x0, 0x7f, 0xff, 0xfe, 0x0, 0x1f,
    0xff, 0xff, 0x80, 0x7, 0xff, 0xff, 0xe0, 0x1,
    0xff, 0xff, 0xf8, 0x0, 0x7f, 0xff, 0xfe, 0x0,
    0x1f, 0xff, 0xff, 0x80, 0x7, 0xff, 0xff, 0xe0,
    0x1, 0xff, 0xff, 0xf8, 0x0, 0x7f, 0xff, 0xff,
    0x0, 0x3f, 0xff, 0xff, 0xc0, 0xf, 0xff, 0x7f,
    0xf8, 0x7, 0xff, 0x9f, 0xff, 0x3, 0xff, 0xe7,
    0xff, 0xff, 0xff, 0xf8, 0xff, 0xff, 0xff, 0xfc,
    0x3f, 0xff, 0xff, 0xff, 0x7, 0xff, 0xff, 0xff,
    0x81, 0xff, 0xff, 0xff, 0xe0, 0x3f, 0xff, 0xff,
    0xf0, 0x7, 0xff, 0xff, 0xf0, 0x0, 0x7f, 0xff,
    0xf8, 0x0, 0x7, 0xff, 0xf8, 0x0, 0x0, 0x3f,
    0xf0, 0x0,

    /* U+0039 "9" */
    0x0, 0xf, 0xf8, 0x0, 0x0, 0x3f, 0xff, 0x80,
    0x0, 0x7f, 0xff, 0xf0, 0x0, 0xff, 0xff, 0xfe,
    0x0, 0xff, 0xff, 0xff, 0x80, 0xff, 0xff, 0xff,
    0xc0, 0x7f, 0xff, 0xff, 0xf0, 0x7f, 0xff, 0xff,
    0xfc, 0x3f, 0xff, 0xff, 0xfe, 0x3f, 0xff, 0xff,
    0xff, 0x9f, 0xff, 0x7, 0xff, 0xcf, 0xff, 0x1,
    0xff, 0xef, 0xff, 0x0, 0x7f, 0xff, 0xff, 0x0,
    0x1f, 0xff, 0xff, 0x80, 0xf, 0xff, 0xff, 0xc0,
    0x7, 0xff, 0xff, 0xe0, 0x3, 0xff, 0xff, 0xf0,
    0x1, 0xff, 0xff, 0xf8, 0x0, 0xff, 0xff, 0xfc,
    0x0, 0x7f, 0xff, 0xfe, 0x0, 0x3f, 0xff, 0xff,
    0x0, 0x1f, 0xff, 0xff, 0x80, 0xf, 0xff, 0xff,
    0xc0, 0x7, 0xff, 0xff, 0xe0, 0x3, 0xff, 0xff,
    0xf0, 0x1, 0xff, 0xff, 0xf8, 0x0, 0xff, 0xff,
    0xfc, 0x0, 0x7f, 0xff, 0xfe, 0x0, 0x3f, 0xff,
    0xff, 0x0, 0x1f, 0xff, 0xff, 0x80, 0xf, 0xff,
    0xff, 0xc0, 0x7, 0xff, 0xff, 0xe0, 0x3, 0xff,
    0xff, 0xf8, 0x3, 0xff, 0xff, 0xfe, 0x3, 0xff,
    0xff, 0xff, 0x83, 0xff, 0xf7, 0xff, 0xff, 0xff,
    0xfb, 0xff, 0xff, 0xff, 0xfd, 0xff, 0xff, 0xff,
    0xfe, 0x7f, 0xff, 0xff, 0xff, 0x3f, 0xff, 0xff,
    0xff, 0x8f, 0xff, 0xfd, 0xff, 0xc7, 0xff, 0xfc,
    0xff, 0xe1, 0xff, 0xfc, 0x7f, 0xf0, 0x3f, 0xfc,
    0x3f, 0xf8, 0x7, 0xf8, 0x1f, 0xfc, 0x0, 0x0,
    0xf, 0xfe, 0x0, 0x0, 0x7, 0xff, 0x0, 0x0,
    0x3, 0xff, 0x80, 0x0, 0x1, 0xff, 0xc0, 0x0,
    0x0, 0xff, 0xe0, 0x0, 0x0, 0x7f, 0xf0, 0x0,
    0x0, 0x3f, 0xff, 0xff, 0x0, 0x1f, 0xff, 0xff,
    0x80, 0xf, 0xff, 0xff, 0xc0, 0x7, 0xff, 0xff,
    0xe0, 0x3, 0xff, 0xff, 0xf0, 0x1, 0xff, 0xff,
    0xf8, 0x1, 0xff, 0xff, 0xfe, 0x0, 0xff, 0xe7,
    0xff, 0x80, 0xff, 0xf3, 0xff, 0xe0, 0xff, 0xf9,
    0xff, 0xff, 0xff, 0xfc, 0x7f, 0xff, 0xff, 0xfc,
    0x3f, 0xff, 0xff, 0xfe, 0xf, 0xff, 0xff, 0xfe,
    0x7, 0xff, 0xff, 0xff, 0x1, 0xff, 0xff, 0xff,
    0x0, 0x7f, 0xff, 0xff, 0x0, 0xf, 0xff, 0xfe,
    0x0, 0x3, 0xff, 0xfc, 0x0, 0x0, 0x3f, 0xf0,
    0x0,

    /* U+003A ":" */
    0xff, 0xff, 0xff, 0xff, 0xff, 0xff, 0xff, 0xff,
    0xff, 0xff, 0xff, 0xff, 0xff, 0xfc, 0x0, 0x0,
    0x0, 0x0, 0x0, 0x0, 0x0, 0x0, 0x0, 0x0,
    0x0, 0x0, 0x0, 0x0, 0x0, 0x0, 0x0, 0x0,
    0x0, 0x0, 0x0, 0x0, 0x0, 0x0, 0x0, 0x0,
    0x0, 0x0, 0x0, 0x0, 0x0, 0x0, 0x0, 0x0,
    0x0, 0x0, 0x0, 0x0, 0x3f, 0xff, 0xff, 0xff,
    0xff, 0xff, 0xff, 0xff, 0xff, 0xff, 0xff, 0xff,
    0xff, 0xff,

    /* U+003B ";" */
    0x7f, 0xf7, 0xff, 0x7f, 0xf7, 0xff, 0x7f, 0xf7,
    0xff, 0x7f, 0xf7, 0xff, 0x7f, 0xf7, 0xff, 0x0,
    0x0, 0x0, 0x0, 0x0, 0x0, 0x0, 0x0, 0x0,
    0x0, 0x0, 0x0, 0x0, 0x0, 0x0, 0x0, 0x0,
    0x0, 0x0, 0x0, 0x0, 0x0, 0x0, 0x0, 0x0,
    0x0, 0x0, 0x0, 0x0, 0x0, 0x0, 0x0, 0x0,
    0x0, 0x0, 0x0, 0x0, 0x0, 0x0, 0x0, 0x0,
    0x0, 0x7f, 0xf7, 0xff, 0x7f, 0xf7, 0xff, 0x7f,
    0xf7, 0xff, 0x7f, 0xf7, 0xff, 0x7f, 0xf7, 0xff,
    0x7, 0xe0, 0xfe, 0xf, 0xc1, 0xfc, 0x1f, 0x81,
    0xf8, 0x3f, 0x3, 0xf0, 0x3e, 0x7, 0xe0, 0x7c,
    0x7, 0xc0,

    /* U+003C "<" */
    0x0, 0x0, 0x0, 0x2, 0x0, 0x0, 0x0, 0x3c,
    0x0, 0x0, 0x1, 0xf8, 0x0, 0x0, 0xf, 0xf0,
    0x0, 0x0, 0xff, 0xe0, 0x0, 0x7, 0xff, 0xc0,
    0x0, 0x3f, 0xff, 0x80, 0x3, 0xff, 0xff, 0x0,
    0x1f, 0xff, 0xfc, 0x0, 0xff, 0xff, 0xc0, 0xf,
    0xff, 0xfe, 0x0, 0x7f, 0xff, 0xe0, 0x3, 0xff,
    0xff, 0x0, 0x1f, 0xff, 0xf8, 0x0, 0x3f, 0xff,
    0x80, 0x0, 0x7f, 0xfc, 0x0, 0x0, 0xff, 0xe0,
    0x0, 0x1, 0xff, 0xc0, 0x0, 0x3, 0xff, 0xe0,
    0x0, 0x7, 0xff, 0xf0, 0x0, 0xf, 0xff, 0xfc,
    0x0, 0x7, 0xff, 0xfe, 0x0, 0x3, 0xff, 0xff,
    0x0, 0x1, 0xff, 0xff, 0xc0, 0x0, 0x7f, 0xff,
    0xe0, 0x0, 0x3f, 0xff, 0xf8, 0x0, 0x1f, 0xff,
    0xf8, 0x0, 0x7, 0xff, 0xf0, 0x0, 0x3, 0xff,
    0xe0, 0x0, 0x1, 0xff, 0xc0, 0x0, 0x0, 0x7f,
    0x80, 0x0, 0x0, 0x3f, 0x0, 0x0, 0x0, 0x1e,
    0x0, 0x0, 0x0, 0x4,

    /* U+003D "=" */
    0xff, 0xff, 0xff, 0xff, 0xff, 0xff, 0xff, 0xff,
    0xff, 0xff, 0xff, 0xff, 0xff, 0xff, 0xff, 0xff,
    0xff, 0xff, 0xff, 0xff, 0xff, 0xff, 0xff, 0xff,
    0xff, 0xff, 0xff, 0xff, 0xff, 0xff, 0xff, 0xff,
    0xff, 0x0, 0x0, 0x0, 0x0, 0x0, 0x0, 0x0,
    0x0, 0x0, 0x0, 0x0, 0x0, 0x0, 0x0, 0x0,
    0x0, 0x0, 0x0, 0x0, 0x0, 0x0, 0x0, 0x0,
    0x0, 0x0, 0x0, 0x0, 0x0, 0x0, 0x0, 0x0,
    0x0, 0x0, 0xff, 0xff, 0xff, 0xff, 0xff, 0xff,
    0xff, 0xff, 0xff, 0xff, 0xff, 0xff, 0xff, 0xff,
    0xff, 0xff, 0xff, 0xff, 0xff, 0xff, 0xff, 0xff,
    0xff, 0xff, 0xff, 0xff, 0xff, 0xff, 0xff, 0xff,
    0xff, 0xff, 0xff,

    /* U+003E ">" */
    0x80, 0x0, 0x0, 0x1, 0xc0, 0x0, 0x0, 0x3,
    0xf0, 0x0, 0x0, 0x7, 0xf8, 0x0, 0x0, 0xf,
    0xfc, 0x0, 0x0, 0x1f, 0xff, 0x0, 0x0, 0x3f,
    0xff, 0x80, 0x0, 0x7f, 0xff, 0xc0, 0x0, 0x7f,
    0xff, 0xe0, 0x0, 0x3f, 0xff, 0xf8, 0x0, 0xf,
    0xff, 0xfc, 0x0, 0x7, 0xff, 0xfe, 0x0, 0x3,
    0xff, 0xff, 0x80, 0x0, 0xff, 0xff, 0xc0, 0x0,
    0x7f, 0xff, 0x80, 0x0, 0x3f, 0xff, 0x0, 0x0,
    0xf, 0xfe, 0x0, 0x0, 0x1f, 0xfc, 0x0, 0x1,
    0xff, 0xf8, 0x0, 0xf, 0xff, 0xf0, 0x0, 0x7f,
    0xff, 0xe0, 0x7, 0xff, 0xff, 0x0, 0x3f, 0xff,
    0xf0, 0x1, 0xff, 0xff, 0x80, 0x1f, 0xff, 0xfc,
    0x0, 0xff, 0xff, 0xc0, 0x3, 0xff, 0xfe, 0x0,
    0x7, 0xff, 0xf0, 0x0, 0xf, 0xff, 0x80, 0x0,
    0x1f, 0xf8, 0x0, 0x0, 0x3f, 0xc0, 0x0, 0x0,
    0x7e, 0x0, 0x0, 0x0, 0xe0, 0x0, 0x0, 0x1,
    0x0, 0x0, 0x0, 0x0,

    /* U+003F "?" */
    0x0, 0x1f, 0xf8, 0x0, 0x0, 0xff, 0xff, 0x0,
    0x3, 0xff, 0xff, 0x80, 0x7, 0xff, 0xff, 0xe0,
    0xf, 0xff, 0xff, 0xf0, 0x1f, 0xff, 0xff, 0xf8,
    0x1f, 0xff, 0xff, 0xf8, 0x3f, 0xff, 0xff, 0xfc,
    0x3f, 0xff, 0xff, 0xfc, 0x7f, 0xff, 0xff, 0xfe,
    0x7f, 0xfc, 0x3f, 0xfe, 0x7f, 0xf0, 0xf, 0xfe,
    0xff, 0xf0, 0xf, 0xff, 0xff, 0xe0, 0x7, 0xff,
    0xff, 0xe0, 0x7, 0xff, 0xff, 0xe0, 0x7, 0xff,
    0xff, 0xe0, 0x7, 0xff, 0xff, 0xe0, 0x7, 0xff,
    0xff, 0xe0, 0x7, 0xff, 0xff, 0xe0, 0x7, 0xff,
    0xff, 0xe0, 0x7, 0xff, 0xff, 0xe0, 0x7, 0xff,
    0xff, 0xe0, 0xf, 0xff, 0xff, 0xe0, 0xf, 0xfe,
    0xff, 0xe0, 0xf, 0xfe, 0x0, 0x0, 0xf, 0xfe,
    0x0, 0x0, 0x1f, 0xfe, 0x0, 0x0, 0x1f, 0xfc,
    0x0, 0x0, 0x3f, 0xfc, 0x0, 0x0, 0x3f, 0xf8,
    0x0, 0x0, 0x7f, 0xf8, 0x0, 0x0, 0x7f, 0xf0,
    0x0, 0x0, 0xff, 0xf0, 0x0, 0x1, 0xff, 0xe0,
    0x0, 0x1, 0xff, 0xc0, 0x0, 0x3, 0xff, 0xc0,
    0x0, 0x7, 0xff, 0x80, 0x0, 0x7, 0xff, 0x0,
    0x0, 0xf, 0xff, 0x0, 0x0, 0xf, 0xfe, 0x0,
    0x0, 0x1f, 0xfe, 0x0, 0x0, 0x1f, 0xfc, 0x0,
    0x0, 0x1f, 0xfc, 0x0, 0x0, 0x1f, 0xf8, 0x0,
    0x0, 0x3f, 0xf8, 0x0, 0x0, 0x3f, 0xf8, 0x0,
    0x0, 0x3f, 0xf0, 0x0, 0x0, 0x3f, 0xf0, 0x0,
    0x0, 0x3f, 0xf0, 0x0, 0x0, 0x3f, 0xf0, 0x0,
    0x0, 0x3f, 0xf0, 0x0, 0x0, 0x3f, 0xf0, 0x0,
    0x0, 0x3f, 0xf0, 0x0, 0x0, 0x0, 0x0, 0x0,
    0x0, 0x0, 0x0, 0x0, 0x0, 0x0, 0x0, 0x0,
    0x0, 0x0, 0x0, 0x0, 0x0, 0x0, 0x0, 0x0,
    0x0, 0x0, 0x0, 0x0, 0x0, 0x0, 0x0, 0x0,
    0x0, 0x0, 0x0, 0x0, 0x0, 0x7f, 0xf0, 0x0,
    0x0, 0x7f, 0xf0, 0x0, 0x0, 0x7f, 0xf0, 0x0,
    0x0, 0x7f, 0xf0, 0x0, 0x0, 0x7f, 0xf0, 0x0,
    0x0, 0x7f, 0xf0, 0x0, 0x0, 0x7f, 0xf0, 0x0,
    0x0, 0x7f, 0xf0, 0x0, 0x0, 0x7f, 0xf0, 0x0,
    0x0, 0x7f, 0xf0, 0x0,

    /* U+0040 "@" */
    0x0, 0x0, 0x0, 0x1, 0xff, 0xf0, 0x0, 0x0,
    0x0, 0x0, 0x0, 0x1f, 0xff, 0xff, 0x80, 0x0,
    0x0, 0x0, 0x0, 0x7f, 0xff, 0xff, 0xf8, 0x0,
    0x0, 0x0, 0x0, 0xff, 0xff, 0xff, 0xff, 0x0,
    0x0, 0x0, 0x1, 0xff, 0xff, 0xff, 0xff, 0xe0,
    0x0, 0x0, 0x3, 0xff, 0xff, 0xff, 0xff, 0xf8,
    0x0, 0x0, 0x3, 0xff, 0xff, 0xff, 0xff, 0xfe,
    0x0, 0x0, 0x3, 0xff, 0xff, 0xff, 0xff, 0xff,
    0x80, 0x0, 0x3, 0xff, 0xfe, 0x0, 0x3f, 0xff,
    0xe0, 0x0, 0x7, 0xff, 0xf0, 0x0, 0x1, 0xff,
    0xf8, 0x0, 0x7, 0xff, 0xe0, 0x0, 0x0, 0x3f,
    0xfc, 0x0, 0x3, 0xff, 0xc0, 0x0, 0x0, 0xf,
    0xff, 0x0, 0x3, 0xff, 0x80, 0x0, 0x0, 0x1,
    0xff, 0x80, 0x3, 0xff, 0x80, 0x0, 0x0, 0x0,
    0x7f, 0xe0, 0x3, 0xff, 0x80, 0x0, 0x0, 0x0,
    0x1f, 0xf0, 0x1, 0xff, 0x80, 0x0, 0x0, 0x0,
    0xf, 0xfc, 0x1, 0xff, 0x80, 0x0, 0x0, 0x0,
    0x3, 0xfe, 0x1, 0xff, 0x80, 0x0, 0x0, 0x0,
    0x1, 0xff, 0x0, 0xff, 0xc0, 0x0, 0x0, 0x0,
    0x0, 0x7f, 0xc0, 0xff, 0xc0, 0x0, 0x0, 0x0,
    0x0, 0x3f, 0xe0, 0x7f, 0xc0, 0x1, 0xfc, 0xf,
    0xfc, 0xf, 0xf0, 0x7f, 0xe0, 0x3, 0xff, 0x87,
    0xfe, 0x7, 0xf8, 0x3f, 0xe0, 0x7, 0xff, 0xe3,
    0xff, 0x3, 0xfc, 0x1f, 0xf0, 0x7, 0xff, 0xf9,
    0xff, 0x1, 0xff, 0x1f, 0xf0, 0x3, 0xff, 0xfc,
    0xff, 0x80, 0x7f, 0x8f, 0xf8, 0x3, 0xff, 0xff,
    0xff, 0xc0, 0x3f, 0xc7, 0xfc, 0x3, 0xff, 0xff,
    0xff, 0xe0, 0x1f, 0xe7, 0xfc, 0x1, 0xff, 0xff,
    0xff, 0xf0, 0xf, 0xf3, 0xfe, 0x0, 0xff, 0xff,
    0xff, 0xf8, 0x7, 0xf9, 0xff, 0x0, 0xff, 0xff,
    0xff, 0xfc, 0x3, 0xfd, 0xff, 0x80, 0x7f, 0xf8,
    0x3f, 0xfe, 0x1, 0xfe, 0xff, 0x80, 0x3f, 0xf8,
    0x7, 0xff, 0x0, 0xff, 0x7f, 0xc0, 0x1f, 0xf8,
    0x3, 0xff, 0x0, 0x7f, 0xbf, 0xe0, 0x1f, 0xfc,
    0x1, 0xff, 0x80, 0x3f, 0xdf, 0xf0, 0xf, 0xfc,
    0x0, 0xff, 0xc0, 0x1f, 0xef, 0xf8, 0x7, 0xfe,
    0x0, 0x7f, 0xe0, 0xf, 0xff, 0xfc, 0x3, 0xff,
    0x0, 0x3f, 0xf0, 0x7, 0xff, 0xfc, 0x1, 0xff,
    0x80, 0x1f, 0xf8, 0x7, 0xff, 0xfe, 0x0, 0xff,
    0xc0, 0xf, 0xfc, 0x3, 0xfd, 0xff, 0x0, 0x7f,
    0xe0, 0x7, 0xfe, 0x1, 0xfe, 0xff, 0x80, 0x3f,
    0xe0, 0x3, 0xff, 0x0, 0xff, 0x7f, 0xc0, 0x1f,
    0xf0, 0x1, 0xff, 0x0, 0x7f, 0xbf, 0xe0, 0x1f,
    0xf8, 0x1, 0xff, 0x80, 0x3f, 0xdf, 0xf0, 0xf,
    0xfc, 0x0, 0xff, 0xc0, 0x3f, 0xcf, 0xf8, 0x7,
    0xfe, 0x0, 0x7f, 0xe0, 0x1f, 0xe7, 0xfc, 0x3,
    0xff, 0x0, 0x3f, 0xf0, 0xf, 0xf3, 0xfe, 0x1,
    0xff, 0x80, 0x1f, 0xf8, 0xf, 0xf1, 0xff, 0x0,
    0xff, 0xc0, 0x1f, 0xfc, 0x7, 0xf8, 0xff, 0x80,
    0x7f, 0xf0, 0xf, 0xfe, 0x7, 0xfc, 0x7f, 0xc0,
    0x3f, 0xfc, 0x1f, 0xff, 0x3, 0xfc, 0x3f, 0xe0,
    0x1f, 0xff, 0xff, 0xff, 0x83, 0xfe, 0x1f, 0xf0,
    0xf, 0xff, 0xff, 0xff, 0xc3, 0xfe, 0xf, 0xfc,
    0x7, 0xff, 0xff, 0xff, 0xff, 0xfe, 0x3, 0xfe,
    0x1, 0xff, 0xff, 0xff, 0xff, 0xff, 0x1, 0xff,
    0x0, 0xff, 0xff, 0xdf, 0xff, 0xff, 0x0, 0xff,
    0x80, 0x3f, 0xff, 0xef, 0xff, 0xff, 0x0, 0x7f,
    0xc0, 0x1f, 0xff, 0xe7, 0xff, 0xff, 0x0, 0x3f,
    0xf0, 0x7, 0xff, 0xe3, 0xff, 0xff, 0x0, 0xf,
    0xf8, 0x1, 0xff, 0xe0, 0xff, 0xfe, 0x0, 0x7,
    0xfe, 0x0, 0x3f, 0x80, 0x3f, 0xfe, 0x0, 0x3,
    0xff, 0x0, 0x0, 0x0, 0x7, 0xf8, 0x0, 0x0,
    0xff, 0x80, 0x0, 0x0, 0x0, 0x0, 0x0, 0x0,
    0x7f, 0xe0, 0x0, 0x0, 0x0, 0x0, 0x0, 0x0,
    0x3f, 0xf8, 0x0, 0x0, 0x0, 0x0, 0x0, 0x0,
    0xf, 0xfc, 0x0, 0x0, 0x0, 0x0, 0x0, 0x0,
    0x7, 0xff, 0x0, 0x0, 0x0, 0x0, 0x2, 0x0,
    0x1, 0xff, 0xc0, 0x0, 0x0, 0x0, 0x3, 0x0,
    0x0, 0x7f, 0xf0, 0x0, 0x0, 0x0, 0x7, 0x80,
    0x0, 0x3f, 0xfe, 0x0, 0x0, 0x0, 0x7, 0xc0,
    0x0, 0xf, 0xff, 0xc0, 0x0, 0x0, 0xf, 0xe0,
    0x0, 0x3, 0xff, 0xf8, 0x0, 0x0, 0x3f, 0xe0,
    0x0, 0x0, 0xff, 0xff, 0xc0, 0x3, 0xff, 0xf0,
    0x0, 0x0, 0x3f, 0xff, 0xff, 0xff, 0xff, 0xf8,
    0x0, 0x0, 0xf, 0xff, 0xff, 0xff, 0xff, 0xfc,
    0x0, 0x0, 0x3, 0xff, 0xff, 0xff, 0xff, 0xfe,
    0x0, 0x0, 0x0, 0x7f, 0xff, 0xff, 0xff, 0xfc,
    0x0, 0x0, 0x0, 0x1f, 0xff, 0xff, 0xff, 0xfc,
    0x0, 0x0, 0x0, 0x1, 0xff, 0xff, 0xff, 0xf0,
    0x0, 0x0, 0x0, 0x0, 0x3f, 0xff, 0xff, 0xe0,
    0x0, 0x0, 0x0, 0x0, 0x0, 0xff, 0xfe, 0x0,
    0x0, 0x0,

    /* U+0041 "A" */
    0x0, 0x1f, 0xff, 0xe0, 0x0, 0x0, 0x7f, 0xff,
    0x80, 0x0, 0x1, 0xff, 0xfe, 0x0, 0x0, 0x7,
    0xff, 0xf8, 0x0, 0x0, 0x1f, 0xff, 0xe0, 0x0,
    0x0, 0x7f, 0xff, 0x80, 0x0, 0x1, 0xff, 0xff,
    0x0, 0x0, 0xf, 0xff, 0xfc, 0x0, 0x0, 0x3f,
    0xff, 0xf0, 0x0, 0x0, 0xff, 0xff, 0xc0, 0x0,
    0x3, 0xff, 0xff, 0x0, 0x0, 0xf, 0xff, 0xfc,
    0x0, 0x0, 0x3f, 0xdf, 0xf8, 0x0, 0x1, 0xff,
    0x7f, 0xe0, 0x0, 0x7, 0xfd, 0xff, 0x80, 0x0,
    0x1f, 0xf7, 0xfe, 0x0, 0x0, 0x7f, 0xdf, 0xf8,
    0x0, 0x1, 0xff, 0x7f, 0xe0, 0x0, 0x7, 0xfc,
    0xff, 0xc0, 0x0, 0x3f, 0xf3, 0xff, 0x0, 0x0,
    0xff, 0x8f, 0xfc, 0x0, 0x3, 0xfe, 0x3f, 0xf0,
    0x0, 0xf, 0xf8, 0xff, 0xc0, 0x0, 0x3f, 0xe3,
    0xff, 0x0, 0x0, 0xff, 0x8f, 0xfc, 0x0, 0x7,
    0xfe, 0x1f, 0xf8, 0x0, 0x1f, 0xf8, 0x7f, 0xe0,
    0x0, 0x7f, 0xc1, 0xff, 0x80, 0x1, 0xff, 0x7,
    0xfe, 0x0, 0x7, 0xfc, 0x1f, 0xf8, 0x0, 0x1f,
    0xf0, 0x7f, 0xe0, 0x0, 0xff, 0xc1, 0xff, 0xc0,
    0x3, 0xff, 0x3, 0xff, 0x0, 0xf, 0xfc, 0xf,
    0xfc, 0x0, 0x3f, 0xe0, 0x3f, 0xf0, 0x0, 0xff,
    0x80, 0xff, 0xc0, 0x3, 0xfe, 0x3, 0xff, 0x0,
    0x1f, 0xf8, 0xf, 0xfe, 0x0, 0x7f, 0xe0, 0x3f,
    0xf8, 0x1, 0xff, 0x80, 0x7f, 0xe0, 0x7, 0xfe,
    0x1, 0xff, 0x80, 0x1f, 0xf0, 0x7, 0xfe, 0x0,
    0x7f, 0xc0, 0x1f, 0xf8, 0x3, 0xff, 0x0, 0x7f,
    0xf0, 0xf, 0xfc, 0x1, 0xff, 0xc0, 0x3f, 0xf0,
    0x7, 0xff, 0x0, 0xff, 0xc0, 0xf, 0xfc, 0x3,
    0xff, 0xff, 0xff, 0xf0, 0xf, 0xff, 0xff, 0xff,
    0xc0, 0x3f, 0xff, 0xff, 0xff, 0x81, 0xff, 0xff,
    0xff, 0xfe, 0x7, 0xff, 0xff, 0xff, 0xf8, 0x1f,
    0xff, 0xff, 0xff, 0xe0, 0x7f, 0xff, 0xff, 0xff,
    0x81, 0xff, 0xff, 0xff, 0xfe, 0x7, 0xff, 0xff,
    0xff, 0xfc, 0x3f, 0xff, 0xff, 0xff, 0xf0, 0xff,
    0xc0, 0x1, 0xff, 0xc3, 0xff, 0x0, 0x7, 0xff,
    0xf, 0xfc, 0x0, 0x1f, 0xfc, 0x3f, 0xf0, 0x0,
    0x7f, 0xf0, 0xff, 0xc0, 0x0, 0xff, 0xe7, 0xff,
    0x0, 0x3, 0xff, 0x9f, 0xf8, 0x0, 0xf, 0xfe,
    0x7f, 0xe0, 0x0, 0x3f, 0xf9, 0xff, 0x80, 0x0,
    0xff, 0xe7, 0xfe, 0x0, 0x3, 0xff, 0x9f, 0xf8,
    0x0, 0x7, 0xff, 0xff, 0xe0, 0x0, 0x1f, 0xff,
    0xff, 0x0, 0x0, 0x7f, 0xf0,

    /* U+0042 "B" */
    0xff, 0xff, 0xfc, 0x0, 0x3f, 0xff, 0xff, 0xf0,
    0xf, 0xff, 0xff, 0xfe, 0x3, 0xff, 0xff, 0xff,
    0xe0, 0xff, 0xff, 0xff, 0xfc, 0x3f, 0xff, 0xff,
    0xff, 0xf, 0xff, 0xff, 0xff, 0xe3, 0xff, 0xff,
    0xff, 0xfc, 0xff, 0xff, 0xff, 0xff, 0x3f, 0xff,
    0xff, 0xff, 0xcf, 0xfe, 0x1, 0xff, 0xf3, 0xff,
    0x80, 0x3f, 0xfe, 0xff, 0xe0, 0x7, 0xff, 0xbf,
    0xf8, 0x0, 0xff, 0xef, 0xfe, 0x0, 0x3f, 0xfb,
    0xff, 0x80, 0xf, 0xfe, 0xff, 0xe0, 0x3, 0xff,
    0xbf, 0xf8, 0x0, 0xff, 0xef, 0xfe, 0x0, 0x3f,
    0xfb, 0xff, 0x80, 0xf, 0xfe, 0xff, 0xe0, 0x3,
    0xff, 0xbf, 0xf8, 0x0, 0xff, 0xef, 0xfe, 0x0,
    0x3f, 0xfb, 0xff, 0x80, 0xf, 0xfe, 0xff, 0xe0,
    0x7, 0xff, 0x3f, 0xf8, 0x1, 0xff, 0xcf, 0xfe,
    0x0, 0xff, 0xf3, 0xff, 0x80, 0xff, 0xf8, 0xff,
    0xff, 0xff, 0xfe, 0x3f, 0xff, 0xff, 0xff, 0xf,
    0xff, 0xff, 0xff, 0x83, 0xff, 0xff, 0xff, 0x80,
    0xff, 0xff, 0xff, 0xc0, 0x3f, 0xff, 0xff, 0xfc,
    0xf, 0xff, 0xff, 0xff, 0xc3, 0xff, 0xff, 0xff,
    0xf8, 0xff, 0xff, 0xff, 0xfe, 0x3f, 0xff, 0xff,
    0xff, 0xcf, 0xfe, 0x1, 0xff, 0xf3, 0xff, 0x80,
    0x1f, 0xfe, 0xff, 0xe0, 0x3, 0xff, 0xbf, 0xf8,
    0x0, 0xff, 0xef, 0xfe, 0x0, 0x1f, 0xff, 0xff,
    0x80, 0x7, 0xff, 0xff, 0xe0, 0x1, 0xff, 0xff,
    0xf8, 0x0, 0x7f, 0xff, 0xfe, 0x0, 0x1f, 0xff,
    0xff, 0x80, 0x7, 0xff, 0xff, 0xe0, 0x1, 0xff,
    0xff, 0xf8, 0x0, 0x7f, 0xff, 0xfe, 0x0, 0x1f,
    0xff, 0xff, 0x80, 0x7, 0xff, 0xff, 0xe0, 0x1,
    0xff, 0xff, 0xf8, 0x0, 0x7f, 0xff, 0xfe, 0x0,
    0x1f, 0xff, 0xff, 0x80, 0x7, 0xff, 0xff, 0xe0,
    0x1, 0xff, 0xff, 0xf8, 0x0, 0xff, 0xff, 0xfe,
    0x0, 0x3f, 0xfb, 0xff, 0x80, 0x3f, 0xfe, 0xff,
    0xff, 0xff, 0xff, 0xbf, 0xff, 0xff, 0xff, 0xef,
    0xff, 0xff, 0xff, 0xf3, 0xff, 0xff, 0xff, 0xf8,
    0xff, 0xff, 0xff, 0xfe, 0x3f, 0xff, 0xff, 0xff,
    0xf, 0xff, 0xff, 0xff, 0x83, 0xff, 0xff, 0xff,
    0xc0, 0xff, 0xff, 0xff, 0xc0, 0x3f, 0xff, 0xff,
    0x0, 0x0,

    /* U+0043 "C" */
    0x0, 0xf, 0xf8, 0x0, 0x0, 0x7f, 0xff, 0x80,
    0x0, 0x7f, 0xff, 0xf0, 0x0, 0xff, 0xff, 0xfe,
    0x0, 0xff, 0xff, 0xff, 0x80, 0xff, 0xff, 0xff,
    0xe0, 0x7f, 0xff, 0xff, 0xf0, 0x7f, 0xff, 0xff,
    0xfc, 0x3f, 0xff, 0xff, 0xfe, 0x3f, 0xff, 0xff,
    0xff, 0x9f, 0xff, 0x7, 0xff, 0xcf, 0xff, 0x1,
    0xff, 0xef, 0xff, 0x0, 0x7f, 0xff, 0xff, 0x0,
    0x1f, 0xff, 0xff, 0x80, 0xf, 0xff, 0xff, 0xc0,
    0x7, 0xff, 0xff, 0xe0, 0x3, 0xff, 0xff, 0xf0,
    0x1, 0xff, 0xff, 0xf8, 0x0, 0xff, 0xff, 0xfc,
    0x0, 0x7f, 0xff, 0xfe, 0x0, 0x3f, 0xff, 0xff,
    0x0, 0x1f, 0xff, 0xff, 0x80, 0xf, 0xff, 0xff,
    0xc0, 0x7, 0xff, 0xff, 0xe0, 0x3, 0xff, 0xff,
    0xf0, 0x0, 0x0, 0x3f, 0xf8, 0x0, 0x0, 0x1f,
    0xfc, 0x0, 0x0, 0xf, 0xfe, 0x0, 0x0, 0x7,
    0xff, 0x0, 0x0, 0x3, 0xff, 0x80, 0x0, 0x1,
    0xff, 0xc0, 0x0, 0x0, 0xff, 0xe0, 0x0, 0x0,
    0x7f, 0xf0, 0x0, 0x0, 0x3f, 0xf8, 0x0, 0x0,
    0x1f, 0xfc, 0x0, 0x0, 0xf, 0xfe, 0x0, 0x0,
    0x7, 0xff, 0x0, 0x0, 0x3, 0xff, 0x80, 0x0,
    0x1, 0xff, 0xc0, 0x0, 0x0, 0xff, 0xe0, 0x0,
    0x0, 0x7f, 0xf0, 0x0, 0x0, 0x3f, 0xf8, 0x0,
    0x0, 0x1f, 0xfc, 0x0, 0x0, 0xf, 0xfe, 0x0,
    0x0, 0x7, 0xff, 0x0, 0x1f, 0xff, 0xff, 0x80,
    0xf, 0xff, 0xff, 0xc0, 0x7, 0xff, 0xff, 0xe0,
    0x3, 0xff, 0xff, 0xf0, 0x1, 0xff, 0xff, 0xf8,
    0x0, 0xff, 0xff, 0xfc, 0x0, 0x7f, 0xff, 0xfe,
    0x0, 0x3f, 0xff, 0xff, 0x0, 0x1f, 0xff, 0xff,
    0x80, 0xf, 0xff, 0xff, 0xc0, 0x7, 0xff, 0xff,
    0xe0, 0x3, 0xff, 0xff, 0xf0, 0x1, 0xff, 0xff,
    0xf8, 0x0, 0xff, 0xff, 0xfe, 0x0, 0xff, 0xf7,
    0xff, 0x0, 0x7f, 0xf3, 0xff, 0xe0, 0xff, 0xf9,
    0xff, 0xff, 0xff, 0xfc, 0x7f, 0xff, 0xff, 0xfc,
    0x3f, 0xff, 0xff, 0xfe, 0xf, 0xff, 0xff, 0xfe,
    0x7, 0xff, 0xff, 0xff, 0x1, 0xff, 0xff, 0xff,
    0x0, 0x7f, 0xff, 0xff, 0x0, 0xf, 0xff, 0xfe,
    0x0, 0x3, 0xff, 0xfc, 0x0, 0x0, 0x3f, 0xf8,
    0x0,

    /* U+0044 "D" */
    0xff, 0xff, 0xfc, 0x0, 0x7f, 0xff, 0xff, 0xc0,
    0x3f, 0xff, 0xff, 0xf8, 0x1f, 0xff, 0xff, 0xfe,
    0xf, 0xff, 0xff, 0xff, 0x87, 0xff, 0xff, 0xff,
    0xe3, 0xff, 0xff, 0xff, 0xf1, 0xff, 0xff, 0xff,
    0xfc, 0xff, 0xff, 0xff, 0xfe, 0x7f, 0xff, 0xff,
    0xff, 0xbf, 0xf8, 0x7, 0xff, 0xdf, 0xfc, 0x1,
    0xff, 0xef, 0xfe, 0x0, 0x7f, 0xff, 0xff, 0x0,
    0x1f, 0xff, 0xff, 0x80, 0xf, 0xff, 0xff, 0xc0,
    0x7, 0xff, 0xff, 0xe0, 0x3, 0xff, 0xff, 0xf0,
    0x1, 0xff, 0xff, 0xf8, 0x0, 0xff, 0xff, 0xfc,
    0x0, 0x7f, 0xff, 0xfe, 0x0, 0x3f, 0xff, 0xff,
    0x0, 0x1f, 0xff, 0xff, 0x80, 0xf, 0xff, 0xff,
    0xc0, 0x7, 0xff, 0xff, 0xe0, 0x3, 0xff, 0xff,
    0xf0, 0x1, 0xff, 0xff, 0xf8, 0x0, 0xff, 0xff,
    0xfc, 0x0, 0x7f, 0xff, 0xfe, 0x0, 0x3f, 0xff,
    0xff, 0x0, 0x1f, 0xff, 0xff, 0x80, 0xf, 0xff,
    0xff, 0xc0, 0x7, 0xff, 0xff, 0xe0, 0x3, 0xff,
    0xff, 0xf0, 0x1, 0xff, 0xff, 0xf8, 0x0, 0xff,
    0xff, 0xfc, 0x0, 0x7f, 0xff, 0xfe, 0x0, 0x3f,
    0xff, 0xff, 0x0, 0x1f, 0xff, 0xff, 0x80, 0xf,
    0xff, 0xff, 0xc0, 0x7, 0xff, 0xff, 0xe0, 0x3,
    0xff, 0xff, 0xf0, 0x1, 0xff, 0xff, 0xf8, 0x0,
    0xff, 0xff, 0xfc, 0x0, 0x7f, 0xff, 0xfe, 0x0,
    0x3f, 0xff, 0xff, 0x0, 0x1f, 0xff, 0xff, 0x80,
    0xf, 0xff, 0xff, 0xc0, 0x7, 0xff, 0xff, 0xe0,
    0x3, 0xff, 0xff, 0xf0, 0x1, 0xff, 0xff, 0xf8,
    0x0, 0xff, 0xff, 0xfc, 0x0, 0x7f, 0xff, 0xfe,
    0x0, 0x3f, 0xff, 0xff, 0x0, 0x1f, 0xff, 0xff,
    0x80, 0xf, 0xff, 0xff, 0xc0, 0x7, 0xff, 0xff,
    0xe0, 0x3, 0xff, 0xff, 0xf0, 0x3, 0xff, 0xff,
    0xf8, 0x3, 0xff, 0xdf, 0xfc, 0x3, 0xff, 0xef,
    0xff, 0xff, 0xff, 0xf7, 0xff, 0xff, 0xff, 0xf3,
    0xff, 0xff, 0xff, 0xf9, 0xff, 0xff, 0xff, 0xf8,
    0xff, 0xff, 0xff, 0xfc, 0x7f, 0xff, 0xff, 0xfc,
    0x3f, 0xff, 0xff, 0xfc, 0x1f, 0xff, 0xff, 0xfc,
    0xf, 0xff, 0xff, 0xf8, 0x7, 0xff, 0xff, 0xe0,
    0x0,

    /* U+0045 "E" */
    0xff, 0xff, 0xff, 0xff, 0xff, 0xff, 0xff, 0xff,
    0xff, 0xff, 0xff, 0xff, 0xff, 0xff, 0xff, 0xff,
    0xff, 0xff, 0xff, 0xff, 0xff, 0xff, 0xff, 0xff,
    0xff, 0xff, 0xff, 0xff, 0xff, 0xff, 0xff, 0xff,
    0xff, 0xff, 0xff, 0xff, 0xff, 0xff, 0xfe, 0x0,
    0x0, 0x3f, 0xf8, 0x0, 0x0, 0xff, 0xe0, 0x0,
    0x3, 0xff, 0x80, 0x0, 0xf, 0xfe, 0x0, 0x0,
    0x3f, 0xf8, 0x0, 0x0, 0xff, 0xe0, 0x0, 0x3,
    0xff, 0x80, 0x0, 0xf, 0xfe, 0x0, 0x0, 0x3f,
    0xf8, 0x0, 0x0, 0xff, 0xe0, 0x0, 0x3, 0xff,
    0x80, 0x0, 0xf, 0xfe, 0x0, 0x0, 0x3f, 0xf8,
    0x0, 0x0, 0xff, 0xe0, 0x0, 0x3, 0xff, 0x80,
    0x0, 0xf, 0xfe, 0x0, 0x0, 0x3f, 0xf8, 0x0,
    0x0, 0xff, 0xff, 0xff, 0xc3, 0xff, 0xff, 0xff,
    0xf, 0xff, 0xff, 0xfc, 0x3f, 0xff, 0xff, 0xf0,
    0xff, 0xff, 0xff, 0xc3, 0xff, 0xff, 0xff, 0xf,
    0xff, 0xff, 0xfc, 0x3f, 0xff, 0xff, 0xf0, 0xff,
    0xff, 0xff, 0xc3, 0xff, 0xff, 0xff, 0xf, 0xfe,
    0x0, 0x0, 0x3f, 0xf8, 0x0, 0x0, 0xff, 0xe0,
    0x0, 0x3, 0xff, 0x80, 0x0, 0xf, 0xfe, 0x0,
    0x0, 0x3f, 0xf8, 0x0, 0x0, 0xff, 0xe0, 0x0,
    0x3, 0xff, 0x80, 0x0, 0xf, 0xfe, 0x0, 0x0,
    0x3f, 0xf8, 0x0, 0x0, 0xff, 0xe0, 0x0, 0x3,
    0xff, 0x80, 0x0, 0xf, 0xfe, 0x0, 0x0, 0x3f,
    0xf8, 0x0, 0x0, 0xff, 0xe0, 0x0, 0x3, 0xff,
    0x80, 0x0, 0xf, 0xfe, 0x0, 0x0, 0x3f, 0xf8,
    0x0, 0x0, 0xff, 0xe0, 0x0, 0x3, 0xff, 0x80,
    0x0, 0xf, 0xfe, 0x0, 0x0, 0x3f, 0xf8, 0x0,
    0x0, 0xff, 0xff, 0xff, 0xff, 0xff, 0xff, 0xff,
    0xff, 0xff, 0xff, 0xff, 0xff, 0xff, 0xff, 0xff,
    0xff, 0xff, 0xff, 0xff, 0xff, 0xff, 0xff, 0xff,
    0xff, 0xff, 0xff, 0xff, 0xff, 0xff, 0xff, 0xff,
    0xff, 0xff, 0xff, 0xff, 0xff, 0xff, 0xf0,

    /* U+0046 "F" */
    0xff, 0xff, 0xff, 0xff, 0xff, 0xff, 0xff, 0xff,
    0xff, 0xff, 0xff, 0xff, 0xff, 0xff, 0xff, 0xff,
    0xff, 0xff, 0xff, 0xff, 0xff, 0xff, 0xff, 0xff,
    0xff, 0xff, 0xff, 0xff, 0xff, 0xff, 0xff, 0xff,
    0xff, 0xff, 0xff, 0xff, 0xff, 0xf8, 0x0, 0x1,
    0xff, 0xc0, 0x0, 0xf, 0xfe, 0x0, 0x0, 0x7f,
    0xf0, 0x0, 0x3, 0xff, 0x80, 0x0, 0x1f, 0xfc,
    0x0, 0x0, 0xff, 0xe0, 0x0, 0x7, 0xff, 0x0,
    0x0, 0x3f, 0xf8, 0x0, 0x1, 0xff, 0xc0, 0x0,
    0xf, 0xfe, 0x0, 0x0, 0x7f, 0xf0, 0x0, 0x3,
    0xff, 0x80, 0x0, 0x1f, 0xfc, 0x0, 0x0, 0xff,
    0xe0, 0x0, 0x7, 0xff, 0x0, 0x0, 0x3f, 0xf8,
    0x0, 0x1, 0xff, 0xc0, 0x0, 0xf, 0xfe, 0x0,
    0x0, 0x7f, 0xff, 0xff, 0xc3, 0xff, 0xff, 0xfe,
    0x1f, 0xff, 0xff, 0xf0, 0xff, 0xff, 0xff, 0x87,
    0xff, 0xff, 0xfc, 0x3f, 0xff, 0xff, 0xe1, 0xff,
    0xff, 0xff, 0xf, 0xff, 0xff, 0xf8, 0x7f, 0xff,
    0xff, 0xc3, 0xff, 0xff, 0xfe, 0x1f, 0xfc, 0x0,
    0x0, 0xff, 0xe0, 0x0, 0x7, 0xff, 0x0, 0x0,
    0x3f, 0xf8, 0x0, 0x1, 0xff, 0xc0, 0x0, 0xf,
    0xfe, 0x0, 0x0, 0x7f, 0xf0, 0x0, 0x3, 0xff,
    0x80, 0x0, 0x1f, 0xfc, 0x0, 0x0, 0xff, 0xe0,
    0x0, 0x7, 0xff, 0x0, 0x0, 0x3f, 0xf8, 0x0,
    0x1, 0xff, 0xc0, 0x0, 0xf, 0xfe, 0x0, 0x0,
    0x7f, 0xf0, 0x0, 0x3, 0xff, 0x80, 0x0, 0x1f,
    0xfc, 0x0, 0x0, 0xff, 0xe0, 0x0, 0x7, 0xff,
    0x0, 0x0, 0x3f, 0xf8, 0x0, 0x1, 0xff, 0xc0,
    0x0, 0xf, 0xfe, 0x0, 0x0, 0x7f, 0xf0, 0x0,
    0x3, 0xff, 0x80, 0x0, 0x1f, 0xfc, 0x0, 0x0,
    0xff, 0xe0, 0x0, 0x7, 0xff, 0x0, 0x0, 0x3f,
    0xf8, 0x0, 0x1, 0xff, 0xc0, 0x0, 0xf, 0xfe,
    0x0, 0x0, 0x7f, 0xf0, 0x0, 0x0,

    /* U+0047 "G" */
    0x0, 0xf, 0xf8, 0x0, 0x0, 0x3f, 0xff, 0xc0,
    0x0, 0x7f, 0xff, 0xf0, 0x0, 0xff, 0xff, 0xfe,
    0x0, 0xff, 0xff, 0xff, 0x80, 0xff, 0xff, 0xff,
    0xe0, 0x7f, 0xff, 0xff, 0xf0, 0x7f, 0xff, 0xff,
    0xfc, 0x3f, 0xff, 0xff, 0xfe, 0x3f, 0xff, 0xff,
    0xff, 0x9f, 0xff, 0x7, 0xff, 0xcf, 0xff, 0x1,
    0xff, 0xef, 0xff, 0x0, 0x7f, 0xff, 0xff, 0x0,
    0x1f, 0xff, 0xff, 0x80, 0xf, 0xff, 0xff, 0xc0,
    0x7, 0xff, 0xff, 0xe0, 0x3, 0xff, 0xff, 0xf0,
    0x1, 0xff, 0xff, 0xf8, 0x0, 0xff, 0xff, 0xfc,
    0x0, 0x7f, 0xff, 0xfe, 0x0, 0x3f, 0xff, 0xff,
    0x0, 0x1f, 0xff, 0xff, 0x80, 0xf, 0xff, 0xff,
    0xc0, 0x0, 0x0, 0xff, 0xe0, 0x0, 0x0, 0x7f,
    0xf0, 0x0, 0x0, 0x3f, 0xf8, 0x0, 0x0, 0x1f,
    0xfc, 0x0, 0x0, 0xf, 0xfe, 0x0, 0x0, 0x7,
    0xff, 0x0, 0x0, 0x3, 0xff, 0x80, 0x0, 0x1,
    0xff, 0xc0, 0xff, 0xff, 0xff, 0xe0, 0x7f, 0xff,
    0xff, 0xf0, 0x3f, 0xff, 0xff, 0xf8, 0x1f, 0xff,
    0xff, 0xfc, 0xf, 0xff, 0xff, 0xfe, 0x7, 0xff,
    0xff, 0xff, 0x3, 0xff, 0xff, 0xff, 0x81, 0xff,
    0xff, 0xff, 0xc0, 0xff, 0xff, 0xff, 0xe0, 0x7f,
    0xff, 0xff, 0xf0, 0x1, 0xff, 0xff, 0xf8, 0x0,
    0xff, 0xff, 0xfc, 0x0, 0x7f, 0xff, 0xfe, 0x0,
    0x3f, 0xff, 0xff, 0x0, 0x1f, 0xff, 0xff, 0x80,
    0xf, 0xff, 0xff, 0xc0, 0x7, 0xff, 0xff, 0xe0,
    0x3, 0xff, 0xff, 0xf0, 0x1, 0xff, 0xff, 0xf8,
    0x0, 0xff, 0xff, 0xfc, 0x0, 0x7f, 0xff, 0xfe,
    0x0, 0x3f, 0xff, 0xff, 0x0, 0x1f, 0xff, 0xff,
    0x80, 0xf, 0xff, 0xff, 0xc0, 0x7, 0xff, 0xff,
    0xe0, 0x3, 0xff, 0xff, 0xf0, 0x1, 0xff, 0xff,
    0xf8, 0x0, 0xff, 0xff, 0xfe, 0x0, 0xff, 0xf7,
    0xff, 0x80, 0xff, 0xf3, 0xff, 0xe0, 0xff, 0xf9,
    0xff, 0xff, 0xff, 0xfc, 0x7f, 0xff, 0xff, 0xfc,
    0x3f, 0xff, 0xff, 0xfe, 0xf, 0xff, 0xff, 0xfe,
    0x7, 0xff, 0xff, 0xff, 0x1, 0xff, 0xff, 0xff,
    0x0, 0x7f, 0xff, 0xff, 0x0, 0xf, 0xff, 0xfe,
    0x0, 0x3, 0xff, 0xfe, 0x0, 0x0, 0x3f, 0xf8,
    0x0,

    /* U+0048 "H" */
    0xff, 0xe0, 0x1, 0xff, 0xff, 0xf8, 0x0, 0x7f,
    0xff, 0xfe, 0x0, 0x1f, 0xff, 0xff, 0x80, 0x7,
    0xff, 0xff, 0xe0, 0x1, 0xff, 0xff, 0xf8, 0x0,
    0x7f, 0xff, 0xfe, 0x0, 0x1f, 0xff, 0xff, 0x80,
    0x7, 0xff, 0xff, 0xe0, 0x1, 0xff, 0xff, 0xf8,
    0x0, 0x7f, 0xff, 0xfe, 0x0, 0x1f, 0xff, 0xff,
    0x80, 0x7, 0xff, 0xff, 0xe0, 0x1, 0xff, 0xff,
    0xf8, 0x0, 0x7f, 0xff, 0xfe, 0x0, 0x1f, 0xff,
    0xff, 0x80, 0x7, 0xff, 0xff, 0xe0, 0x1, 0xff,
    0xff, 0xf8, 0x0, 0x7f, 0xff, 0xfe, 0x0, 0x1f,
    0xff, 0xff, 0x80, 0x7, 0xff, 0xff, 0xe0, 0x1,
    0xff, 0xff, 0xf8, 0x0, 0x7f, 0xff, 0xfe, 0x0,
    0x1f, 0xff, 0xff, 0x80, 0x7, 0xff, 0xff, 0xe0,
    0x1, 0xff, 0xff, 0xf8, 0x0, 0x7f, 0xff, 0xfe,
    0x0, 0x1f, 0xff, 0xff, 0x80, 0x7, 0xff, 0xff,
    0xff, 0xff, 0xff, 0xff, 0xff, 0xff, 0xff, 0xff,
    0xff, 0xff, 0xff, 0xff, 0xff, 0xff, 0xff, 0xff,
    0xff, 0xff, 0xff, 0xff, 0xff, 0xff, 0xff, 0xff,
    0xff, 0xff, 0xff, 0xff, 0xff, 0xff, 0xff, 0xff,
    0xff, 0xff, 0xff, 0xff, 0xff, 0xff, 0xff, 0xff,
    0xff, 0xff, 0xfe, 0x0, 0x1f, 0xff, 0xff, 0x80,
    0x7, 0xff, 0xff, 0xe0, 0x1, 0xff, 0xff, 0xf8,
    0x0, 0x7f, 0xff, 0xfe, 0x0, 0x1f, 0xff, 0xff,
    0x80, 0x7, 0xff, 0xff, 0xe0, 0x1, 0xff, 0xff,
    0xf8, 0x0, 0x7f, 0xff, 0xfe, 0x0, 0x1f, 0xff,
    0xff, 0x80, 0x7, 0xff, 0xff, 0xe0, 0x1, 0xff,
    0xff, 0xf8, 0x0, 0x7f, 0xff, 0xfe, 0x0, 0x1f,
    0xff, 0xff, 0x80, 0x7, 0xff, 0xff, 0xe0, 0x1,
    0xff, 0xff, 0xf8, 0x0, 0x7f, 0xff, 0xfe, 0x0,
    0x1f, 0xff, 0xff, 0x80, 0x7, 0xff, 0xff, 0xe0,
    0x1, 0xff, 0xff, 0xf8, 0x0, 0x7f, 0xff, 0xfe,
    0x0, 0x1f, 0xff, 0xff, 0x80, 0x7, 0xff, 0xff,
    0xe0, 0x1, 0xff, 0xff, 0xf8, 0x0, 0x7f, 0xff,
    0xfe, 0x0, 0x1f, 0xff, 0xff, 0x80, 0x7, 0xff,
    0xff, 0xe0, 0x1, 0xff, 0xff, 0xf8, 0x0, 0x7f,
    0xff, 0xfe, 0x0, 0x1f, 0xff, 0xff, 0x80, 0x7,
    0xff, 0xff, 0xe0, 0x1, 0xff, 0xff, 0xf8, 0x0,
    0x7f, 0xf0,

    /* U+0049 "I" */
    0xff, 0xff, 0xff, 0xff, 0xff, 0xff, 0xff, 0xff,
    0xff, 0xff, 0xff, 0xff, 0xff, 0xff, 0xff, 0xff,
    0xff, 0xff, 0xff, 0xff, 0xff, 0xff, 0xff, 0xff,
    0xff, 0xff, 0xff, 0xff, 0xff, 0xff, 0xff, 0xff,
    0xff, 0xff, 0xff, 0xff, 0xff, 0xff, 0xff, 0xff,
    0xff, 0xff, 0xff, 0xff, 0xff, 0xff, 0xff, 0xff,
    0xff, 0xff, 0xff, 0xff, 0xff, 0xff, 0xff, 0xff,
    0xff, 0xff, 0xff, 0xff, 0xff, 0xff, 0xff, 0xff,
    0xff, 0xff, 0xff, 0xff, 0xff, 0xff, 0xff, 0xff,
    0xff, 0xff, 0xff, 0xff, 0xff, 0xff, 0xff, 0xff,
    0xff, 0xff, 0xff, 0xff, 0xff, 0xff, 0xff, 0xff,
    0xff, 0xff, 0xff, 0xff, 0xff, 0xff, 0xff, 0xff,
    0xc0,

    /* U+004A "J" */
    0x0, 0x3f, 0xf8, 0x1, 0xff, 0xc0, 0xf, 0xfe,
    0x0, 0x7f, 0xf0, 0x3, 0xff, 0x80, 0x1f, 0xfc,
    0x0, 0xff, 0xe0, 0x7, 0xff, 0x0, 0x3f, 0xf8,
    0x1, 0xff, 0xc0, 0xf, 0xfe, 0x0, 0x7f, 0xf0,
    0x3, 0xff, 0x80, 0x1f, 0xfc, 0x0, 0xff, 0xe0,
    0x7, 0xff, 0x0, 0x3f, 0xf8, 0x1, 0xff, 0xc0,
    0xf, 0xfe, 0x0, 0x7f, 0xf0, 0x3, 0xff, 0x80,
    0x1f, 0xfc, 0x0, 0xff, 0xe0, 0x7, 0xff, 0x0,
    0x3f, 0xf8, 0x1, 0xff, 0xc0, 0xf, 0xfe, 0x0,
    0x7f, 0xf0, 0x3, 0xff, 0x80, 0x1f, 0xfc, 0x0,
    0xff, 0xe0, 0x7, 0xff, 0x0, 0x3f, 0xf8, 0x1,
    0xff, 0xc0, 0xf, 0xfe, 0x0, 0x7f, 0xf0, 0x3,
    0xff, 0x80, 0x1f, 0xfc, 0x0, 0xff, 0xe0, 0x7,
    0xff, 0x0, 0x3f, 0xf8, 0x1, 0xff, 0xc0, 0xf,
    0xfe, 0x0, 0x7f, 0xf0, 0x3, 0xff, 0x80, 0x1f,
    0xfc, 0x0, 0xff, 0xe0, 0x7, 0xff, 0x0, 0x3f,
    0xf8, 0x1, 0xff, 0xc0, 0xf, 0xfe, 0x0, 0x7f,
    0xf0, 0x3, 0xff, 0x80, 0x1f, 0xfc, 0x0, 0xff,
    0xe0, 0x7, 0xff, 0x0, 0x7f, 0xf8, 0x3, 0xff,
    0xc0, 0x3f, 0xfe, 0x3, 0xff, 0xef, 0xff, 0xff,
    0x7f, 0xff, 0xfb, 0xff, 0xff, 0x9f, 0xff, 0xfc,
    0xff, 0xff, 0xc7, 0xff, 0xfc, 0x3f, 0xff, 0xc1,
    0xff, 0xfc, 0xf, 0xff, 0x80, 0x7f, 0xe0, 0x0,

    /* U+004B "K" */
    0xff, 0xe0, 0x0, 0x7f, 0xff, 0xfe, 0x0, 0xf,
    0xfe, 0xff, 0xe0, 0x0, 0xff, 0xef, 0xfe, 0x0,
    0x1f, 0xfc, 0xff, 0xe0, 0x1, 0xff, 0xcf, 0xfe,
    0x0, 0x3f, 0xf8, 0xff, 0xe0, 0x3, 0xff, 0x8f,
    0xfe, 0x0, 0x7f, 0xf0, 0xff, 0xe0, 0x7, 0xff,
    0xf, 0xfe, 0x0, 0xff, 0xe0, 0xff, 0xe0, 0xf,
    0xfe, 0xf, 0xfe, 0x0, 0xff, 0xc0, 0xff, 0xe0,
    0x1f, 0xfc, 0xf, 0xfe, 0x1, 0xff, 0x80, 0xff,
    0xe0, 0x3f, 0xf8, 0xf, 0xfe, 0x3, 0xff, 0x0,
    0xff, 0xe0, 0x7f, 0xf0, 0xf, 0xfe, 0x7, 0xfe,
    0x0, 0xff, 0xe0, 0xff, 0xe0, 0xf, 0xfe, 0xf,
    0xfc, 0x0, 0xff, 0xe1, 0xff, 0xc0, 0xf, 0xfe,
    0x1f, 0xf8, 0x0, 0xff, 0xe3, 0xff, 0x80, 0xf,
    0xfe, 0x3f, 0xf0, 0x0, 0xff, 0xe7, 0xff, 0x0,
    0xf, 0xfe, 0x7f, 0xe0, 0x0, 0xff, 0xef, 0xfe,
    0x0, 0xf, 0xfe, 0xff, 0xe0, 0x0, 0xff, 0xff,
    0xff, 0x0, 0xf, 0xff, 0xff, 0xf0, 0x0, 0xff,
    0xff, 0xff, 0x0, 0xf, 0xff, 0xff, 0xf8, 0x0,
    0xff, 0xff, 0xff, 0x80, 0xf, 0xff, 0xff, 0xf8,
    0x0, 0xff, 0xff, 0xff, 0xc0, 0xf, 0xff, 0xff,
    0xfc, 0x0, 0xff, 0xff, 0xff, 0xc0, 0xf, 0xff,
    0xff, 0xfc, 0x0, 0xff, 0xff, 0xff, 0xe0, 0xf,
    0xff, 0xef, 0xfe, 0x0, 0xff, 0xfe, 0xff, 0xe0,
    0xf, 0xff, 0xcf, 0xff, 0x0, 0xff, 0xfc, 0x7f,
    0xf0, 0xf, 0xff, 0x87, 0xff, 0x0, 0xff, 0xf8,
    0x7f, 0xf8, 0xf, 0xff, 0x7, 0xff, 0x80, 0xff,
    0xf0, 0x3f, 0xf8, 0xf, 0xfe, 0x3, 0xff, 0x80,
    0xff, 0xe0, 0x3f, 0xfc, 0xf, 0xfe, 0x1, 0xff,
    0xc0, 0xff, 0xe0, 0x1f, 0xfc, 0xf, 0xfe, 0x1,
    0xff, 0xe0, 0xff, 0xe0, 0x1f, 0xfe, 0xf, 0xfe,
    0x0, 0xff, 0xe0, 0xff, 0xe0, 0xf, 0xff, 0xf,
    0xfe, 0x0, 0xff, 0xf0, 0xff, 0xe0, 0x7, 0xff,
    0xf, 0xfe, 0x0, 0x7f, 0xf0, 0xff, 0xe0, 0x7,
    0xff, 0x8f, 0xfe, 0x0, 0x3f, 0xf8, 0xff, 0xe0,
    0x3, 0xff, 0x8f, 0xfe, 0x0, 0x3f, 0xfc, 0xff,
    0xe0, 0x3, 0xff, 0xcf, 0xfe, 0x0, 0x1f, 0xfc,
    0xff, 0xe0, 0x1, 0xff, 0xef, 0xfe, 0x0, 0x1f,
    0xfe, 0xff, 0xe0, 0x0, 0xff, 0xef, 0xfe, 0x0,
    0xf, 0xfe, 0xff, 0xe0, 0x0, 0xff, 0xff, 0xfe,
    0x0, 0x7, 0xff,

    /* U+004C "L" */
    0xff, 0xe0, 0x0, 0x7, 0xff, 0x0, 0x0, 0x3f,
    0xf8, 0x0, 0x1, 0xff, 0xc0, 0x0, 0xf, 0xfe,
    0x0, 0x0, 0x7f, 0xf0, 0x0, 0x3, 0xff, 0x80,
    0x0, 0x1f, 0xfc, 0x0, 0x0, 0xff, 0xe0, 0x0,
    0x7, 0xff, 0x0, 0x0, 0x3f, 0xf8, 0x0, 0x1,
    0xff, 0xc0, 0x0, 0xf, 0xfe, 0x0, 0x0, 0x7f,
    0xf0, 0x0, 0x3, 0xff, 0x80, 0x0, 0x1f, 0xfc,
    0x0, 0x0, 0xff, 0xe0, 0x0, 0x7, 0xff, 0x0,
    0x0, 0x3f, 0xf8, 0x0, 0x1, 0xff, 0xc0, 0x0,
    0xf, 0xfe, 0x0, 0x0, 0x7f, 0xf0, 0x0, 0x3,
    0xff, 0x80, 0x0, 0x1f, 0xfc, 0x0, 0x0, 0xff,
    0xe0, 0x0, 0x7, 0xff, 0x0, 0x0, 0x3f, 0xf8,
    0x0, 0x1, 0xff, 0xc0, 0x0, 0xf, 0xfe, 0x0,
    0x0, 0x7f, 0xf0, 0x0, 0x3, 0xff, 0x80, 0x0,
    0x1f, 0xfc, 0x0, 0x0, 0xff, 0xe0, 0x0, 0x7,
    0xff, 0x0, 0x0, 0x3f, 0xf8, 0x0, 0x1, 0xff,
    0xc0, 0x0, 0xf, 0xfe, 0x0, 0x0, 0x7f, 0xf0,
    0x0, 0x3, 0xff, 0x80, 0x0, 0x1f, 0xfc, 0x0,
    0x0, 0xff, 0xe0, 0x0, 0x7, 0xff, 0x0, 0x0,
    0x3f, 0xf8, 0x0, 0x1, 0xff, 0xc0, 0x0, 0xf,
    0xfe, 0x0, 0x0, 0x7f, 0xf0, 0x0, 0x3, 0xff,
    0x80, 0x0, 0x1f, 0xfc, 0x0, 0x0, 0xff, 0xe0,
    0x0, 0x7, 0xff, 0x0, 0x0, 0x3f, 0xf8, 0x0,
    0x1, 0xff, 0xc0, 0x0, 0xf, 0xfe, 0x0, 0x0,
    0x7f, 0xf0, 0x0, 0x3, 0xff, 0x80, 0x0, 0x1f,
    0xfc, 0x0, 0x0, 0xff, 0xe0, 0x0, 0x7, 0xff,
    0x0, 0x0, 0x3f, 0xf8, 0x0, 0x1, 0xff, 0xc0,
    0x0, 0xf, 0xff, 0xff, 0xff, 0xff, 0xff, 0xff,
    0xff, 0xff, 0xff, 0xff, 0xff, 0xff, 0xff, 0xff,
    0xff, 0xff, 0xff, 0xff, 0xff, 0xff, 0xff, 0xff,
    0xff, 0xff, 0xff, 0xff, 0xff, 0xff, 0xff, 0xff,
    0xff, 0xff, 0xff, 0xff, 0xff, 0xfc,

    /* U+004D "M" */
    0xff, 0xff, 0x0, 0x3, 0xff, 0xff, 0xff, 0xfc,
    0x0, 0xf, 0xff, 0xff, 0xff, 0xf0, 0x0, 0x7f,
    0xff, 0xff, 0xff, 0xc0, 0x1, 0xff, 0xff, 0xff,
    0xff, 0x0, 0x7, 0xff, 0xff, 0xff, 0xfe, 0x0,
    0x1f, 0xff, 0xff, 0xff, 0xf8, 0x0, 0x7f, 0xff,
    0xff, 0xff, 0xe0, 0x1, 0xff, 0xff, 0xff, 0xff,
    0x80, 0x7, 0xff, 0xff, 0xff, 0xfe, 0x0, 0x3f,
    0xff, 0xff, 0xff, 0xf8, 0x0, 0xff, 0xff, 0xff,
    0xff, 0xe0, 0x3, 0xff, 0xff, 0xff, 0xff, 0xc0,
    0xf, 0xff, 0xff, 0xff, 0xff, 0x0, 0x3f, 0xff,
    0xff, 0xff, 0xfc, 0x0, 0xff, 0xff, 0xff, 0xff,
    0xf0, 0x3, 0xff, 0xff, 0xff, 0xff, 0xc0, 0xf,
    0xff, 0xff, 0xff, 0xff, 0x0, 0x7f, 0xff, 0xff,
    0xff, 0xfc, 0x1, 0xff, 0xff, 0xff, 0xff, 0xf8,
    0x7, 0xf7, 0xff, 0xff, 0xdf, 0xe0, 0x1f, 0xdf,
    0xff, 0xff, 0x7f, 0x80, 0x7f, 0x7f, 0xff, 0xfd,
    0xfe, 0x1, 0xfd, 0xff, 0xff, 0xf7, 0xf8, 0x7,
    0xf7, 0xff, 0xff, 0xdf, 0xe0, 0x3f, 0xdf, 0xff,
    0xff, 0x7f, 0x80, 0xff, 0x7f, 0xff, 0xfd, 0xff,
    0x3, 0xf9, 0xff, 0xff, 0xf3, 0xfc, 0xf, 0xe7,
    0xff, 0xff, 0xcf, 0xf0, 0x3f, 0x9f, 0xff, 0xff,
    0x3f, 0xc0, 0xfe, 0x7f, 0xff, 0xfc, 0xff, 0x3,
    0xf9, 0xff, 0xff, 0xf3, 0xfc, 0x1f, 0xe7, 0xff,
    0xff, 0xcf, 0xf0, 0x7f, 0x9f, 0xff, 0xff, 0x3f,
    0xc1, 0xfc, 0x7f, 0xff, 0xfc, 0x7f, 0x87, 0xf1,
    0xff, 0xff, 0xf1, 0xfe, 0x1f, 0xc7, 0xff, 0xff,
    0xc7, 0xf8, 0x7f, 0x1f, 0xff, 0xff, 0x1f, 0xe1,
    0xfc, 0x7f, 0xff, 0xfc, 0x7f, 0x87, 0xf1, 0xff,
    0xff, 0xf1, 0xfe, 0x3f, 0x87, 0xff, 0xff, 0xc3,
    0xf8, 0xfe, 0x1f, 0xff, 0xff, 0xf, 0xf3, 0xf8,
    0x7f, 0xff, 0xfc, 0x3f, 0xcf, 0xe1, 0xff, 0xff,
    0xf0, 0xff, 0x3f, 0x87, 0xff, 0xff, 0xc3, 0xfc,
    0xfe, 0x1f, 0xff, 0xff, 0xf, 0xf3, 0xf8, 0x7f,
    0xff, 0xfc, 0x3f, 0xdf, 0xc1, 0xff, 0xff, 0xf0,
    0x7f, 0x7f, 0x7, 0xff, 0xff, 0xc1, 0xff, 0xfc,
    0x1f, 0xff, 0xff, 0x7, 0xff, 0xf0, 0x7f, 0xff,
    0xfc, 0x1f, 0xff, 0xc1, 0xff, 0xff, 0xf0, 0x7f,
    0xff, 0x7, 0xff, 0xff, 0xc1, 0xff, 0xfc, 0x1f,
    0xff, 0xff, 0x7, 0xff, 0xe0, 0x7f, 0xff, 0xfc,
    0xf, 0xff, 0x81, 0xff, 0xff, 0xf0, 0x3f, 0xfe,
    0x7, 0xff, 0xff, 0xc0, 0xff, 0xf8, 0x1f, 0xff,
    0xff, 0x3, 0xff, 0xe0, 0x7f, 0xff, 0xfc, 0xf,
    0xff, 0x81, 0xff, 0xff, 0xf0, 0x3f, 0xfe, 0x7,
    0xff, 0xff, 0xc0, 0x7f, 0xf0, 0x1f, 0xff, 0xff,
    0x1, 0xff, 0xc0, 0x7f, 0xff, 0xfc, 0x7, 0xff,
    0x1, 0xff, 0xff, 0xf0, 0x1f, 0xfc, 0x7, 0xff,
    0xff, 0xc0, 0x7f, 0xf0, 0x1f, 0xff, 0xff, 0x1,
    0xff, 0xc0, 0x7f, 0xff, 0xfc, 0x7, 0xfe, 0x1,
    0xff, 0xff, 0xf0, 0xf, 0xf8, 0x7, 0xff, 0xff,
    0xc0, 0x3f, 0xe0, 0x1f, 0xff, 0xff, 0x0, 0xff,
    0x80, 0x7f, 0xf0,

    /* U+004E "N" */
    0xff, 0xfc, 0x0, 0x7f, 0xff, 0xff, 0x80, 0xf,
    0xff, 0xff, 0xf8, 0x1, 0xff, 0xff, 0xff, 0x0,
    0x3f, 0xff, 0xff, 0xe0, 0x7, 0xff, 0xff, 0xfc,
    0x0, 0xff, 0xff, 0xff, 0xc0, 0x1f, 0xff, 0xff,
    0xf8, 0x3, 0xff, 0xff, 0xff, 0x0, 0x7f, 0xff,
    0xff, 0xe0, 0xf, 0xff, 0xff, 0xfe, 0x1, 0xff,
    0xff, 0xff, 0xc0, 0x3f, 0xff, 0xff, 0xf8, 0x7,
    0xff, 0xff, 0xff, 0x80, 0xff, 0xff, 0xff, 0xf0,
    0x1f, 0xff, 0xff, 0xfe, 0x3, 0xff, 0xff, 0xff,
    0xc0, 0x7f, 0xff, 0xff, 0xfc, 0xf, 0xff, 0xff,
    0xff, 0x81, 0xff, 0xff, 0xff, 0xf0, 0x3f, 0xff,
    0xff, 0xfe, 0x7, 0xff, 0xff, 0xbf, 0xe0, 0xff,
    0xff, 0xf7, 0xfc, 0x1f, 0xff, 0xfe, 0xff, 0x83,
    0xff, 0xff, 0xdf, 0xf0, 0x7f, 0xff, 0xf9, 0xff,
    0xf, 0xff, 0xff, 0x3f, 0xe1, 0xff, 0xff, 0xe7,
    0xfc, 0x3f, 0xff, 0xfc, 0x7f, 0x87, 0xff, 0xff,
    0x8f, 0xf8, 0xff, 0xff, 0xf1, 0xff, 0x1f, 0xff,
    0xfe, 0x3f, 0xe3, 0xff, 0xff, 0xc3, 0xfe, 0x7f,
    0xff, 0xf8, 0x7f, 0xcf, 0xff, 0xff, 0xf, 0xf9,
    0xff, 0xff, 0xe1, 0xff, 0x3f, 0xff, 0xfc, 0x1f,
    0xf7, 0xff, 0xff, 0x83, 0xfe, 0xff, 0xff, 0xf0,
    0x7f, 0xdf, 0xff, 0xfe, 0xf, 0xfb, 0xff, 0xff,
    0xc0, 0xff, 0xff, 0xff, 0xf8, 0x1f, 0xff, 0xff,
    0xff, 0x3, 0xff, 0xff, 0xff, 0xe0, 0x3f, 0xff,
    0xff, 0xfc, 0x7, 0xff, 0xff, 0xff, 0x80, 0xff,
    0xff, 0xff, 0xf0, 0x1f, 0xff, 0xff, 0xfe, 0x1,
    0xff, 0xff, 0xff, 0xc0, 0x3f, 0xff, 0xff, 0xf8,
    0x7, 0xff, 0xff, 0xff, 0x0, 0xff, 0xff, 0xff,
    0xe0, 0xf, 0xff, 0xff, 0xfc, 0x1, 0xff, 0xff,
    0xff, 0x80, 0x3f, 0xff, 0xff, 0xf0, 0x7, 0xff,
    0xff, 0xfe, 0x0, 0x7f, 0xff, 0xff, 0xc0, 0xf,
    0xff, 0xff, 0xf8, 0x1, 0xff, 0xff, 0xff, 0x0,
    0x1f, 0xff, 0xff, 0xe0, 0x3, 0xff, 0xff, 0xfc,
    0x0, 0x7f, 0xff, 0xff, 0x80, 0xf, 0xff, 0xff,
    0xf0, 0x0, 0xff, 0xff, 0xfe, 0x0, 0x1f, 0xff,
    0xff, 0xc0, 0x3, 0xff, 0xff, 0xf8, 0x0, 0x7f,
    0xff, 0xff, 0x0, 0x7, 0xff, 0xff, 0xe0, 0x0,
    0xff, 0xff, 0xfc, 0x0, 0x1f, 0xff, 0xff, 0x80,
    0x3, 0xff, 0xc0,

    /* U+004F "O" */
    0x0, 0xf, 0xf8, 0x0, 0x0, 0x3f, 0xff, 0x80,
    0x0, 0x7f, 0xff, 0xf0, 0x0, 0xff, 0xff, 0xfe,
    0x0, 0xff, 0xff, 0xff, 0x80, 0xff, 0xff, 0xff,
    0xc0, 0x7f, 0xff, 0xff, 0xf0, 0x7f, 0xff, 0xff,
    0xfc, 0x3f, 0xff, 0xff, 0xfe, 0x3f, 0xff, 0xff,
    0xff, 0x9f, 0xff, 0x7, 0xff, 0xcf, 0xff, 0x1,
    0xff, 0xef, 0xff, 0x0, 0x7f, 0xff, 0xff, 0x0,
    0x1f, 0xff, 0xff, 0x80, 0xf, 0xff, 0xff, 0xc0,
    0x7, 0xff, 0xff, 0xe0, 0x3, 0xff, 0xff, 0xf0,
    0x1, 0xff, 0xff, 0xf8, 0x0, 0xff, 0xff, 0xfc,
    0x0, 0x7f, 0xff, 0xfe, 0x0, 0x3f, 0xff, 0xff,
    0x0, 0x1f, 0xff, 0xff, 0x80, 0xf, 0xff, 0xff,
    0xc0, 0x7, 0xff, 0xff, 0xe0, 0x3, 0xff, 0xff,
    0xf0, 0x1, 0xff, 0xff, 0xf8, 0x0, 0xff, 0xff,
    0xfc, 0x0, 0x7f, 0xff, 0xfe, 0x0, 0x3f, 0xff,
    0xff, 0x0, 0x1f, 0xff, 0xff, 0x80, 0xf, 0xff,
    0xff, 0xc0, 0x7, 0xff, 0xff, 0xe0, 0x3, 0xff,
    0xff, 0xf0, 0x1, 0xff, 0xff, 0xf8, 0x0, 0xff,
    0xff, 0xfc, 0x0, 0x7f, 0xff, 0xfe, 0x0, 0x3f,
    0xff, 0xff, 0x0, 0x1f, 0xff, 0xff, 0x80, 0xf,
    0xff, 0xff, 0xc0, 0x7, 0xff, 0xff, 0xe0, 0x3,
    0xff, 0xff, 0xf0, 0x1, 0xff, 0xff, 0xf8, 0x0,
    0xff, 0xff, 0xfc, 0x0, 0x7f, 0xff, 0xfe, 0x0,
    0x3f, 0xff, 0xff, 0x0, 0x1f, 0xff, 0xff, 0x80,
    0xf, 0xff, 0xff, 0xc0, 0x7, 0xff, 0xff, 0xe0,
    0x3, 0xff, 0xff, 0xf0, 0x1, 0xff, 0xff, 0xf8,
    0x0, 0xff, 0xff, 0xfc, 0x0, 0x7f, 0xff, 0xfe,
    0x0, 0x3f, 0xff, 0xff, 0x0, 0x1f, 0xff, 0xff,
    0x80, 0xf, 0xff, 0xff, 0xc0, 0x7, 0xff, 0xff,
    0xe0, 0x3, 0xff, 0xff, 0xf0, 0x1, 0xff, 0xff,
    0xf8, 0x0, 0xff, 0xff, 0xfe, 0x0, 0xff, 0xf7,
    0xff, 0x80, 0xff, 0xf3, 0xff, 0xe0, 0xff, 0xf9,
    0xff, 0xff, 0xff, 0xfc, 0x7f, 0xff, 0xff, 0xfc,
    0x3f, 0xff, 0xff, 0xfe, 0xf, 0xff, 0xff, 0xfe,
    0x7, 0xff, 0xff, 0xfe, 0x1, 0xff, 0xff, 0xff,
    0x0, 0x7f, 0xff, 0xff, 0x0, 0xf, 0xff, 0xfe,
    0x0, 0x1, 0xff, 0xfc, 0x0, 0x0, 0x3f, 0xf0,
    0x0,

    /* U+0050 "P" */
    0xff, 0xff, 0xfc, 0x0, 0x7f, 0xff, 0xff, 0xc0,
    0x3f, 0xff, 0xff, 0xf8, 0x1f, 0xff, 0xff, 0xfe,
    0xf, 0xff, 0xff, 0xff, 0x87, 0xff, 0xff, 0xff,
    0xe3, 0xff, 0xff, 0xff, 0xf1, 0xff, 0xff, 0xff,
    0xfc, 0xff, 0xff, 0xff, 0xff, 0x7f, 0xff, 0xff,
    0xff, 0xbf, 0xf8, 0x7, 0xff, 0xdf, 0xfc, 0x0,
    0xff, 0xef, 0xfe, 0x0, 0x7f, 0xff, 0xff, 0x0,
    0x1f, 0xff, 0xff, 0x80, 0xf, 0xff, 0xff, 0xc0,
    0x7, 0xff, 0xff, 0xe0, 0x3, 0xff, 0xff, 0xf0,
    0x1, 0xff, 0xff, 0xf8, 0x0, 0xff, 0xff, 0xfc,
    0x0, 0x7f, 0xff, 0xfe, 0x0, 0x3f, 0xff, 0xff,
    0x0, 0x1f, 0xff, 0xff, 0x80, 0xf, 0xff, 0xff,
    0xc0, 0x7, 0xff, 0xff, 0xe0, 0x3, 0xff, 0xff,
    0xf0, 0x1, 0xff, 0xff, 0xf8, 0x0, 0xff, 0xff,
    0xfc, 0x0, 0x7f, 0xff, 0xfe, 0x0, 0x7f, 0xff,
    0xff, 0x0, 0x3f, 0xfb, 0xff, 0x80, 0x7f, 0xfd,
    0xff, 0xff, 0xff, 0xfe, 0xff, 0xff, 0xff, 0xff,
    0x7f, 0xff, 0xff, 0xff, 0x3f, 0xff, 0xff, 0xff,
    0x9f, 0xff, 0xff, 0xff, 0x8f, 0xff, 0xff, 0xff,
    0x87, 0xff, 0xff, 0xff, 0x83, 0xff, 0xff, 0xff,
    0x81, 0xff, 0xff, 0xff, 0x0, 0xff, 0xff, 0xf8,
    0x0, 0x7f, 0xf0, 0x0, 0x0, 0x3f, 0xf8, 0x0,
    0x0, 0x1f, 0xfc, 0x0, 0x0, 0xf, 0xfe, 0x0,
    0x0, 0x7, 0xff, 0x0, 0x0, 0x3, 0xff, 0x80,
    0x0, 0x1, 0xff, 0xc0, 0x0, 0x0, 0xff, 0xe0,
    0x0, 0x0, 0x7f, 0xf0, 0x0, 0x0, 0x3f, 0xf8,
    0x0, 0x0, 0x1f, 0xfc, 0x0, 0x0, 0xf, 0xfe,
    0x0, 0x0, 0x7, 0xff, 0x0, 0x0, 0x3, 0xff,
    0x80, 0x0, 0x1, 0xff, 0xc0, 0x0, 0x0, 0xff,
    0xe0, 0x0, 0x0, 0x7f, 0xf0, 0x0, 0x0, 0x3f,
    0xf8, 0x0, 0x0, 0x1f, 0xfc, 0x0, 0x0, 0xf,
    0xfe, 0x0, 0x0, 0x7, 0xff, 0x0, 0x0, 0x3,
    0xff, 0x80, 0x0, 0x1, 0xff, 0xc0, 0x0, 0x0,
    0xff, 0xe0, 0x0, 0x0, 0x7f, 0xf0, 0x0, 0x0,
    0x3f, 0xf8, 0x0, 0x0, 0x1f, 0xfc, 0x0, 0x0,
    0xf, 0xfe, 0x0, 0x0, 0x7, 0xff, 0x0, 0x0,
    0x0,

    /* U+0051 "Q" */
    0x0, 0xf, 0xf8, 0x0, 0x0, 0x7, 0xff, 0xf0,
    0x0, 0x1, 0xff, 0xff, 0xc0, 0x0, 0x7f, 0xff,
    0xff, 0x0, 0xf, 0xff, 0xff, 0xf8, 0x1, 0xff,
    0xff, 0xff, 0x80, 0x1f, 0xff, 0xff, 0xfc, 0x3,
    0xff, 0xff, 0xff, 0xe0, 0x3f, 0xff, 0xff, 0xfe,
    0x7, 0xff, 0xff, 0xff, 0xf0, 0x7f, 0xfc, 0x1f,
    0xff, 0x7, 0xff, 0x80, 0xff, 0xf0, 0xff, 0xf0,
    0x7, 0xff, 0x8f, 0xfe, 0x0, 0x3f, 0xf8, 0xff,
    0xe0, 0x3, 0xff, 0x8f, 0xfe, 0x0, 0x3f, 0xf8,
    0xff, 0xe0, 0x3, 0xff, 0x8f, 0xfe, 0x0, 0x3f,
    0xf8, 0xff, 0xe0, 0x3, 0xff, 0x8f, 0xfe, 0x0,
    0x3f, 0xf8, 0xff, 0xe0, 0x3, 0xff, 0x8f, 0xfe,
    0x0, 0x3f, 0xf8, 0xff, 0xe0, 0x3, 0xff, 0x8f,
    0xfe, 0x0, 0x3f, 0xf8, 0xff, 0xe0, 0x3, 0xff,
    0x8f, 0xfe, 0x0, 0x3f, 0xf8, 0xff, 0xe0, 0x3,
    0xff, 0x8f, 0xfe, 0x0, 0x3f, 0xf8, 0xff, 0xe0,
    0x3, 0xff, 0x8f, 0xfe, 0x0, 0x3f, 0xf8, 0xff,
    0xe0, 0x3, 0xff, 0x8f, 0xfe, 0x0, 0x3f, 0xf8,
    0xff, 0xe0, 0x3, 0xff, 0x8f, 0xfe, 0x0, 0x3f,
    0xf8, 0xff, 0xe0, 0x3, 0xff, 0x8f, 0xfe, 0x0,
    0x3f, 0xf8, 0xff, 0xe0, 0x3, 0xff, 0x8f, 0xfe,
    0x0, 0x3f, 0xf8, 0xff, 0xe0, 0x3, 0xff, 0x8f,
    0xfe, 0x0, 0x3f, 0xf8, 0xff, 0xe0, 0x3, 0xff,
    0x8f, 0xfe, 0x0, 0x3f, 0xf8, 0xff, 0xe0, 0x3,
    0xff, 0x8f, 0xfe, 0x0, 0x3f, 0xf8, 0xff, 0xe0,
    0x3, 0xff, 0x8f, 0xfe, 0x0, 0x3f, 0xf8, 0xff,
    0xe0, 0x3, 0xff, 0x8f, 0xfe, 0x0, 0x3f, 0xf8,
    0xff, 0xe0, 0x3, 0xff, 0x8f, 0xfe, 0x0, 0x3f,
    0xf8, 0xff, 0xe0, 0x3, 0xff, 0x8f, 0xfe, 0x0,
    0x3f, 0xf8, 0xff, 0xe0, 0x3, 0xff, 0x8f, 0xfe,
    0x0, 0x3f, 0xf8, 0xff, 0xe0, 0x3, 0xff, 0x8f,
    0xfe, 0x0, 0x3f, 0xf8, 0xff, 0xe0, 0x3, 0xff,
    0x8f, 0xfe, 0x0, 0x3f, 0xf8, 0xff, 0xe0, 0x3,
    0xff, 0x8f, 0xff, 0x0, 0x7f, 0xf8, 0x7f, 0xf8,
    0xf, 0xff, 0x7, 0xff, 0xc1, 0xff, 0xf0, 0x7f,
    0xff, 0xff, 0xff, 0x3, 0xff, 0xff, 0xff, 0xe0,
    0x3f, 0xff, 0xff, 0xfe, 0x1, 0xff, 0xff, 0xff,
    0xc0, 0x1f, 0xff, 0xff, 0xfc, 0x0, 0xff, 0xff,
    0xff, 0xe0, 0x7, 0xff, 0xff, 0xff, 0xf0, 0x1f,
    0xff, 0xff, 0xff, 0x0, 0xff, 0xff, 0xff, 0xf0,
    0x1, 0xff, 0x8f, 0xff, 0x0, 0x0, 0x0, 0xff,
    0xf0, 0x0, 0x0, 0x7, 0xff, 0x0, 0x0, 0x0,
    0x7f, 0xf0, 0x0, 0x0, 0x3, 0xff, 0x0, 0x0,
    0x0, 0x1f, 0xf0, 0x0, 0x0, 0x0, 0x7f,

    /* U+0052 "R" */
    0xff, 0xff, 0xfc, 0x0, 0x3f, 0xff, 0xff, 0xe0,
    0xf, 0xff, 0xff, 0xfe, 0x3, 0xff, 0xff, 0xff,
    0xe0, 0xff, 0xff, 0xff, 0xfc, 0x3f, 0xff, 0xff,
    0xff, 0xf, 0xff, 0xff, 0xff, 0xe3, 0xff, 0xff,
    0xff, 0xf8, 0xff, 0xff, 0xff, 0xff, 0x3f, 0xff,
    0xff, 0xff, 0xcf, 0xfe, 0x1, 0xff, 0xf3, 0xff,
    0x80, 0x3f, 0xfe, 0xff, 0xe0, 0x7, 0xff, 0xbf,
    0xf8, 0x1, 0xff, 0xef, 0xfe, 0x0, 0x3f, 0xfb,
    0xff, 0x80, 0xf, 0xfe, 0xff, 0xe0, 0x3, 0xff,
    0xbf, 0xf8, 0x0, 0xff, 0xef, 0xfe, 0x0, 0x3f,
    0xfb, 0xff, 0x80, 0xf, 0xfe, 0xff, 0xe0, 0x3,
    0xff, 0xbf, 0xf8, 0x0, 0xff, 0xef, 0xfe, 0x0,
    0x3f, 0xfb, 0xff, 0x80, 0xf, 0xfe, 0xff, 0xe0,
    0x3, 0xff, 0xbf, 0xf8, 0x0, 0xff, 0xef, 0xfe,
    0x0, 0x7f, 0xf3, 0xff, 0x80, 0x1f, 0xfc, 0xff,
    0xe0, 0xf, 0xff, 0x3f, 0xf8, 0xf, 0xff, 0x8f,
    0xff, 0xff, 0xff, 0xc3, 0xff, 0xff, 0xff, 0xf0,
    0xff, 0xff, 0xff, 0xf8, 0x3f, 0xff, 0xff, 0xf8,
    0xf, 0xff, 0xff, 0xfc, 0x3, 0xff, 0xff, 0xff,
    0xc0, 0xff, 0xff, 0xff, 0xf8, 0x3f, 0xff, 0xff,
    0xff, 0xf, 0xff, 0xff, 0xff, 0xe3, 0xff, 0xff,
    0xff, 0xf8, 0xff, 0xe0, 0x3f, 0xff, 0x3f, 0xf8,
    0x3, 0xff, 0xcf, 0xfe, 0x0, 0x7f, 0xf3, 0xff,
    0x80, 0x1f, 0xfe, 0xff, 0xe0, 0x3, 0xff, 0xbf,
    0xf8, 0x0, 0xff, 0xef, 0xfe, 0x0, 0x3f, 0xfb,
    0xff, 0x80, 0xf, 0xfe, 0xff, 0xe0, 0x3, 0xff,
    0xbf, 0xf8, 0x0, 0xff, 0xef, 0xfe, 0x0, 0x3f,
    0xfb, 0xff, 0x80, 0xf, 0xfe, 0xff, 0xe0, 0x3,
    0xff, 0xbf, 0xf8, 0x0, 0xff, 0xef, 0xfe, 0x0,
    0x3f, 0xfb, 0xff, 0x80, 0xf, 0xfe, 0xff, 0xe0,
    0x3, 0xff, 0xbf, 0xf8, 0x0, 0xff, 0xef, 0xfe,
    0x0, 0x3f, 0xfb, 0xff, 0x80, 0xf, 0xfe, 0xff,
    0xe0, 0x3, 0xff, 0xbf, 0xf8, 0x0, 0xff, 0xef,
    0xfe, 0x0, 0x3f, 0xfb, 0xff, 0x80, 0xf, 0xfe,
    0xff, 0xe0, 0x3, 0xff, 0xbf, 0xf8, 0x0, 0xff,
    0xef, 0xfe, 0x0, 0x3f, 0xfb, 0xff, 0x80, 0xf,
    0xfe, 0xff, 0xe0, 0x1, 0xff, 0xff, 0xf8, 0x0,
    0x7f, 0xf0,

    /* U+0053 "S" */
    0x0, 0xf, 0xfc, 0x0, 0x0, 0x3f, 0xff, 0xc0,
    0x0, 0x7f, 0xff, 0xf0, 0x0, 0xff, 0xff, 0xfe,
    0x0, 0xff, 0xff, 0xff, 0x80, 0xff, 0xff, 0xff,
    0xe0, 0x7f, 0xff, 0xff, 0xf0, 0x7f, 0xff, 0xff,
    0xfc, 0x3f, 0xff, 0xff, 0xfe, 0x3f, 0xff, 0xff,
    0xff, 0x9f, 0xff, 0x7, 0xff, 0xcf, 0xff, 0x1,
    0xff, 0xef, 0xff, 0x0, 0x7f, 0xff, 0xff, 0x0,
    0x1f, 0xff, 0xff, 0x80, 0xf, 0xff, 0xff, 0xc0,
    0x7, 0xff, 0xff, 0xe0, 0x3, 0xff, 0xff, 0xf0,
    0x1, 0xff, 0xff, 0xf8, 0x0, 0xff, 0xff, 0xfc,
    0x0, 0x7f, 0xff, 0xff, 0x0, 0x3f, 0xff, 0xff,
    0x80, 0x0, 0x3, 0xff, 0xc0, 0x0, 0x0, 0xff,
    0xf0, 0x0, 0x0, 0x7f, 0xfc, 0x0, 0x0, 0x3f,
    0xfe, 0x0, 0x0, 0xf, 0xff, 0x80, 0x0, 0x7,
    0xff, 0xe0, 0x0, 0x1, 0xff, 0xf8, 0x0, 0x0,
    0xff, 0xfe, 0x0, 0x0, 0x3f, 0xff, 0x80, 0x0,
    0xf, 0xff, 0xe0, 0x0, 0x3, 0xff, 0xf8, 0x0,
    0x0, 0xff, 0xff, 0x0, 0x0, 0x7f, 0xff, 0xc0,
    0x0, 0x1f, 0xff, 0xf0, 0x0, 0x7, 0xff, 0xfc,
    0x0, 0x1, 0xff, 0xff, 0x0, 0x0, 0x3f, 0xff,
    0x80, 0x0, 0xf, 0xff, 0xe0, 0x0, 0x3, 0xff,
    0xf8, 0x0, 0x0, 0xff, 0xfe, 0x0, 0x0, 0x3f,
    0xff, 0x0, 0x0, 0xf, 0xff, 0xc0, 0x0, 0x3,
    0xff, 0xe0, 0x0, 0x0, 0xff, 0xf8, 0x0, 0x0,
    0x7f, 0xfc, 0x0, 0x0, 0x1f, 0xfe, 0x0, 0x0,
    0x7, 0xff, 0x0, 0x0, 0x3, 0xff, 0xff, 0xf8,
    0x1, 0xff, 0xff, 0xfc, 0x0, 0x7f, 0xff, 0xfe,
    0x0, 0x3f, 0xff, 0xff, 0x0, 0x1f, 0xff, 0xff,
    0x80, 0xf, 0xff, 0xff, 0xc0, 0x7, 0xff, 0xff,
    0xe0, 0x3, 0xff, 0xff, 0xf0, 0x1, 0xff, 0xff,
    0xf8, 0x0, 0xff, 0xff, 0xfe, 0x0, 0xff, 0xf7,
    0xff, 0x80, 0xff, 0xf3, 0xff, 0xe0, 0xff, 0xf9,
    0xff, 0xff, 0xff, 0xfc, 0x7f, 0xff, 0xff, 0xfc,
    0x3f, 0xff, 0xff, 0xfe, 0xf, 0xff, 0xff, 0xfe,
    0x7, 0xff, 0xff, 0xff, 0x1, 0xff, 0xff, 0xff,
    0x0, 0x7f, 0xff, 0xff, 0x0, 0x1f, 0xff, 0xfe,
    0x0, 0x3, 0xff, 0xfc, 0x0, 0x0, 0x3f, 0xf0,
    0x0,

    /* U+0054 "T" */
    0xff, 0xff, 0xff, 0xff, 0xff, 0xff, 0xff, 0xff,
    0xff, 0xff, 0xff, 0xff, 0xff, 0xff, 0xff, 0xff,
    0xff, 0xff, 0xff, 0xff, 0xff, 0xff, 0xff, 0xff,
    0xff, 0xff, 0xff, 0xff, 0xff, 0xff, 0xff, 0xff,
    0xff, 0xff, 0xff, 0xff, 0xff, 0xff, 0xff, 0xff,
    0xff, 0xff, 0xf0, 0x0, 0xff, 0xe0, 0x0, 0x0,
    0x3f, 0xf8, 0x0, 0x0, 0xf, 0xfe, 0x0, 0x0,
    0x3, 0xff, 0x80, 0x0, 0x0, 0xff, 0xe0, 0x0,
    0x0, 0x3f, 0xf8, 0x0, 0x0, 0xf, 0xfe, 0x0,
    0x0, 0x3, 0xff, 0x80, 0x0, 0x0, 0xff, 0xe0,
    0x0, 0x0, 0x3f, 0xf8, 0x0, 0x0, 0xf, 0xfe,
    0x0, 0x0, 0x3, 0xff, 0x80, 0x0, 0x0, 0xff,
    0xe0, 0x0, 0x0, 0x3f, 0xf8, 0x0, 0x0, 0xf,
    0xfe, 0x0, 0x0, 0x3, 0xff, 0x80, 0x0, 0x0,
    0xff, 0xe0, 0x0, 0x0, 0x3f, 0xf8, 0x0, 0x0,
    0xf, 0xfe, 0x0, 0x0, 0x3, 0xff, 0x80, 0x0,
    0x0, 0xff, 0xe0, 0x0, 0x0, 0x3f, 0xf8, 0x0,
    0x0, 0xf, 0xfe, 0x0, 0x0, 0x3, 0xff, 0x80,
    0x0, 0x0, 0xff, 0xe0, 0x0, 0x0, 0x3f, 0xf8,
    0x0, 0x0, 0xf, 0xfe, 0x0, 0x0, 0x3, 0xff,
    0x80, 0x0, 0x0, 0xff, 0xe0, 0x0, 0x0, 0x3f,
    0xf8, 0x0, 0x0, 0xf, 0xfe, 0x0, 0x0, 0x3,
    0xff, 0x80, 0x0, 0x0, 0xff, 0xe0, 0x0, 0x0,
    0x3f, 0xf8, 0x0, 0x0, 0xf, 0xfe, 0x0, 0x0,
    0x3, 0xff, 0x80, 0x0, 0x0, 0xff, 0xe0, 0x0,
    0x0, 0x3f, 0xf8, 0x0, 0x0, 0xf, 0xfe, 0x0,
    0x0, 0x3, 0xff, 0x80, 0x0, 0x0, 0xff, 0xe0,
    0x0, 0x0, 0x3f, 0xf8, 0x0, 0x0, 0xf, 0xfe,
    0x0, 0x0, 0x3, 0xff, 0x80, 0x0, 0x0, 0xff,
    0xe0, 0x0, 0x0, 0x3f, 0xf8, 0x0, 0x0, 0xf,
    0xfe, 0x0, 0x0, 0x3, 0xff, 0x80, 0x0, 0x0,
    0xff, 0xe0, 0x0, 0x0, 0x3f, 0xf8, 0x0, 0x0,
    0xf, 0xfe, 0x0, 0x0, 0x3, 0xff, 0x80, 0x0,
    0x0, 0xff, 0xe0, 0x0, 0x0, 0x3f, 0xf8, 0x0,
    0x0, 0xf, 0xfe, 0x0, 0x0, 0x3, 0xff, 0x80,
    0x0, 0x0, 0xff, 0xe0, 0x0, 0x0, 0x3f, 0xf8,
    0x0, 0x0, 0xf, 0xfe, 0x0, 0x0, 0x3, 0xff,
    0x80, 0x0,

    /* U+0055 "U" */
    0xff, 0xe0, 0x3, 0xff, 0xff, 0xf0, 0x1, 0xff,
    0xff, 0xf8, 0x0, 0xff, 0xff, 0xfc, 0x0, 0x7f,
    0xff, 0xfe, 0x0, 0x3f, 0xff, 0xff, 0x0, 0x1f,
    0xff, 0xff, 0x80, 0xf, 0xff, 0xff, 0xc0, 0x7,
    0xff, 0xff, 0xe0, 0x3, 0xff, 0xff, 0xf0, 0x1,
    0xff, 0xff, 0xf8, 0x0, 0xff, 0xff, 0xfc, 0x0,
    0x7f, 0xff, 0xfe, 0x0, 0x3f, 0xff, 0xff, 0x0,
    0x1f, 0xff, 0xff, 0x80, 0xf, 0xff, 0xff, 0xc0,
    0x7, 0xff, 0xff, 0xe0, 0x3, 0xff, 0xff, 0xf0,
    0x1, 0xff, 0xff, 0xf8, 0x0, 0xff, 0xff, 0xfc,
    0x0, 0x7f, 0xff, 0xfe, 0x0, 0x3f, 0xff, 0xff,
    0x0, 0x1f, 0xff, 0xff, 0x80, 0xf, 0xff, 0xff,
    0xc0, 0x7, 0xff, 0xff, 0xe0, 0x3, 0xff, 0xff,
    0xf0, 0x1, 0xff, 0xff, 0xf8, 0x0, 0xff, 0xff,
    0xfc, 0x0, 0x7f, 0xff, 0xfe, 0x0, 0x3f, 0xff,
    0xff, 0x0, 0x1f, 0xff, 0xff, 0x80, 0xf, 0xff,
    0xff, 0xc0, 0x7, 0xff, 0xff, 0xe0, 0x3, 0xff,
    0xff, 0xf0, 0x1, 0xff, 0xff, 0xf8, 0x0, 0xff,
    0xff, 0xfc, 0x0, 0x7f, 0xff, 0xfe, 0x0, 0x3f,
    0xff, 0xff, 0x0, 0x1f, 0xff, 0xff, 0x80, 0xf,
    0xff, 0xff, 0xc0, 0x7, 0xff, 0xff, 0xe0, 0x3,
    0xff, 0xff, 0xf0, 0x1, 0xff, 0xff, 0xf8, 0x0,
    0xff, 0xff, 0xfc, 0x0, 0x7f, 0xff, 0xfe, 0x0,
    0x3f, 0xff, 0xff, 0x0, 0x1f, 0xff, 0xff, 0x80,
    0xf, 0xff, 0xff, 0xc0, 0x7, 0xff, 0xff, 0xe0,
    0x3, 0xff, 0xff, 0xf0, 0x1, 0xff, 0xff, 0xf8,
    0x0, 0xff, 0xff, 0xfc, 0x0, 0x7f, 0xff, 0xfe,
    0x0, 0x3f, 0xff, 0xff, 0x0, 0x1f, 0xff, 0xff,
    0x80, 0xf, 0xff, 0xff, 0xc0, 0x7, 0xff, 0xff,
    0xe0, 0x3, 0xff, 0xff, 0xf0, 0x1, 0xff, 0xff,
    0xfc, 0x1, 0xff, 0xef, 0xff, 0x1, 0xff, 0xe7,
    0xff, 0xc1, 0xff, 0xf3, 0xff, 0xff, 0xff, 0xf8,
    0xff, 0xff, 0xff, 0xf8, 0x7f, 0xff, 0xff, 0xfc,
    0x1f, 0xff, 0xff, 0xfc, 0xf, 0xff, 0xff, 0xfe,
    0x3, 0xff, 0xff, 0xfe, 0x0, 0xff, 0xff, 0xfe,
    0x0, 0x1f, 0xff, 0xfc, 0x0, 0x7, 0xff, 0xf8,
    0x0, 0x0, 0x7f, 0xf0, 0x0,

    /* U+0056 "V" */
    0xff, 0xe0, 0x0, 0x3f, 0xff, 0xfe, 0x0, 0x3,
    0xff, 0x7f, 0xf0, 0x0, 0x3f, 0xf7, 0xff, 0x0,
    0x7, 0xfe, 0x7f, 0xf0, 0x0, 0x7f, 0xe7, 0xff,
    0x0, 0x7, 0xfe, 0x7f, 0xf0, 0x0, 0x7f, 0xe7,
    0xff, 0x0, 0x7, 0xfe, 0x7f, 0xf0, 0x0, 0x7f,
    0xe3, 0xff, 0x80, 0x7, 0xfe, 0x3f, 0xf8, 0x0,
    0x7f, 0xc3, 0xff, 0x80, 0xf, 0xfc, 0x3f, 0xf8,
    0x0, 0xff, 0xc3, 0xff, 0x80, 0xf, 0xfc, 0x3f,
    0xf8, 0x0, 0xff, 0xc1, 0xff, 0x80, 0xf, 0xfc,
    0x1f, 0xf8, 0x0, 0xff, 0xc1, 0xff, 0xc0, 0xf,
    0xf8, 0x1f, 0xfc, 0x1, 0xff, 0x81, 0xff, 0xc0,
    0x1f, 0xf8, 0x1f, 0xfc, 0x1, 0xff, 0x81, 0xff,
    0xc0, 0x1f, 0xf8, 0xf, 0xfc, 0x1, 0xff, 0x80,
    0xff, 0xc0, 0x1f, 0xf0, 0xf, 0xfe, 0x1, 0xff,
    0x0, 0xff, 0xe0, 0x1f, 0xf0, 0xf, 0xfe, 0x3,
    0xff, 0x0, 0xff, 0xe0, 0x3f, 0xf0, 0x7, 0xfe,
    0x3, 0xff, 0x0, 0x7f, 0xe0, 0x3f, 0xf0, 0x7,
    0xfe, 0x3, 0xfe, 0x0, 0x7f, 0xe0, 0x3f, 0xe0,
    0x7, 0xff, 0x3, 0xfe, 0x0, 0x7f, 0xf0, 0x7f,
    0xe0, 0x7, 0xff, 0x7, 0xfe, 0x0, 0x3f, 0xf0,
    0x7f, 0xe0, 0x3, 0xff, 0x7, 0xfc, 0x0, 0x3f,
    0xf0, 0x7f, 0xc0, 0x3, 0xff, 0x7, 0xfc, 0x0,
    0x3f, 0xf8, 0x7f, 0xc0, 0x3, 0xff, 0x87, 0xfc,
    0x0, 0x3f, 0xf8, 0xff, 0xc0, 0x1, 0xff, 0x8f,
    0xfc, 0x0, 0x1f, 0xf8, 0xff, 0x80, 0x1, 0xff,
    0x8f, 0xf8, 0x0, 0x1f, 0xf8, 0xff, 0x80, 0x1,
    0xff, 0x8f, 0xf8, 0x0, 0x1f, 0xfc, 0xff, 0x80,
    0x0, 0xff, 0xdf, 0xf8, 0x0, 0xf, 0xfd, 0xff,
    0x80, 0x0, 0xff, 0xdf, 0xf0, 0x0, 0xf, 0xfd,
    0xff, 0x0, 0x0, 0xff, 0xdf, 0xf0, 0x0, 0xf,
    0xfd, 0xff, 0x0, 0x0, 0xff, 0xff, 0xf0, 0x0,
    0x7, 0xff, 0xff, 0x0, 0x0, 0x7f, 0xff, 0xe0,
    0x0, 0x7, 0xff, 0xfe, 0x0, 0x0, 0x7f, 0xff,
    0xe0, 0x0, 0x7, 0xff, 0xfe, 0x0, 0x0, 0x7f,
    0xff, 0xe0, 0x0, 0x3, 0xff, 0xfe, 0x0, 0x0,
    0x3f, 0xff, 0xe0, 0x0, 0x3, 0xff, 0xfc, 0x0,
    0x0, 0x3f, 0xff, 0xc0, 0x0, 0x3, 0xff, 0xfc,
    0x0, 0x0, 0x3f, 0xff, 0xc0, 0x0, 0x3, 0xff,
    0xfc, 0x0, 0x0, 0x1f, 0xff, 0xc0, 0x0, 0x1,
    0xff, 0xf8, 0x0,

    /* U+0057 "W" */
    0x7f, 0xe0, 0x7, 0xff, 0x80, 0xf, 0xfb, 0xff,
    0x0, 0x3f, 0xfe, 0x0, 0x7f, 0xdf, 0xf8, 0x1,
    0xff, 0xf0, 0x7, 0xfe, 0xff, 0xc0, 0xf, 0xff,
    0x80, 0x3f, 0xf7, 0xff, 0x0, 0x7f, 0xfc, 0x1,
    0xff, 0xbf, 0xf8, 0x3, 0xff, 0xe0, 0xf, 0xfd,
    0xff, 0xc0, 0x1f, 0xff, 0x0, 0x7f, 0xef, 0xfe,
    0x0, 0xff, 0xf8, 0x3, 0xfe, 0x7f, 0xf0, 0x7,
    0xff, 0xc0, 0x1f, 0xf3, 0xff, 0x80, 0x7f, 0xfe,
    0x0, 0xff, 0x8f, 0xfc, 0x3, 0xff, 0xf0, 0x7,
    0xfc, 0x7f, 0xe0, 0x1f, 0xff, 0xc0, 0x3f, 0xe3,
    0xff, 0x0, 0xff, 0xfe, 0x1, 0xff, 0x1f, 0xf8,
    0x7, 0xff, 0xf0, 0x1f, 0xf8, 0xff, 0xc0, 0x3f,
    0xff, 0x80, 0xff, 0xc7, 0xff, 0x1, 0xff, 0xfc,
    0x7, 0xfe, 0x3f, 0xf8, 0xf, 0xff, 0xe0, 0x3f,
    0xf1, 0xff, 0xc0, 0x7f, 0xff, 0x1, 0xff, 0xf,
    0xfe, 0x3, 0xff, 0xf8, 0xf, 0xf8, 0x7f, 0xf0,
    0x1f, 0xff, 0xc0, 0x7f, 0xc1, 0xff, 0x81, 0xff,
    0xfe, 0x3, 0xfe, 0xf, 0xfc, 0xf, 0xff, 0xf0,
    0x1f, 0xf0, 0x7f, 0xe0, 0x7f, 0xff, 0xc0, 0xff,
    0x83, 0xff, 0x3, 0xff, 0xfe, 0x7, 0xfc, 0x1f,
    0xf8, 0x1f, 0xef, 0xf0, 0x7f, 0xe0, 0xff, 0xc0,
    0xff, 0x7f, 0x83, 0xff, 0x7, 0xff, 0x7, 0xfb,
    0xfc, 0x1f, 0xf8, 0x3f, 0xf8, 0x3f, 0xdf, 0xe0,
    0xff, 0x81, 0xff, 0xc1, 0xfe, 0xff, 0x7, 0xfc,
    0xf, 0xfe, 0xf, 0xf7, 0xf8, 0x3f, 0xe0, 0x3f,
    0xf0, 0xff, 0x3f, 0xc1, 0xff, 0x1, 0xff, 0x87,
    0xf9, 0xfe, 0xf, 0xf8, 0xf, 0xfc, 0x3f, 0xcf,
    0xf8, 0x7f, 0xc0, 0x7f, 0xe1, 0xfe, 0x3f, 0xc3,
    0xfe, 0x3, 0xff, 0xf, 0xf1, 0xfe, 0x1f, 0xf0,
    0x1f, 0xf8, 0x7f, 0x8f, 0xf1, 0xff, 0x80, 0xff,
    0xc3, 0xfc, 0x7f, 0x8f, 0xfc, 0x7, 0xff, 0x1f,
    0xe3, 0xfc, 0x7f, 0xc0, 0x3f, 0xf8, 0xff, 0x1f,
    0xe3, 0xfe, 0x0, 0xff, 0xc7, 0xf0, 0xff, 0x1f,
    0xf0, 0x7, 0xfe, 0x7f, 0x87, 0xf8, 0xff, 0x80,
    0x3f, 0xf3, 0xfc, 0x3f, 0xc7, 0xfc, 0x1, 0xff,
    0x9f, 0xe1, 0xff, 0x3f, 0xe0, 0xf, 0xfc, 0xff,
    0x7, 0xf9, 0xff, 0x0, 0x7f, 0xe7, 0xf8, 0x3f,
    0xcf, 0xf8, 0x3, 0xff, 0x3f, 0xc1, 0xfe, 0x7f,
    0xc0, 0x1f, 0xf9, 0xfe, 0xf, 0xf7, 0xfc, 0x0,
    0xff, 0xcf, 0xf0, 0x7f, 0xbf, 0xe0, 0x7, 0xff,
    0x7f, 0x3, 0xfd, 0xff, 0x0, 0x1f, 0xfb, 0xf8,
    0x1f, 0xef, 0xf8, 0x0, 0xff, 0xdf, 0xc0, 0xff,
    0x7f, 0xc0, 0x7, 0xff, 0xfe, 0x7, 0xfb, 0xfe,
    0x0, 0x3f, 0xff, 0xf0, 0x1f, 0xdf, 0xf0, 0x1,
    0xff, 0xff, 0x80, 0xff, 0xff, 0x80, 0xf, 0xff,
    0xfc, 0x7, 0xff, 0xfc, 0x0, 0x7f, 0xff, 0xe0,
    0x3f, 0xff, 0xe0, 0x3, 0xff, 0xff, 0x1, 0xff,
    0xfe, 0x0, 0x1f, 0xff, 0xf8, 0xf, 0xff, 0xf0,
    0x0, 0xff, 0xff, 0x80, 0x7f, 0xff, 0x80, 0x3,
    0xff, 0xfc, 0x3, 0xff, 0xfc, 0x0, 0x1f, 0xff,
    0xe0, 0x1f, 0xff, 0xe0, 0x0, 0xff, 0xff, 0x0,
    0x7f, 0xff, 0x0, 0x7, 0xff, 0xf8, 0x3, 0xff,
    0xf8, 0x0, 0x3f, 0xff, 0xc0, 0x1f, 0xff, 0xc0,
    0x1, 0xff, 0xfe, 0x0, 0xff, 0xfe, 0x0, 0xf,
    0xff, 0xf0, 0x7, 0xff, 0xf0, 0x0, 0x7f, 0xff,
    0x80, 0x3f, 0xff, 0x0, 0x3, 0xff, 0xf8, 0x1,
    0xff, 0xf8, 0x0, 0x1f, 0xff, 0xc0, 0xf, 0xff,
    0xc0, 0x0, 0x7f, 0xfe, 0x0, 0x7f, 0xfe, 0x0,

    /* U+0058 "X" */
    0x7f, 0xf0, 0x0, 0x1f, 0xfc, 0xff, 0xf0, 0x0,
    0x3f, 0xf0, 0xff, 0xe0, 0x0, 0x7f, 0xe1, 0xff,
    0xc0, 0x1, 0xff, 0xc3, 0xff, 0xc0, 0x3, 0xff,
    0x3, 0xff, 0x80, 0x7, 0xfe, 0x7, 0xff, 0x0,
    0x1f, 0xfc, 0xf, 0xff, 0x0, 0x3f, 0xf0, 0xf,
    0xfe, 0x0, 0x7f, 0xe0, 0x1f, 0xfc, 0x1, 0xff,
    0xc0, 0x3f, 0xfc, 0x3, 0xff, 0x0, 0x3f, 0xf8,
    0x7, 0xfe, 0x0, 0x7f, 0xf0, 0x1f, 0xfc, 0x0,
    0xff, 0xf0, 0x3f, 0xf0, 0x0, 0xff, 0xe0, 0x7f,
    0xe0, 0x1, 0xff, 0xc1, 0xff, 0x80, 0x1, 0xff,
    0xc3, 0xff, 0x0, 0x3, 0xff, 0x87, 0xfe, 0x0,
    0x7, 0xff, 0x1f, 0xf8, 0x0, 0x7, 0xff, 0x3f,
    0xf0, 0x0, 0xf, 0xfe, 0x7f, 0xe0, 0x0, 0x1f,
    0xfd, 0xff, 0x80, 0x0, 0x1f, 0xff, 0xff, 0x0,
    0x0, 0x3f, 0xff, 0xfe, 0x0, 0x0, 0x7f, 0xff,
    0xf8, 0x0, 0x0, 0x7f, 0xff, 0xf0, 0x0, 0x0,
    0xff, 0xff, 0xe0, 0x0, 0x1, 0xff, 0xff, 0x80,
    0x0, 0x1, 0xff, 0xff, 0x0, 0x0, 0x3, 0xff,
    0xfc, 0x0, 0x0, 0x7, 0xff, 0xf8, 0x0, 0x0,
    0x7, 0xff, 0xf0, 0x0, 0x0, 0xf, 0xff, 0xc0,
    0x0, 0x0, 0xf, 0xff, 0x80, 0x0, 0x0, 0x1f,
    0xff, 0x0, 0x0, 0x0, 0x7f, 0xfe, 0x0, 0x0,
    0x0, 0xff, 0xfe, 0x0, 0x0, 0x1, 0xff, 0xfc,
    0x0, 0x0, 0x7, 0xff, 0xf8, 0x0, 0x0, 0xf,
    0xff, 0xf8, 0x0, 0x0, 0x1f, 0xff, 0xf0, 0x0,
    0x0, 0x7f, 0xff, 0xe0, 0x0, 0x0, 0xff, 0xff,
    0xe0, 0x0, 0x3, 0xff, 0xff, 0xc0, 0x0, 0x7,
    0xff, 0xff, 0x80, 0x0, 0xf, 0xff, 0xff, 0x80,
    0x0, 0x3f, 0xf7, 0xff, 0x0, 0x0, 0x7f, 0xe7,
    0xff, 0x0, 0x0, 0xff, 0xcf, 0xfe, 0x0, 0x3,
    0xff, 0x1f, 0xfc, 0x0, 0x7, 0xfe, 0x1f, 0xfc,
    0x0, 0xf, 0xfc, 0x3f, 0xf8, 0x0, 0x3f, 0xf0,
    0x7f, 0xf0, 0x0, 0x7f, 0xe0, 0x7f, 0xf0, 0x0,
    0xff, 0xc0, 0xff, 0xe0, 0x3, 0xff, 0x1, 0xff,
    0xc0, 0x7, 0xfe, 0x3, 0xff, 0xc0, 0xf, 0xfc,
    0x3, 0xff, 0x80, 0x3f, 0xf0, 0x7, 0xff, 0x0,
    0x7f, 0xe0, 0xf, 0xff, 0x1, 0xff, 0xc0, 0xf,
    0xfe, 0x3, 0xff, 0x0, 0x1f, 0xfc, 0x7, 0xfe,
    0x0, 0x3f, 0xfc, 0x1f, 0xfc, 0x0, 0x3f, 0xf8,
    0x3f, 0xf0, 0x0, 0x7f, 0xf8, 0x7f, 0xe0, 0x0,
    0xff, 0xf1, 0xff, 0xc0, 0x0, 0xff, 0xe3, 0xff,
    0x0, 0x1, 0xff, 0xe7, 0xfe, 0x0, 0x3, 0xff,
    0xdf, 0xfc, 0x0, 0x3, 0xff, 0x80,

    /* U+0059 "Y" */
    0xff, 0xf0, 0x0, 0x3f, 0xff, 0xff, 0x80, 0x1,
    0xff, 0xdf, 0xfc, 0x0, 0xf, 0xfc, 0xff, 0xe0,
    0x0, 0x7f, 0xe7, 0xff, 0x80, 0x7, 0xff, 0x1f,
    0xfc, 0x0, 0x3f, 0xf0, 0xff, 0xe0, 0x1, 0xff,
    0x87, 0xff, 0x80, 0x1f, 0xfc, 0x1f, 0xfc, 0x0,
    0xff, 0xc0, 0xff, 0xe0, 0x7, 0xfe, 0x7, 0xff,
    0x0, 0x3f, 0xf0, 0x1f, 0xfc, 0x3, 0xff, 0x80,
    0xff, 0xe0, 0x1f, 0xf8, 0x7, 0xff, 0x0, 0xff,
    0xc0, 0x3f, 0xfc, 0xf, 0xfe, 0x0, 0xff, 0xe0,
    0x7f, 0xe0, 0x7, 0xff, 0x3, 0xff, 0x0, 0x3f,
    0xfc, 0x3f, 0xf8, 0x0, 0xff, 0xe1, 0xff, 0x80,
    0x7, 0xff, 0xf, 0xfc, 0x0, 0x3f, 0xf8, 0x7f,
    0xe0, 0x0, 0xff, 0xe7, 0xfe, 0x0, 0x7, 0xff,
    0x3f, 0xf0, 0x0, 0x3f, 0xf9, 0xff, 0x80, 0x0,
    0xff, 0xff, 0xf8, 0x0, 0x7, 0xff, 0xff, 0xc0,
    0x0, 0x3f, 0xff, 0xfe, 0x0, 0x0, 0xff, 0xff,
    0xe0, 0x0, 0x7, 0xff, 0xff, 0x0, 0x0, 0x3f,
    0xff, 0xf8, 0x0, 0x0, 0xff, 0xff, 0x80, 0x0,
    0x7, 0xff, 0xfc, 0x0, 0x0, 0x3f, 0xff, 0xe0,
    0x0, 0x0, 0xff, 0xfe, 0x0, 0x0, 0x7, 0xff,
    0xf0, 0x0, 0x0, 0x3f, 0xff, 0x80, 0x0, 0x0,
    0xff, 0xf8, 0x0, 0x0, 0x7, 0xff, 0xc0, 0x0,
    0x0, 0x3f, 0xfe, 0x0, 0x0, 0x0, 0xff, 0xe0,
    0x0, 0x0, 0x7, 0xff, 0x0, 0x0, 0x0, 0x3f,
    0xf8, 0x0, 0x0, 0x1, 0xff, 0xc0, 0x0, 0x0,
    0xf, 0xfe, 0x0, 0x0, 0x0, 0x7f, 0xf0, 0x0,
    0x0, 0x3, 0xff, 0x80, 0x0, 0x0, 0x1f, 0xfc,
    0x0, 0x0, 0x0, 0xff, 0xe0, 0x0, 0x0, 0x7,
    0xff, 0x0, 0x0, 0x0, 0x3f, 0xf8, 0x0, 0x0,
    0x1, 0xff, 0xc0, 0x0, 0x0, 0xf, 0xfe, 0x0,
    0x0, 0x0, 0x7f, 0xf0, 0x0, 0x0, 0x3, 0xff,
    0x80, 0x0, 0x0, 0x1f, 0xfc, 0x0, 0x0, 0x0,
    0xff, 0xe0, 0x0, 0x0, 0x7, 0xff, 0x0, 0x0,
    0x0, 0x3f, 0xf8, 0x0, 0x0, 0x1, 0xff, 0xc0,
    0x0, 0x0, 0xf, 0xfe, 0x0, 0x0, 0x0, 0x7f,
    0xf0, 0x0, 0x0, 0x3, 0xff, 0x80, 0x0, 0x0,
    0x1f, 0xfc, 0x0, 0x0, 0x0, 0xff, 0xe0, 0x0,
    0x0, 0x7, 0xff, 0x0, 0x0, 0x0, 0x3f, 0xf8,
    0x0, 0x0, 0x1, 0xff, 0xc0, 0x0, 0x0, 0xf,
    0xfe, 0x0, 0x0, 0x0, 0x7f, 0xf0, 0x0, 0x0,
    0x3, 0xff, 0x80, 0x0,

    /* U+005A "Z" */
    0x7f, 0xff, 0xff, 0xff, 0x7f, 0xff, 0xff, 0xff,
    0x7f, 0xff, 0xff, 0xff, 0x7f, 0xff, 0xff, 0xff,
    0x7f, 0xff, 0xff, 0xff, 0x7f, 0xff, 0xff, 0xff,
    0x7f, 0xff, 0xff, 0xff, 0x7f, 0xff, 0xff, 0xff,
    0x7f, 0xff, 0xff, 0xff, 0x7f, 0xff, 0xff, 0xff,
    0x0, 0x0, 0xf, 0xff, 0x0, 0x0, 0xf, 0xfe,
    0x0, 0x0, 0x1f, 0xfe, 0x0, 0x0, 0x1f, 0xfe,
    0x0, 0x0, 0x3f, 0xfc, 0x0, 0x0, 0x3f, 0xfc,
    0x0, 0x0, 0x3f, 0xf8, 0x0, 0x0, 0x7f, 0xf8,
    0x0, 0x0, 0x7f, 0xf8, 0x0, 0x0, 0xff, 0xf0,
    0x0, 0x0, 0xff, 0xf0, 0x0, 0x0, 0xff, 0xe0,
    0x0, 0x1, 0xff, 0xe0, 0x0, 0x1, 0xff, 0xc0,
    0x0, 0x3, 0xff, 0xc0, 0x0, 0x3, 0xff, 0xc0,
    0x0, 0x3, 0xff, 0x80, 0x0, 0x7, 0xff, 0x80,
    0x0, 0x7, 0xff, 0x0, 0x0, 0xf, 0xff, 0x0,
    0x0, 0xf, 0xff, 0x0, 0x0, 0xf, 0xfe, 0x0,
    0x0, 0x1f, 0xfe, 0x0, 0x0, 0x1f, 0xfc, 0x0,
    0x0, 0x3f, 0xfc, 0x0, 0x0, 0x3f, 0xfc, 0x0,
    0x0, 0x3f, 0xf8, 0x0, 0x0, 0x7f, 0xf8, 0x0,
    0x0, 0x7f, 0xf0, 0x0, 0x0, 0xff, 0xf0, 0x0,
    0x0, 0xff, 0xf0, 0x0, 0x0, 0xff, 0xe0, 0x0,
    0x1, 0xff, 0xe0, 0x0, 0x1, 0xff, 0xc0, 0x0,
    0x3, 0xff, 0xc0, 0x0, 0x3, 0xff, 0xc0, 0x0,
    0x3, 0xff, 0x80, 0x0, 0x7, 0xff, 0x80, 0x0,
    0x7, 0xff, 0x0, 0x0, 0xf, 0xff, 0x0, 0x0,
    0xf, 0xff, 0x0, 0x0, 0x1f, 0xfe, 0x0, 0x0,
    0x1f, 0xfe, 0x0, 0x0, 0x1f, 0xfc, 0x0, 0x0,
    0x3f, 0xfc, 0x0, 0x0, 0x3f, 0xfc, 0x0, 0x0,
    0x7f, 0xf8, 0x0, 0x0, 0x7f, 0xf8, 0x0, 0x0,
    0x7f, 0xf0, 0x0, 0x0, 0xff, 0xf0, 0x0, 0x0,
    0xff, 0xff, 0xff, 0xff, 0xff, 0xff, 0xff, 0xff,
    0xff, 0xff, 0xff, 0xff, 0xff, 0xff, 0xff, 0xff,
    0xff, 0xff, 0xff, 0xff, 0xff, 0xff, 0xff, 0xff,
    0xff, 0xff, 0xff, 0xff, 0xff, 0xff, 0xff, 0xff,
    0xff, 0xff, 0xff, 0xff, 0xff, 0xff, 0xff, 0xff,

    /* U+005B "[" */
    0xff, 0xff, 0xff, 0xff, 0xff, 0xff, 0xff, 0xff,
    0xff, 0xff, 0xff, 0xff, 0xff, 0xff, 0xff, 0xff,
    0xff, 0xff, 0xff, 0xff, 0xff, 0xf8, 0xf, 0xfe,
    0x3, 0xff, 0x80, 0xff, 0xe0, 0x3f, 0xf8, 0xf,
    0xfe, 0x3, 0xff, 0x80, 0xff, 0xe0, 0x3f, 0xf8,
    0xf, 0xfe, 0x3, 0xff, 0x80, 0xff, 0xe0, 0x3f,
    0xf8, 0xf, 0xfe, 0x3, 0xff, 0x80, 0xff, 0xe0,
    0x3f, 0xf8, 0xf, 0xfe, 0x3, 0xff, 0x80, 0xff,
    0xe0, 0x3f, 0xf8, 0xf, 0xfe, 0x3, 0xff, 0x80,
    0xff, 0xe0, 0x3f, 0xf8, 0xf, 0xfe, 0x3, 0xff,
    0x80, 0xff, 0xe0, 0x3f, 0xf8, 0xf, 0xfe, 0x3,
    0xff, 0x80, 0xff, 0xe0, 0x3f, 0xf8, 0xf, 0xfe,
    0x3, 0xff, 0x80, 0xff, 0xe0, 0x3f, 0xf8, 0xf,
    0xfe, 0x3, 0xff, 0x80, 0xff, 0xe0, 0x3f, 0xf8,
    0xf, 0xfe, 0x3, 0xff, 0x80, 0xff, 0xe0, 0x3f,
    0xf8, 0xf, 0xfe, 0x3, 0xff, 0x80, 0xff, 0xe0,
    0x3f, 0xf8, 0xf, 0xfe, 0x3, 0xff, 0x80, 0xff,
    0xe0, 0x3f, 0xf8, 0xf, 0xfe, 0x3, 0xff, 0x80,
    0xff, 0xe0, 0x3f, 0xf8, 0xf, 0xfe, 0x3, 0xff,
    0x80, 0xff, 0xe0, 0x3f, 0xf8, 0xf, 0xfe, 0x3,
    0xff, 0xff, 0xff, 0xff, 0xff, 0xff, 0xff, 0xff,
    0xff, 0xff, 0xff, 0xff, 0xff, 0xff, 0xff, 0xff,
    0xff, 0xff, 0xff, 0xff,

    /* U+005C "\\" */
    0xff, 0xc0, 0x0, 0x0, 0x7, 0xfe, 0x0, 0x0,
    0x0, 0x1f, 0xf0, 0x0, 0x0, 0x0, 0xff, 0xc0,
    0x0, 0x0, 0x3, 0xfe, 0x0, 0x0, 0x0, 0x1f,
    0xf8, 0x0, 0x0, 0x0, 0xff, 0xc0, 0x0, 0x0,
    0x3, 0xfe, 0x0, 0x0, 0x0, 0x1f, 0xf8, 0x0,
    0x0, 0x0, 0x7f, 0xc0, 0x0, 0x0, 0x3, 0xff,
    0x0, 0x0, 0x0, 0x1f, 0xf8, 0x0, 0x0, 0x0,
    0x7f, 0xc0, 0x0, 0x0, 0x3, 0xff, 0x0, 0x0,
    0x0, 0xf, 0xf8, 0x0, 0x0, 0x0, 0x7f, 0xe0,
    0x0, 0x0, 0x3, 0xff, 0x0, 0x0, 0x0, 0xf,
    0xf8, 0x0, 0x0, 0x0, 0x7f, 0xe0, 0x0, 0x0,
    0x1, 0xff, 0x0, 0x0, 0x0, 0xf, 0xf8, 0x0,
    0x0, 0x0, 0x7f, 0xe0, 0x0, 0x0, 0x1, 0xff,
    0x0, 0x0, 0x0, 0xf, 0xfc, 0x0, 0x0, 0x0,
    0x3f, 0xe0, 0x0, 0x0, 0x1, 0xff, 0x0, 0x0,
    0x0, 0xf, 0xfc, 0x0, 0x0, 0x0, 0x3f, 0xe0,
    0x0, 0x0, 0x1, 0xff, 0x80, 0x0, 0x0, 0x7,
    0xfc, 0x0, 0x0, 0x0, 0x3f, 0xe0, 0x0, 0x0,
    0x1, 0xff, 0x80, 0x0, 0x0, 0x7, 0xfc, 0x0,
    0x0, 0x0, 0x3f, 0xf0, 0x0, 0x0, 0x1, 0xff,
    0x80, 0x0, 0x0, 0x7, 0xfc, 0x0, 0x0, 0x0,
    0x3f, 0xf0, 0x0, 0x0, 0x0, 0xff, 0x80, 0x0,
    0x0, 0x7, 0xfe, 0x0, 0x0, 0x0, 0x3f, 0xf0,
    0x0, 0x0, 0x0, 0xff, 0x80, 0x0, 0x0, 0x7,
    0xfe, 0x0, 0x0, 0x0, 0x1f, 0xf0, 0x0, 0x0,
    0x0, 0xff, 0xc0, 0x0, 0x0, 0x7, 0xfe, 0x0,
    0x0, 0x0, 0x1f, 0xf0, 0x0, 0x0, 0x0, 0xff,
    0xc0, 0x0, 0x0, 0x3, 0xfe, 0x0, 0x0, 0x0,
    0x1f, 0xf8, 0x0, 0x0, 0x0, 0xff, 0xc0, 0x0,
    0x0, 0x3, 0xfe, 0x0, 0x0, 0x0, 0x1f, 0xf8,
    0x0, 0x0, 0x0, 0x7f, 0xc0, 0x0, 0x0, 0x3,
    0xff, 0x0, 0x0, 0x0, 0x1f, 0xf8, 0x0, 0x0,
    0x0, 0x7f, 0xc0, 0x0, 0x0, 0x3, 0xff, 0x0,
    0x0, 0x0, 0xf, 0xf8, 0x0, 0x0, 0x0, 0x7f,
    0xc0, 0x0, 0x0, 0x3, 0xff, 0x0, 0x0, 0x0,
    0xf, 0xf8, 0x0, 0x0, 0x0, 0x7f, 0xe0, 0x0,
    0x0, 0x1, 0xff, 0x0, 0x0, 0x0, 0xf, 0xf8,
    0x0, 0x0, 0x0, 0x7f, 0xe0, 0x0, 0x0, 0x1,
    0xff, 0x0, 0x0, 0x0, 0xf, 0xfc, 0x0, 0x0,
    0x0, 0x3f, 0xe0, 0x0, 0x0, 0x1, 0xff, 0x0,
    0x0, 0x0, 0xf, 0xfc,

    /* U+005D "]" */
    0xff, 0xff, 0xff, 0xff, 0xff, 0xff, 0xff, 0xff,
    0xff, 0xff, 0xff, 0xff, 0xff, 0xff, 0xff, 0xff,
    0xff, 0xff, 0xff, 0xff, 0xc0, 0x7f, 0xf0, 0x1f,
    0xfc, 0x7, 0xff, 0x1, 0xff, 0xc0, 0x7f, 0xf0,
    0x1f, 0xfc, 0x7, 0xff, 0x1, 0xff, 0xc0, 0x7f,
    0xf0, 0x1f, 0xfc, 0x7, 0xff, 0x1, 0xff, 0xc0,
    0x7f, 0xf0, 0x1f, 0xfc, 0x7, 0xff, 0x1, 0xff,
    0xc0, 0x7f, 0xf0, 0x1f, 0xfc, 0x7, 0xff, 0x1,
    0xff, 0xc0, 0x7f, 0xf0, 0x1f, 0xfc, 0x7, 0xff,
    0x1, 0xff, 0xc0, 0x7f, 0xf0, 0x1f, 0xfc, 0x7,
    0xff, 0x1, 0xff, 0xc0, 0x7f, 0xf0, 0x1f, 0xfc,
    0x7, 0xff, 0x1, 0xff, 0xc0, 0x7f, 0xf0, 0x1f,
    0xfc, 0x7, 0xff, 0x1, 0xff, 0xc0, 0x7f, 0xf0,
    0x1f, 0xfc, 0x7, 0xff, 0x1, 0xff, 0xc0, 0x7f,
    0xf0, 0x1f, 0xfc, 0x7, 0xff, 0x1, 0xff, 0xc0,
    0x7f, 0xf0, 0x1f, 0xfc, 0x7, 0xff, 0x1, 0xff,
    0xc0, 0x7f, 0xf0, 0x1f, 0xfc, 0x7, 0xff, 0x1,
    0xff, 0xc0, 0x7f, 0xf0, 0x1f, 0xfc, 0x7, 0xff,
    0x1, 0xff, 0xc0, 0x7f, 0xf0, 0x1f, 0xfc, 0x7,
    0xff, 0x1, 0xff, 0xc0, 0x7f, 0xf0, 0x1f, 0xff,
    0xff, 0xff, 0xff, 0xff, 0xff, 0xff, 0xff, 0xff,
    0xff, 0xff, 0xff, 0xff, 0xff, 0xff, 0xff, 0xff,
    0xff, 0xff, 0xff, 0xff,

    /* U+005E "^" */
    0x0, 0x3, 0xfc, 0x0, 0x0, 0x0, 0x7f, 0xc0,
    0x0, 0x0, 0x7, 0xfe, 0x0, 0x0, 0x0, 0xff,
    0xe0, 0x0, 0x0, 0xf, 0xff, 0x0, 0x0, 0x1,
    0xff, 0xf8, 0x0, 0x0, 0x1f, 0xff, 0x80, 0x0,
    0x3, 0xff, 0xfc, 0x0, 0x0, 0x3f, 0xff, 0xc0,
    0x0, 0x7, 0xff, 0xfe, 0x0, 0x0, 0x7f, 0xff,
    0xe0, 0x0, 0xf, 0xf9, 0xff, 0x0, 0x0, 0xff,
    0x9f, 0xf0, 0x0, 0x1f, 0xf0, 0xff, 0x80, 0x1,
    0xff, 0xf, 0xf8, 0x0, 0x3f, 0xe0, 0x7f, 0xc0,
    0x7, 0xfc, 0x7, 0xfc, 0x0, 0x7f, 0xc0, 0x3f,
    0xe0, 0xf, 0xf8, 0x3, 0xfe, 0x0, 0xff, 0x80,
    0x1f, 0xf0, 0x1f, 0xf0, 0x1, 0xff, 0x1, 0xff,
    0x0, 0xf, 0xf8, 0x3f, 0xe0, 0x0, 0x7f, 0xc3,
    0xfe, 0x0, 0x7, 0xfc, 0x7f, 0xc0, 0x0, 0x3f,
    0xe7, 0xfc, 0x0, 0x3, 0xfe, 0xff, 0x80, 0x0,
    0x1f, 0xf0,

    /* U+005F "_" */
    0xff, 0xff, 0xff, 0xff, 0xff, 0xff, 0xff, 0xff,
    0xff, 0xff, 0xff, 0xff, 0xff, 0xff, 0xff, 0xff,
    0xff, 0xff, 0xff, 0xff, 0xff, 0xff, 0xff, 0xff,
    0xff, 0xff, 0xff, 0xff, 0xff, 0xff,

    /* U+0060 "`" */
    0xff, 0xf0, 0xf, 0xff, 0x0, 0xff, 0xf0, 0xf,
    0xfe, 0x0, 0xff, 0xe0, 0xf, 0xfc, 0x0, 0xff,
    0xc0, 0xf, 0xfc, 0x0, 0xff, 0x80, 0xf, 0xf8,
    0x0, 0xff, 0x80,

    /* U+0061 "a" */
    0x0, 0x1f, 0xff, 0xe0, 0x0, 0x0, 0x7f, 0xff,
    0x80, 0x0, 0x1, 0xff, 0xfe, 0x0, 0x0, 0x7,
    0xff, 0xf8, 0x0, 0x0, 0x1f, 0xff, 0xe0, 0x0,
    0x0, 0x7f, 0xff, 0x80, 0x0, 0x1, 0xff, 0xff,
    0x0, 0x0, 0xf, 0xff, 0xfc, 0x0, 0x0, 0x3f,
    0xff, 0xf0, 0x0, 0x0, 0xff, 0xff, 0xc0, 0x0,
    0x3, 0xff, 0xff, 0x0, 0x0, 0xf, 0xff, 0xfc,
    0x0, 0x0, 0x3f, 0xdf, 0xf8, 0x0, 0x1, 0xff,
    0x7f, 0xe0, 0x0, 0x7, 0xfd, 0xff, 0x80, 0x0,
    0x1f, 0xf7, 0xfe, 0x0, 0x0, 0x7f, 0xdf, 0xf8,
    0x0, 0x1, 0xff, 0x7f, 0xe0, 0x0, 0x7, 0xfc,
    0xff, 0xc0, 0x0, 0x3f, 0xf3, 0xff, 0x0, 0x0,
    0xff, 0x8f, 0xfc, 0x0, 0x3, 0xfe, 0x3f, 0xf0,
    0x0, 0xf, 0xf8, 0xff, 0xc0, 0x0, 0x3f, 0xe3,
    0xff, 0x0, 0x0, 0xff, 0x8f, 0xfc, 0x0, 0x7,
    0xfe, 0x1f, 0xf8, 0x0, 0x1f, 0xf8, 0x7f, 0xe0,
    0x0, 0x7f, 0xc1, 0xff, 0x80, 0x1, 0xff, 0x7,
    0xfe, 0x0, 0x7, 0xfc, 0x1f, 0xf8, 0x0, 0x1f,
    0xf0, 0x7f, 0xe0, 0x0, 0xff, 0xc1, 0xff, 0xc0,
    0x3, 0xff, 0x3, 0xff, 0x0, 0xf, 0xfc, 0xf,
    0xfc, 0x0, 0x3f, 0xe0, 0x3f, 0xf0, 0x0, 0xff,
    0x80, 0xff, 0xc0, 0x3, 0xfe, 0x3, 0xff, 0x0,
    0x1f, 0xf8, 0xf, 0xfe, 0x0, 0x7f, 0xe0, 0x3f,
    0xf8, 0x1, 0xff, 0x80, 0x7f, 0xe0, 0x7, 0xfe,
    0x1, 0xff, 0x80, 0x1f, 0xf0, 0x7, 0xfe, 0x0,
    0x7f, 0xc0, 0x1f, 0xf8, 0x3, 0xff, 0x0, 0x7f,
    0xf0, 0xf, 0xfc, 0x1, 0xff, 0xc0, 0x3f, 0xf0,
    0x7, 0xff, 0x0, 0xff, 0xc0, 0xf, 0xfc, 0x3,
    0xff, 0xff, 0xff, 0xf0, 0xf, 0xff, 0xff, 0xff,
    0xc0, 0x3f, 0xff, 0xff, 0xff, 0x81, 0xff, 0xff,
    0xff, 0xfe, 0x7, 0xff, 0xff, 0xff, 0xf8, 0x1f,
    0xff, 0xff, 0xff, 0xe0, 0x7f, 0xff, 0xff, 0xff,
    0x81, 0xff, 0xff, 0xff, 0xfe, 0x7, 0xff, 0xff,
    0xff, 0xfc, 0x3f, 0xff, 0xff, 0xff, 0xf0, 0xff,
    0xc0, 0x1, 0xff, 0xc3, 0xff, 0x0, 0x7, 0xff,
    0xf, 0xfc, 0x0, 0x1f, 0xfc, 0x3f, 0xf0, 0x0,
    0x7f, 0xf0, 0xff, 0xc0, 0x0, 0xff, 0xe7, 0xff,
    0x0, 0x3, 0xff, 0x9f, 0xf8, 0x0, 0xf, 0xfe,
    0x7f, 0xe0, 0x0, 0x3f, 0xf9, 0xff, 0x80, 0x0,
    0xff, 0xe7, 0xfe, 0x0, 0x3, 0xff, 0x9f, 0xf8,
    0x0, 0x7, 0xff, 0xff, 0xe0, 0x0, 0x1f, 0xff,
    0xff, 0x0, 0x0, 0x7f, 0xf0,

    /* U+0062 "b" */
    0xff, 0xff, 0xfc, 0x0, 0x3f, 0xff, 0xff, 0xf0,
    0xf, 0xff, 0xff, 0xfe, 0x3, 0xff, 0xff, 0xff,
    0xe0, 0xff, 0xff, 0xff, 0xfc, 0x3f, 0xff, 0xff,
    0xff, 0xf, 0xff, 0xff, 0xff, 0xe3, 0xff, 0xff,
    0xff, 0xfc, 0xff, 0xff, 0xff, 0xff, 0x3f, 0xff,
    0xff, 0xff, 0xcf, 0xfe, 0x1, 0xff, 0xf3, 0xff,
    0x80, 0x3f, 0xfe, 0xff, 0xe0, 0x7, 0xff, 0xbf,
    0xf8, 0x0, 0xff, 0xef, 0xfe, 0x0, 0x3f, 0xfb,
    0xff, 0x80, 0xf, 0xfe, 0xff, 0xe0, 0x3, 0xff,
    0xbf, 0xf8, 0x0, 0xff, 0xef, 0xfe, 0x0, 0x3f,
    0xfb, 0xff, 0x80, 0xf, 0xfe, 0xff, 0xe0, 0x3,
    0xff, 0xbf, 0xf8, 0x0, 0xff, 0xef, 0xfe, 0x0,
    0x3f, 0xfb, 0xff, 0x80, 0xf, 0xfe, 0xff, 0xe0,
    0x7, 0xff, 0x3f, 0xf8, 0x1, 0xff, 0xcf, 0xfe,
    0x0, 0xff, 0xf3, 0xff, 0x80, 0xff, 0xf8, 0xff,
    0xff, 0xff, 0xfe, 0x3f, 0xff, 0xff, 0xff, 0xf,
    0xff, 0xff, 0xff, 0x83, 0xff, 0xff, 0xff, 0x80,
    0xff, 0xff, 0xff, 0xc0, 0x3f, 0xff, 0xff, 0xfc,
    0xf, 0xff, 0xff, 0xff, 0xc3, 0xff, 0xff, 0xff,
    0xf8, 0xff, 0xff, 0xff, 0xfe, 0x3f, 0xff, 0xff,
    0xff, 0xcf, 0xfe, 0x1, 0xff, 0xf3, 0xff, 0x80,
    0x1f, 0xfe, 0xff, 0xe0, 0x3, 0xff, 0xbf, 0xf8,
    0x0, 0xff, 0xef, 0xfe, 0x0, 0x1f, 0xff, 0xff,
    0x80, 0x7, 0xff, 0xff, 0xe0, 0x1, 0xff, 0xff,
    0xf8, 0x0, 0x7f, 0xff, 0xfe, 0x0, 0x1f, 0xff,
    0xff, 0x80, 0x7, 0xff, 0xff, 0xe0, 0x1, 0xff,
    0xff, 0xf8, 0x0, 0x7f, 0xff, 0xfe, 0x0, 0x1f,
    0xff, 0xff, 0x80, 0x7, 0xff, 0xff, 0xe0, 0x1,
    0xff, 0xff, 0xf8, 0x0, 0x7f, 0xff, 0xfe, 0x0,
    0x1f, 0xff, 0xff, 0x80, 0x7, 0xff, 0xff, 0xe0,
    0x1, 0xff, 0xff, 0xf8, 0x0, 0xff, 0xff, 0xfe,
    0x0, 0x3f, 0xfb, 0xff, 0x80, 0x3f, 0xfe, 0xff,
    0xff, 0xff, 0xff, 0xbf, 0xff, 0xff, 0xff, 0xef,
    0xff, 0xff, 0xff, 0xf3, 0xff, 0xff, 0xff, 0xf8,
    0xff, 0xff, 0xff, 0xfe, 0x3f, 0xff, 0xff, 0xff,
    0xf, 0xff, 0xff, 0xff, 0x83, 0xff, 0xff, 0xff,
    0xc0, 0xff, 0xff, 0xff, 0xc0, 0x3f, 0xff, 0xff,
    0x0, 0x0,

    /* U+0063 "c" */
    0x0, 0xf, 0xf8, 0x0, 0x0, 0x7f, 0xff, 0x80,
    0x0, 0x7f, 0xff, 0xf0, 0x0, 0xff, 0xff, 0xfe,
    0x0, 0xff, 0xff, 0xff, 0x80, 0xff, 0xff, 0xff,
    0xe0, 0x7f, 0xff, 0xff, 0xf0, 0x7f, 0xff, 0xff,
    0xfc, 0x3f, 0xff, 0xff, 0xfe, 0x3f, 0xff, 0xff,
    0xff, 0x9f, 0xff, 0x7, 0xff, 0xcf, 0xff, 0x1,
    0xff, 0xef, 0xff, 0x0, 0x7f, 0xff, 0xff, 0x0,
    0x1f, 0xff, 0xff, 0x80, 0xf, 0xff, 0xff, 0xc0,
    0x7, 0xff, 0xff, 0xe0, 0x3, 0xff, 0xff, 0xf0,
    0x1, 0xff, 0xff, 0xf8, 0x0, 0xff, 0xff, 0xfc,
    0x0, 0x7f, 0xff, 0xfe, 0x0, 0x3f, 0xff, 0xff,
    0x0, 0x1f, 0xff, 0xff, 0x80, 0xf, 0xff, 0xff,
    0xc0, 0x7, 0xff, 0xff, 0xe0, 0x3, 0xff, 0xff,
    0xf0, 0x0, 0x0, 0x3f, 0xf8, 0x0, 0x0, 0x1f,
    0xfc, 0x0, 0x0, 0xf, 0xfe, 0x0, 0x0, 0x7,
    0xff, 0x0, 0x0, 0x3, 0xff, 0x80, 0x0, 0x1,
    0xff, 0xc0, 0x0, 0x0, 0xff, 0xe0, 0x0, 0x0,
    0x7f, 0xf0, 0x0, 0x0, 0x3f, 0xf8, 0x0, 0x0,
    0x1f, 0xfc, 0x0, 0x0, 0xf, 0xfe, 0x0, 0x0,
    0x7, 0xff, 0x0, 0x0, 0x3, 0xff, 0x80, 0x0,
    0x1, 0xff, 0xc0, 0x0, 0x0, 0xff, 0xe0, 0x0,
    0x0, 0x7f, 0xf0, 0x0, 0x0, 0x3f, 0xf8, 0x0,
    0x0, 0x1f, 0xfc, 0x0, 0x0, 0xf, 0xfe, 0x0,
    0x0, 0x7, 0xff, 0x0, 0x1f, 0xff, 0xff, 0x80,
    0xf, 0xff, 0xff, 0xc0, 0x7, 0xff, 0xff, 0xe0,
    0x3, 0xff, 0xff, 0xf0, 0x1, 0xff, 0xff, 0xf8,
    0x0, 0xff, 0xff, 0xfc, 0x0, 0x7f, 0xff, 0xfe,
    0x0, 0x3f, 0xff, 0xff, 0x0, 0x1f, 0xff, 0xff,
    0x80, 0xf, 0xff, 0xff, 0xc0, 0x7, 0xff, 0xff,
    0xe0, 0x3, 0xff, 0xff, 0xf0, 0x1, 0xff, 0xff,
    0xf8, 0x0, 0xff, 0xff, 0xfe, 0x0, 0xff, 0xf7,
    0xff, 0x0, 0x7f, 0xf3, 0xff, 0xe0, 0xff, 0xf9,
    0xff, 0xff, 0xff, 0xfc, 0x7f, 0xff, 0xff, 0xfc,
    0x3f, 0xff, 0xff, 0xfe, 0xf, 0xff, 0xff, 0xfe,
    0x7, 0xff, 0xff, 0xff, 0x1, 0xff, 0xff, 0xff,
    0x0, 0x7f, 0xff, 0xff, 0x0, 0xf, 0xff, 0xfe,
    0x0, 0x3, 0xff, 0xfc, 0x0, 0x0, 0x3f, 0xf8,
    0x0,

    /* U+0064 "d" */
    0xff, 0xff, 0xfc, 0x0, 0x7f, 0xff, 0xff, 0xc0,
    0x3f, 0xff, 0xff, 0xf8, 0x1f, 0xff, 0xff, 0xfe,
    0xf, 0xff, 0xff, 0xff, 0x87, 0xff, 0xff, 0xff,
    0xe3, 0xff, 0xff, 0xff, 0xf1, 0xff, 0xff, 0xff,
    0xfc, 0xff, 0xff, 0xff, 0xfe, 0x7f, 0xff, 0xff,
    0xff, 0xbf, 0xf8, 0x7, 0xff, 0xdf, 0xfc, 0x1,
    0xff, 0xef, 0xfe, 0x0, 0x7f, 0xff, 0xff, 0x0,
    0x1f, 0xff, 0xff, 0x80, 0xf, 0xff, 0xff, 0xc0,
    0x7, 0xff, 0xff, 0xe0, 0x3, 0xff, 0xff, 0xf0,
    0x1, 0xff, 0xff, 0xf8, 0x0, 0xff, 0xff, 0xfc,
    0x0, 0x7f, 0xff, 0xfe, 0x0, 0x3f, 0xff, 0xff,
    0x0, 0x1f, 0xff, 0xff, 0x80, 0xf, 0xff, 0xff,
    0xc0, 0x7, 0xff, 0xff, 0xe0, 0x3, 0xff, 0xff,
    0xf0, 0x1, 0xff, 0xff, 0xf8, 0x0, 0xff, 0xff,
    0xfc, 0x0, 0x7f, 0xff, 0xfe, 0x0, 0x3f, 0xff,
    0xff, 0x0, 0x1f, 0xff, 0xff, 0x80, 0xf, 0xff,
    0xff, 0xc0, 0x7, 0xff, 0xff, 0xe0, 0x3, 0xff,
    0xff, 0xf0, 0x1, 0xff, 0xff, 0xf8, 0x0, 0xff,
    0xff, 0xfc, 0x0, 0x7f, 0xff, 0xfe, 0x0, 0x3f,
    0xff, 0xff, 0x0, 0x1f, 0xff, 0xff, 0x80, 0xf,
    0xff, 0xff, 0xc0, 0x7, 0xff, 0xff, 0xe0, 0x3,
    0xff, 0xff, 0xf0, 0x1, 0xff, 0xff, 0xf8, 0x0,
    0xff, 0xff, 0xfc, 0x0, 0x7f, 0xff, 0xfe, 0x0,
    0x3f, 0xff, 0xff, 0x0, 0x1f, 0xff, 0xff, 0x80,
    0xf, 0xff, 0xff, 0xc0, 0x7, 0xff, 0xff, 0xe0,
    0x3, 0xff, 0xff, 0xf0, 0x1, 0xff, 0xff, 0xf8,
    0x0, 0xff, 0xff, 0xfc, 0x0, 0x7f, 0xff, 0xfe,
    0x0, 0x3f, 0xff, 0xff, 0x0, 0x1f, 0xff, 0xff,
    0x80, 0xf, 0xff, 0xff, 0xc0, 0x7, 0xff, 0xff,
    0xe0, 0x3, 0xff, 0xff, 0xf0, 0x3, 0xff, 0xff,
    0xf8, 0x3, 0xff, 0xdf, 0xfc, 0x3, 0xff, 0xef,
    0xff, 0xff, 0xff, 0xf7, 0xff, 0xff, 0xff, 0xf3,
    0xff, 0xff, 0xff, 0xf9, 0xff, 0xff, 0xff, 0xf8,
    0xff, 0xff, 0xff, 0xfc, 0x7f, 0xff, 0xff, 0xfc,
    0x3f, 0xff, 0xff, 0xfc, 0x1f, 0xff, 0xff, 0xfc,
    0xf, 0xff, 0xff, 0xf8, 0x7, 0xff, 0xff, 0xe0,
    0x0,

    /* U+0065 "e" */
    0xff, 0xff, 0xff, 0xff, 0xff, 0xff, 0xff, 0xff,
    0xff, 0xff, 0xff, 0xff, 0xff, 0xff, 0xff, 0xff,
    0xff, 0xff, 0xff, 0xff, 0xff, 0xff, 0xff, 0xff,
    0xff, 0xff, 0xff, 0xff, 0xff, 0xff, 0xff, 0xff,
    0xff, 0xff, 0xff, 0xff, 0xff, 0xff, 0xfe, 0x0,
    0x0, 0x3f, 0xf8, 0x0, 0x0, 0xff, 0xe0, 0x0,
    0x3, 0xff, 0x80, 0x0, 0xf, 0xfe, 0x0, 0x0,
    0x3f, 0xf8, 0x0, 0x0, 0xff, 0xe0, 0x0, 0x3,
    0xff, 0x80, 0x0, 0xf, 0xfe, 0x0, 0x0, 0x3f,
    0xf8, 0x0, 0x0, 0xff, 0xe0, 0x0, 0x3, 0xff,
    0x80, 0x0, 0xf, 0xfe, 0x0, 0x0, 0x3f, 0xf8,
    0x0, 0x0, 0xff, 0xe0, 0x0, 0x3, 0xff, 0x80,
    0x0, 0xf, 0xfe, 0x0, 0x0, 0x3f, 0xf8, 0x0,
    0x0, 0xff, 0xff, 0xff, 0xc3, 0xff, 0xff, 0xff,
    0xf, 0xff, 0xff, 0xfc, 0x3f, 0xff, 0xff, 0xf0,
    0xff, 0xff, 0xff, 0xc3, 0xff, 0xff, 0xff, 0xf,
    0xff, 0xff, 0xfc, 0x3f, 0xff, 0xff, 0xf0, 0xff,
    0xff, 0xff, 0xc3, 0xff, 0xff, 0xff, 0xf, 0xfe,
    0x0, 0x0, 0x3f, 0xf8, 0x0, 0x0, 0xff, 0xe0,
    0x0, 0x3, 0xff, 0x80, 0x0, 0xf, 0xfe, 0x0,
    0x0, 0x3f, 0xf8, 0x0, 0x0, 0xff, 0xe0, 0x0,
    0x3, 0xff, 0x80, 0x0, 0xf, 0xfe, 0x0, 0x0,
    0x3f, 0xf8, 0x0, 0x0, 0xff, 0xe0, 0x0, 0x3,
    0xff, 0x80, 0x0, 0xf, 0xfe, 0x0, 0x0, 0x3f,
    0xf8, 0x0, 0x0, 0xff, 0xe0, 0x0, 0x3, 0xff,
    0x80, 0x0, 0xf, 0xfe, 0x0, 0x0, 0x3f, 0xf8,
    0x0, 0x0, 0xff, 0xe0, 0x0, 0x3, 0xff, 0x80,
    0x0, 0xf, 0xfe, 0x0, 0x0, 0x3f, 0xf8, 0x0,
    0x0, 0xff, 0xff, 0xff, 0xff, 0xff, 0xff, 0xff,
    0xff, 0xff, 0xff, 0xff, 0xff, 0xff, 0xff, 0xff,
    0xff, 0xff, 0xff, 0xff, 0xff, 0xff, 0xff, 0xff,
    0xff, 0xff, 0xff, 0xff, 0xff, 0xff, 0xff, 0xff,
    0xff, 0xff, 0xff, 0xff, 0xff, 0xff, 0xf0,

    /* U+0066 "f" */
    0xff, 0xff, 0xff, 0xff, 0xff, 0xff, 0xff, 0xff,
    0xff, 0xff, 0xff, 0xff, 0xff, 0xff, 0xff, 0xff,
    0xff, 0xff, 0xff, 0xff, 0xff, 0xff, 0xff, 0xff,
    0xff, 0xff, 0xff, 0xff, 0xff, 0xff, 0xff, 0xff,
    0xff, 0xff, 0xff, 0xff, 0xff, 0xf8, 0x0, 0x1,
    0xff, 0xc0, 0x0, 0xf, 0xfe, 0x0, 0x0, 0x7f,
    0xf0, 0x0, 0x3, 0xff, 0x80, 0x0, 0x1f, 0xfc,
    0x0, 0x0, 0xff, 0xe0, 0x0, 0x7, 0xff, 0x0,
    0x0, 0x3f, 0xf8, 0x0, 0x1, 0xff, 0xc0, 0x0,
    0xf, 0xfe, 0x0, 0x0, 0x7f, 0xf0, 0x0, 0x3,
    0xff, 0x80, 0x0, 0x1f, 0xfc, 0x0, 0x0, 0xff,
    0xe0, 0x0, 0x7, 0xff, 0x0, 0x0, 0x3f, 0xf8,
    0x0, 0x1, 0xff, 0xc0, 0x0, 0xf, 0xfe, 0x0,
    0x0, 0x7f, 0xff, 0xff, 0xc3, 0xff, 0xff, 0xfe,
    0x1f, 0xff, 0xff, 0xf0, 0xff, 0xff, 0xff, 0x87,
    0xff, 0xff, 0xfc, 0x3f, 0xff, 0xff, 0xe1, 0xff,
    0xff, 0xff, 0xf, 0xff, 0xff, 0xf8, 0x7f, 0xff,
    0xff, 0xc3, 0xff, 0xff, 0xfe, 0x1f, 0xfc, 0x0,
    0x0, 0xff, 0xe0, 0x0, 0x7, 0xff, 0x0, 0x0,
    0x3f, 0xf8, 0x0, 0x1, 0xff, 0xc0, 0x0, 0xf,
    0xfe, 0x0, 0x0, 0x7f, 0xf0, 0x0, 0x3, 0xff,
    0x80, 0x0, 0x1f, 0xfc, 0x0, 0x0, 0xff, 0xe0,
    0x0, 0x7, 0xff, 0x0, 0x0, 0x3f, 0xf8, 0x0,
    0x1, 0xff, 0xc0, 0x0, 0xf, 0xfe, 0x0, 0x0,
    0x7f, 0xf0, 0x0, 0x3, 0xff, 0x80, 0x0, 0x1f,
    0xfc, 0x0, 0x0, 0xff, 0xe0, 0x0, 0x7, 0xff,
    0x0, 0x0, 0x3f, 0xf8, 0x0, 0x1, 0xff, 0xc0,
    0x0, 0xf, 0xfe, 0x0, 0x0, 0x7f, 0xf0, 0x0,
    0x3, 0xff, 0x80, 0x0, 0x1f, 0xfc, 0x0, 0x0,
    0xff, 0xe0, 0x0, 0x7, 0xff, 0x0, 0x0, 0x3f,
    0xf8, 0x0, 0x1, 0xff, 0xc0, 0x0, 0xf, 0xfe,
    0x0, 0x0, 0x7f, 0xf0, 0x0, 0x0,

    /* U+0067 "g" */
    0x0, 0xf, 0xf8, 0x0, 0x0, 0x3f, 0xff, 0xc0,
    0x0, 0x7f, 0xff, 0xf0, 0x0, 0xff, 0xff, 0xfe,
    0x0, 0xff, 0xff, 0xff, 0x80, 0xff, 0xff, 0xff,
    0xe0, 0x7f, 0xff, 0xff, 0xf0, 0x7f, 0xff, 0xff,
    0xfc, 0x3f, 0xff, 0xff, 0xfe, 0x3f, 0xff, 0xff,
    0xff, 0x9f, 0xff, 0x7, 0xff, 0xcf, 0xff, 0x1,
    0xff, 0xef, 0xff, 0x0, 0x7f, 0xff, 0xff, 0x0,
    0x1f, 0xff, 0xff, 0x80, 0xf, 0xff, 0xff, 0xc0,
    0x7, 0xff, 0xff, 0xe0, 0x3, 0xff, 0xff, 0xf0,
    0x1, 0xff, 0xff, 0xf8, 0x0, 0xff, 0xff, 0xfc,
    0x0, 0x7f, 0xff, 0xfe, 0x0, 0x3f, 0xff, 0xff,
    0x0, 0x1f, 0xff, 0xff, 0x80, 0xf, 0xff, 0xff,
    0xc0, 0x0, 0x0, 0xff, 0xe0, 0x0, 0x0, 0x7f,
    0xf0, 0x0, 0x0, 0x3f, 0xf8, 0x0, 0x0, 0x1f,
    0xfc, 0x0, 0x0, 0xf, 0xfe, 0x0, 0x0, 0x7,
    0xff, 0x0, 0x0, 0x3, 0xff, 0x80, 0x0, 0x1,
    0xff, 0xc0, 0xff, 0xff, 0xff, 0xe0, 0x7f, 0xff,
    0xff, 0xf0, 0x3f, 0xff, 0xff, 0xf8, 0x1f, 0xff,
    0xff, 0xfc, 0xf, 0xff, 0xff, 0xfe, 0x7, 0xff,
    0xff, 0xff, 0x3, 0xff, 0xff, 0xff, 0x81, 0xff,
    0xff, 0xff, 0xc0, 0xff, 0xff, 0xff, 0xe0, 0x7f,
    0xff, 0xff, 0xf0, 0x1, 0xff, 0xff, 0xf8, 0x0,
    0xff, 0xff, 0xfc, 0x0, 0x7f, 0xff, 0xfe, 0x0,
    0x3f, 0xff, 0xff, 0x0, 0x1f, 0xff, 0xff, 0x80,
    0xf, 0xff, 0xff, 0xc0, 0x7, 0xff, 0xff, 0xe0,
    0x3, 0xff, 0xff, 0xf0, 0x1, 0xff, 0xff, 0xf8,
    0x0, 0xff, 0xff, 0xfc, 0x0, 0x7f, 0xff, 0xfe,
    0x0, 0x3f, 0xff, 0xff, 0x0, 0x1f, 0xff, 0xff,
    0x80, 0xf, 0xff, 0xff, 0xc0, 0x7, 0xff, 0xff,
    0xe0, 0x3, 0xff, 0xff, 0xf0, 0x1, 0xff, 0xff,
    0xf8, 0x0, 0xff, 0xff, 0xfe, 0x0, 0xff, 0xf7,
    0xff, 0x80, 0xff, 0xf3, 0xff, 0xe0, 0xff, 0xf9,
    0xff, 0xff, 0xff, 0xfc, 0x7f, 0xff, 0xff, 0xfc,
    0x3f, 0xff, 0xff, 0xfe, 0xf, 0xff, 0xff, 0xfe,
    0x7, 0xff, 0xff, 0xff, 0x1, 0xff, 0xff, 0xff,
    0x0, 0x7f, 0xff, 0xff, 0x0, 0xf, 0xff, 0xfe,
    0x0, 0x3, 0xff, 0xfe, 0x0, 0x0, 0x3f, 0xf8,
    0x0,

    /* U+0068 "h" */
    0xff, 0xe0, 0x1, 0xff, 0xff, 0xf8, 0x0, 0x7f,
    0xff, 0xfe, 0x0, 0x1f, 0xff, 0xff, 0x80, 0x7,
    0xff, 0xff, 0xe0, 0x1, 0xff, 0xff, 0xf8, 0x0,
    0x7f, 0xff, 0xfe, 0x0, 0x1f, 0xff, 0xff, 0x80,
    0x7, 0xff, 0xff, 0xe0, 0x1, 0xff, 0xff, 0xf8,
    0x0, 0x7f, 0xff, 0xfe, 0x0, 0x1f, 0xff, 0xff,
    0x80, 0x7, 0xff, 0xff, 0xe0, 0x1, 0xff, 0xff,
    0xf8, 0x0, 0x7f, 0xff, 0xfe, 0x0, 0x1f, 0xff,
    0xff, 0x80, 0x7, 0xff, 0xff, 0xe0, 0x1, 0xff,
    0xff, 0xf8, 0x0, 0x7f, 0xff, 0xfe, 0x0, 0x1f,
    0xff, 0xff, 0x80, 0x7, 0xff, 0xff, 0xe0, 0x1,
    0xff, 0xff, 0xf8, 0x0, 0x7f, 0xff, 0xfe, 0x0,
    0x1f, 0xff, 0xff, 0x80, 0x7, 0xff, 0xff, 0xe0,
    0x1, 0xff, 0xff, 0xf8, 0x0, 0x7f, 0xff, 0xfe,
    0x0, 0x1f, 0xff, 0xff, 0x80, 0x7, 0xff, 0xff,
    0xff, 0xff, 0xff, 0xff, 0xff, 0xff, 0xff, 0xff,
    0xff, 0xff, 0xff, 0xff, 0xff, 0xff, 0xff, 0xff,
    0xff, 0xff, 0xff, 0xff, 0xff, 0xff, 0xff, 0xff,
    0xff, 0xff, 0xff, 0xff, 0xff, 0xff, 0xff, 0xff,
    0xff, 0xff, 0xff, 0xff, 0xff, 0xff, 0xff, 0xff,
    0xff, 0xff, 0xfe, 0x0, 0x1f, 0xff, 0xff, 0x80,
    0x7, 0xff, 0xff, 0xe0, 0x1, 0xff, 0xff, 0xf8,
    0x0, 0x7f, 0xff, 0xfe, 0x0, 0x1f, 0xff, 0xff,
    0x80, 0x7, 0xff, 0xff, 0xe0, 0x1, 0xff, 0xff,
    0xf8, 0x0, 0x7f, 0xff, 0xfe, 0x0, 0x1f, 0xff,
    0xff, 0x80, 0x7, 0xff, 0xff, 0xe0, 0x1, 0xff,
    0xff, 0xf8, 0x0, 0x7f, 0xff, 0xfe, 0x0, 0x1f,
    0xff, 0xff, 0x80, 0x7, 0xff, 0xff, 0xe0, 0x1,
    0xff, 0xff, 0xf8, 0x0, 0x7f, 0xff, 0xfe, 0x0,
    0x1f, 0xff, 0xff, 0x80, 0x7, 0xff, 0xff, 0xe0,
    0x1, 0xff, 0xff, 0xf8, 0x0, 0x7f, 0xff, 0xfe,
    0x0, 0x1f, 0xff, 0xff, 0x80, 0x7, 0xff, 0xff,
    0xe0, 0x1, 0xff, 0xff, 0xf8, 0x0, 0x7f, 0xff,
    0xfe, 0x0, 0x1f, 0xff, 0xff, 0x80, 0x7, 0xff,
    0xff, 0xe0, 0x1, 0xff, 0xff, 0xf8, 0x0, 0x7f,
    0xff, 0xfe, 0x0, 0x1f, 0xff, 0xff, 0x80, 0x7,
    0xff, 0xff, 0xe0, 0x1, 0xff, 0xff, 0xf8, 0x0,
    0x7f, 0xf0,

    /* U+0069 "i" */
    0xff, 0xff, 0xff, 0xff, 0xff, 0xff, 0xff, 0xff,
    0xff, 0xff, 0xff, 0xff, 0xff, 0xff, 0xff, 0xff,
    0xff, 0xff, 0xff, 0xff, 0xff, 0xff, 0xff, 0xff,
    0xff, 0xff, 0xff, 0xff, 0xff, 0xff, 0xff, 0xff,
    0xff, 0xff, 0xff, 0xff, 0xff, 0xff, 0xff, 0xff,
    0xff, 0xff, 0xff, 0xff, 0xff, 0xff, 0xff, 0xff,
    0xff, 0xff, 0xff, 0xff, 0xff, 0xff, 0xff, 0xff,
    0xff, 0xff, 0xff, 0xff, 0xff, 0xff, 0xff, 0xff,
    0xff, 0xff, 0xff, 0xff, 0xff, 0xff, 0xff, 0xff,
    0xff, 0xff, 0xff, 0xff, 0xff, 0xff, 0xff, 0xff,
    0xff, 0xff, 0xff, 0xff, 0xff, 0xff, 0xff, 0xff,
    0xff, 0xff, 0xff, 0xff, 0xff, 0xff, 0xff, 0xff,
    0xc0,

    /* U+006A "j" */
    0x0, 0x3f, 0xf8, 0x1, 0xff, 0xc0, 0xf, 0xfe,
    0x0, 0x7f, 0xf0, 0x3, 0xff, 0x80, 0x1f, 0xfc,
    0x0, 0xff, 0xe0, 0x7, 0xff, 0x0, 0x3f, 0xf8,
    0x1, 0xff, 0xc0, 0xf, 0xfe, 0x0, 0x7f, 0xf0,
    0x3, 0xff, 0x80, 0x1f, 0xfc, 0x0, 0xff, 0xe0,
    0x7, 0xff, 0x0, 0x3f, 0xf8, 0x1, 0xff, 0xc0,
    0xf, 0xfe, 0x0, 0x7f, 0xf0, 0x3, 0xff, 0x80,
    0x1f, 0xfc, 0x0, 0xff, 0xe0, 0x7, 0xff, 0x0,
    0x3f, 0xf8, 0x1, 0xff, 0xc0, 0xf, 0xfe, 0x0,
    0x7f, 0xf0, 0x3, 0xff, 0x80, 0x1f, 0xfc, 0x0,
    0xff, 0xe0, 0x7, 0xff, 0x0, 0x3f, 0xf8, 0x1,
    0xff, 0xc0, 0xf, 0xfe, 0x0, 0x7f, 0xf0, 0x3,
    0xff, 0x80, 0x1f, 0xfc, 0x0, 0xff, 0xe0, 0x7,
    0xff, 0x0, 0x3f, 0xf8, 0x1, 0xff, 0xc0, 0xf,
    0xfe, 0x0, 0x7f, 0xf0, 0x3, 0xff, 0x80, 0x1f,
    0xfc, 0x0, 0xff, 0xe0, 0x7, 0xff, 0x0, 0x3f,
    0xf8, 0x1, 0xff, 0xc0, 0xf, 0xfe, 0x0, 0x7f,
    0xf0, 0x3, 0xff, 0x80, 0x1f, 0xfc, 0x0, 0xff,
    0xe0, 0x7, 0xff, 0x0, 0x7f, 0xf8, 0x3, 0xff,
    0xc0, 0x3f, 0xfe, 0x3, 0xff, 0xef, 0xff, 0xff,
    0x7f, 0xff, 0xfb, 0xff, 0xff, 0x9f, 0xff, 0xfc,
    0xff, 0xff, 0xc7, 0xff, 0xfc, 0x3f, 0xff, 0xc1,
    0xff, 0xfc, 0xf, 0xff, 0x80, 0x7f, 0xe0, 0x0,

    /* U+006B "k" */
    0xff, 0xe0, 0x0, 0x7f, 0xff, 0xfe, 0x0, 0xf,
    0xfe, 0xff, 0xe0, 0x0, 0xff, 0xef, 0xfe, 0x0,
    0x1f, 0xfc, 0xff, 0xe0, 0x1, 0xff, 0xcf, 0xfe,
    0x0, 0x3f, 0xf8, 0xff, 0xe0, 0x3, 0xff, 0x8f,
    0xfe, 0x0, 0x7f, 0xf0, 0xff, 0xe0, 0x7, 0xff,
    0xf, 0xfe, 0x0, 0xff, 0xe0, 0xff, 0xe0, 0xf,
    0xfe, 0xf, 0xfe, 0x0, 0xff, 0xc0, 0xff, 0xe0,
    0x1f, 0xfc, 0xf, 0xfe, 0x1, 0xff, 0x80, 0xff,
    0xe0, 0x3f, 0xf8, 0xf, 0xfe, 0x3, 0xff, 0x0,
    0xff, 0xe0, 0x7f, 0xf0, 0xf, 0xfe, 0x7, 0xfe,
    0x0, 0xff, 0xe0, 0xff, 0xe0, 0xf, 0xfe, 0xf,
    0xfc, 0x0, 0xff, 0xe1, 0xff, 0xc0, 0xf, 0xfe,
    0x1f, 0xf8, 0x0, 0xff, 0xe3, 0xff, 0x80, 0xf,
    0xfe, 0x3f, 0xf0, 0x0, 0xff, 0xe7, 0xff, 0x0,
    0xf, 0xfe, 0x7f, 0xe0, 0x0, 0xff, 0xef, 0xfe,
    0x0, 0xf, 0xfe, 0xff, 0xe0, 0x0, 0xff, 0xff,
    0xff, 0x0, 0xf, 0xff, 0xff, 0xf0, 0x0, 0xff,
    0xff, 0xff, 0x0, 0xf, 0xff, 0xff, 0xf8, 0x0,
    0xff, 0xff, 0xff, 0x80, 0xf, 0xff, 0xff, 0xf8,
    0x0, 0xff, 0xff, 0xff, 0xc0, 0xf, 0xff, 0xff,
    0xfc, 0x0, 0xff, 0xff, 0xff, 0xc0, 0xf, 0xff,
    0xff, 0xfc, 0x0, 0xff, 0xff, 0xff, 0xe0, 0xf,
    0xff, 0xef, 0xfe, 0x0, 0xff, 0xfe, 0xff, 0xe0,
    0xf, 0xff, 0xcf, 0xff, 0x0, 0xff, 0xfc, 0x7f,
    0xf0, 0xf, 0xff, 0x87, 0xff, 0x0, 0xff, 0xf8,
    0x7f, 0xf8, 0xf, 0xff, 0x7, 0xff, 0x80, 0xff,
    0xf0, 0x3f, 0xf8, 0xf, 0xfe, 0x3, 0xff, 0x80,
    0xff, 0xe0, 0x3f, 0xfc, 0xf, 0xfe, 0x1, 0xff,
    0xc0, 0xff, 0xe0, 0x1f, 0xfc, 0xf, 0xfe, 0x1,
    0xff, 0xe0, 0xff, 0xe0, 0x1f, 0xfe, 0xf, 0xfe,
    0x0, 0xff, 0xe0, 0xff, 0xe0, 0xf, 0xff, 0xf,
    0xfe, 0x0, 0xff, 0xf0, 0xff, 0xe0, 0x7, 0xff,
    0xf, 0xfe, 0x0, 0x7f, 0xf0, 0xff, 0xe0, 0x7,
    0xff, 0x8f, 0xfe, 0x0, 0x3f, 0xf8, 0xff, 0xe0,
    0x3, 0xff, 0x8f, 0xfe, 0x0, 0x3f, 0xfc, 0xff,
    0xe0, 0x3, 0xff, 0xcf, 0xfe, 0x0, 0x1f, 0xfc,
    0xff, 0xe0, 0x1, 0xff, 0xef, 0xfe, 0x0, 0x1f,
    0xfe, 0xff, 0xe0, 0x0, 0xff, 0xef, 0xfe, 0x0,
    0xf, 0xfe, 0xff, 0xe0, 0x0, 0xff, 0xff, 0xfe,
    0x0, 0x7, 0xff,

    /* U+006C "l" */
    0xff, 0xe0, 0x0, 0x7, 0xff, 0x0, 0x0, 0x3f,
    0xf8, 0x0, 0x1, 0xff, 0xc0, 0x0, 0xf, 0xfe,
    0x0, 0x0, 0x7f, 0xf0, 0x0, 0x3, 0xff, 0x80,
    0x0, 0x1f, 0xfc, 0x0, 0x0, 0xff, 0xe0, 0x0,
    0x7, 0xff, 0x0, 0x0, 0x3f, 0xf8, 0x0, 0x1,
    0xff, 0xc0, 0x0, 0xf, 0xfe, 0x0, 0x0, 0x7f,
    0xf0, 0x0, 0x3, 0xff, 0x80, 0x0, 0x1f, 0xfc,
    0x0, 0x0, 0xff, 0xe0, 0x0, 0x7, 0xff, 0x0,
    0x0, 0x3f, 0xf8, 0x0, 0x1, 0xff, 0xc0, 0x0,
    0xf, 0xfe, 0x0, 0x0, 0x7f, 0xf0, 0x0, 0x3,
    0xff, 0x80, 0x0, 0x1f, 0xfc, 0x0, 0x0, 0xff,
    0xe0, 0x0, 0x7, 0xff, 0x0, 0x0, 0x3f, 0xf8,
    0x0, 0x1, 0xff, 0xc0, 0x0, 0xf, 0xfe, 0x0,
    0x0, 0x7f, 0xf0, 0x0, 0x3, 0xff, 0x80, 0x0,
    0x1f, 0xfc, 0x0, 0x0, 0xff, 0xe0, 0x0, 0x7,
    0xff, 0x0, 0x0, 0x3f, 0xf8, 0x0, 0x1, 0xff,
    0xc0, 0x0, 0xf, 0xfe, 0x0, 0x0, 0x7f, 0xf0,
    0x0, 0x3, 0xff, 0x80, 0x0, 0x1f, 0xfc, 0x0,
    0x0, 0xff, 0xe0, 0x0, 0x7, 0xff, 0x0, 0x0,
    0x3f, 0xf8, 0x0, 0x1, 0xff, 0xc0, 0x0, 0xf,
    0xfe, 0x0, 0x0, 0x7f, 0xf0, 0x0, 0x3, 0xff,
    0x80, 0x0, 0x1f, 0xfc, 0x0, 0x0, 0xff, 0xe0,
    0x0, 0x7, 0xff, 0x0, 0x0, 0x3f, 0xf8, 0x0,
    0x1, 0xff, 0xc0, 0x0, 0xf, 0xfe, 0x0, 0x0,
    0x7f, 0xf0, 0x0, 0x3, 0xff, 0x80, 0x0, 0x1f,
    0xfc, 0x0, 0x0, 0xff, 0xe0, 0x0, 0x7, 0xff,
    0x0, 0x0, 0x3f, 0xf8, 0x0, 0x1, 0xff, 0xc0,
    0x0, 0xf, 0xff, 0xff, 0xff, 0xff, 0xff, 0xff,
    0xff, 0xff, 0xff, 0xff, 0xff, 0xff, 0xff, 0xff,
    0xff, 0xff, 0xff, 0xff, 0xff, 0xff, 0xff, 0xff,
    0xff, 0xff, 0xff, 0xff, 0xff, 0xff, 0xff, 0xff,
    0xff, 0xff, 0xff, 0xff, 0xff, 0xfc,

    /* U+006D "m" */
    0xff, 0xff, 0x0, 0x3, 0xff, 0xff, 0xff, 0xfc,
    0x0, 0xf, 0xff, 0xff, 0xff, 0xf0, 0x0, 0x7f,
    0xff, 0xff, 0xff, 0xc0, 0x1, 0xff, 0xff, 0xff,
    0xff, 0x0, 0x7, 0xff, 0xff, 0xff, 0xfe, 0x0,
    0x1f, 0xff, 0xff, 0xff, 0xf8, 0x0, 0x7f, 0xff,
    0xff, 0xff, 0xe0, 0x1, 0xff, 0xff, 0xff, 0xff,
    0x80, 0x7, 0xff, 0xff, 0xff, 0xfe, 0x0, 0x3f,
    0xff, 0xff, 0xff, 0xf8, 0x0, 0xff, 0xff, 0xff,
    0xff, 0xe0, 0x3, 0xff, 0xff, 0xff, 0xff, 0xc0,
    0xf, 0xff, 0xff, 0xff, 0xff, 0x0, 0x3f, 0xff,
    0xff, 0xff, 0xfc, 0x0, 0xff, 0xff, 0xff, 0xff,
    0xf0, 0x3, 0xff, 0xff, 0xff, 0xff, 0xc0, 0xf,
    0xff, 0xff, 0xff, 0xff, 0x0, 0x7f, 0xff, 0xff,
    0xff, 0xfc, 0x1, 0xff, 0xff, 0xff, 0xff, 0xf8,
    0x7, 0xf7, 0xff, 0xff, 0xdf, 0xe0, 0x1f, 0xdf,
    0xff, 0xff, 0x7f, 0x80, 0x7f, 0x7f, 0xff, 0xfd,
    0xfe, 0x1, 0xfd, 0xff, 0xff, 0xf7, 0xf8, 0x7,
    0xf7, 0xff, 0xff, 0xdf, 0xe0, 0x3f, 0xdf, 0xff,
    0xff, 0x7f, 0x80, 0xff, 0x7f, 0xff, 0xfd, 0xff,
    0x3, 0xf9, 0xff, 0xff, 0xf3, 0xfc, 0xf, 0xe7,
    0xff, 0xff, 0xcf, 0xf0, 0x3f, 0x9f, 0xff, 0xff,
    0x3f, 0xc0, 0xfe, 0x7f, 0xff, 0xfc, 0xff, 0x3,
    0xf9, 0xff, 0xff, 0xf3, 0xfc, 0x1f, 0xe7, 0xff,
    0xff, 0xcf, 0xf0, 0x7f, 0x9f, 0xff, 0xff, 0x3f,
    0xc1, 0xfc, 0x7f, 0xff, 0xfc, 0x7f, 0x87, 0xf1,
    0xff, 0xff, 0xf1, 0xfe, 0x1f, 0xc7, 0xff, 0xff,
    0xc7, 0xf8, 0x7f, 0x1f, 0xff, 0xff, 0x1f, 0xe1,
    0xfc, 0x7f, 0xff, 0xfc, 0x7f, 0x87, 0xf1, 0xff,
    0xff, 0xf1, 0xfe, 0x3f, 0x87, 0xff, 0xff, 0xc3,
    0xf8, 0xfe, 0x1f, 0xff, 0xff, 0xf, 0xf3, 0xf8,
    0x7f, 0xff, 0xfc, 0x3f, 0xcf, 0xe1, 0xff, 0xff,
    0xf0, 0xff, 0x3f, 0x87, 0xff, 0xff, 0xc3, 0xfc,
    0xfe, 0x1f, 0xff, 0xff, 0xf, 0xf3, 0xf8, 0x7f,
    0xff, 0xfc, 0x3f, 0xdf, 0xc1, 0xff, 0xff, 0xf0,
    0x7f, 0x7f, 0x7, 0xff, 0xff, 0xc1, 0xff, 0xfc,
    0x1f, 0xff, 0xff, 0x7, 0xff, 0xf0, 0x7f, 0xff,
    0xfc, 0x1f, 0xff, 0xc1, 0xff, 0xff, 0xf0, 0x7f,
    0xff, 0x7, 0xff, 0xff, 0xc1, 0xff, 0xfc, 0x1f,
    0xff, 0xff, 0x7, 0xff, 0xe0, 0x7f, 0xff, 0xfc,
    0xf, 0xff, 0x81, 0xff, 0xff, 0xf0, 0x3f, 0xfe,
    0x7, 0xff, 0xff, 0xc0, 0xff, 0xf8, 0x1f, 0xff,
    0xff, 0x3, 0xff, 0xe0, 0x7f, 0xff, 0xfc, 0xf,
    0xff, 0x81, 0xff, 0xff, 0xf0, 0x3f, 0xfe, 0x7,
    0xff, 0xff, 0xc0, 0x7f, 0xf0, 0x1f, 0xff, 0xff,
    0x1, 0xff, 0xc0, 0x7f, 0xff, 0xfc, 0x7, 0xff,
    0x1, 0xff, 0xff, 0xf0, 0x1f, 0xfc, 0x7, 0xff,
    0xff, 0xc0, 0x7f, 0xf0, 0x1f, 0xff, 0xff, 0x1,
    0xff, 0xc0, 0x7f, 0xff, 0xfc, 0x7, 0xfe, 0x1,
    0xff, 0xff, 0xf0, 0xf, 0xf8, 0x7, 0xff, 0xff,
    0xc0, 0x3f, 0xe0, 0x1f, 0xff, 0xff, 0x0, 0xff,
    0x80, 0x7f, 0xf0,

    /* U+006E "n" */
    0xff, 0xfc, 0x0, 0x7f, 0xff, 0xff, 0x80, 0xf,
    0xff, 0xff, 0xf8, 0x1, 0xff, 0xff, 0xff, 0x0,
    0x3f, 0xff, 0xff, 0xe0, 0x7, 0xff, 0xff, 0xfc,
    0x0, 0xff, 0xff, 0xff, 0xc0, 0x1f, 0xff, 0xff,
    0xf8, 0x3, 0xff, 0xff, 0xff, 0x0, 0x7f, 0xff,
    0xff, 0xe0, 0xf, 0xff, 0xff, 0xfe, 0x1, 0xff,
    0xff, 0xff, 0xc0, 0x3f, 0xff, 0xff, 0xf8, 0x7,
    0xff, 0xff, 0xff, 0x80, 0xff, 0xff, 0xff, 0xf0,
    0x1f, 0xff, 0xff, 0xfe, 0x3, 0xff, 0xff, 0xff,
    0xc0, 0x7f, 0xff, 0xff, 0xfc, 0xf, 0xff, 0xff,
    0xff, 0x81, 0xff, 0xff, 0xff, 0xf0, 0x3f, 0xff,
    0xff, 0xfe, 0x7, 0xff, 0xff, 0xbf, 0xe0, 0xff,
    0xff, 0xf7, 0xfc, 0x1f, 0xff, 0xfe, 0xff, 0x83,
    0xff, 0xff, 0xdf, 0xf0, 0x7f, 0xff, 0xf9, 0xff,
    0xf, 0xff, 0xff, 0x3f, 0xe1, 0xff, 0xff, 0xe7,
    0xfc, 0x3f, 0xff, 0xfc, 0x7f, 0x87, 0xff, 0xff,
    0x8f, 0xf8, 0xff, 0xff, 0xf1, 0xff, 0x1f, 0xff,
    0xfe, 0x3f, 0xe3, 0xff, 0xff, 0xc3, 0xfe, 0x7f,
    0xff, 0xf8, 0x7f, 0xcf, 0xff, 0xff, 0xf, 0xf9,
    0xff, 0xff, 0xe1, 0xff, 0x3f, 0xff, 0xfc, 0x1f,
    0xf7, 0xff, 0xff, 0x83, 0xfe, 0xff, 0xff, 0xf0,
    0x7f, 0xdf, 0xff, 0xfe, 0xf, 0xfb, 0xff, 0xff,
    0xc0, 0xff, 0xff, 0xff, 0xf8, 0x1f, 0xff, 0xff,
    0xff, 0x3, 0xff, 0xff, 0xff, 0xe0, 0x3f, 0xff,
    0xff, 0xfc, 0x7, 0xff, 0xff, 0xff, 0x80, 0xff,
    0xff, 0xff, 0xf0, 0x1f, 0xff, 0xff, 0xfe, 0x1,
    0xff, 0xff, 0xff, 0xc0, 0x3f, 0xff, 0xff, 0xf8,
    0x7, 0xff, 0xff, 0xff, 0x0, 0xff, 0xff, 0xff,
    0xe0, 0xf, 0xff, 0xff, 0xfc, 0x1, 0xff, 0xff,
    0xff, 0x80, 0x3f, 0xff, 0xff, 0xf0, 0x7, 0xff,
    0xff, 0xfe, 0x0, 0x7f, 0xff, 0xff, 0xc0, 0xf,
    0xff, 0xff, 0xf8, 0x1, 0xff, 0xff, 0xff, 0x0,
    0x1f, 0xff, 0xff, 0xe0, 0x3, 0xff, 0xff, 0xfc,
    0x0, 0x7f, 0xff, 0xff, 0x80, 0xf, 0xff, 0xff,
    0xf0, 0x0, 0xff, 0xff, 0xfe, 0x0, 0x1f, 0xff,
    0xff, 0xc0, 0x3, 0xff, 0xff, 0xf8, 0x0, 0x7f,
    0xff, 0xff, 0x0, 0x7, 0xff, 0xff, 0xe0, 0x0,
    0xff, 0xff, 0xfc, 0x0, 0x1f, 0xff, 0xff, 0x80,
    0x3, 0xff, 0xc0,

    /* U+006F "o" */
    0x0, 0xf, 0xf8, 0x0, 0x0, 0x3f, 0xff, 0x80,
    0x0, 0x7f, 0xff, 0xf0, 0x0, 0xff, 0xff, 0xfe,
    0x0, 0xff, 0xff, 0xff, 0x80, 0xff, 0xff, 0xff,
    0xc0, 0x7f, 0xff, 0xff, 0xf0, 0x7f, 0xff, 0xff,
    0xfc, 0x3f, 0xff, 0xff, 0xfe, 0x3f, 0xff, 0xff,
    0xff, 0x9f, 0xff, 0x7, 0xff, 0xcf, 0xff, 0x1,
    0xff, 0xef, 0xff, 0x0, 0x7f, 0xff, 0xff, 0x0,
    0x1f, 0xff, 0xff, 0x80, 0xf, 0xff, 0xff, 0xc0,
    0x7, 0xff, 0xff, 0xe0, 0x3, 0xff, 0xff, 0xf0,
    0x1, 0xff, 0xff, 0xf8, 0x0, 0xff, 0xff, 0xfc,
    0x0, 0x7f, 0xff, 0xfe, 0x0, 0x3f, 0xff, 0xff,
    0x0, 0x1f, 0xff, 0xff, 0x80, 0xf, 0xff, 0xff,
    0xc0, 0x7, 0xff, 0xff, 0xe0, 0x3, 0xff, 0xff,
    0xf0, 0x1, 0xff, 0xff, 0xf8, 0x0, 0xff, 0xff,
    0xfc, 0x0, 0x7f, 0xff, 0xfe, 0x0, 0x3f, 0xff,
    0xff, 0x0, 0x1f, 0xff, 0xff, 0x80, 0xf, 0xff,
    0xff, 0xc0, 0x7, 0xff, 0xff, 0xe0, 0x3, 0xff,
    0xff, 0xf0, 0x1, 0xff, 0xff, 0xf8, 0x0, 0xff,
    0xff, 0xfc, 0x0, 0x7f, 0xff, 0xfe, 0x0, 0x3f,
    0xff, 0xff, 0x0, 0x1f, 0xff, 0xff, 0x80, 0xf,
    0xff, 0xff, 0xc0, 0x7, 0xff, 0xff, 0xe0, 0x3,
    0xff, 0xff, 0xf0, 0x1, 0xff, 0xff, 0xf8, 0x0,
    0xff, 0xff, 0xfc, 0x0, 0x7f, 0xff, 0xfe, 0x0,
    0x3f, 0xff, 0xff, 0x0, 0x1f, 0xff, 0xff, 0x80,
    0xf, 0xff, 0xff, 0xc0, 0x7, 0xff, 0xff, 0xe0,
    0x3, 0xff, 0xff, 0xf0, 0x1, 0xff, 0xff, 0xf8,
    0x0, 0xff, 0xff, 0xfc, 0x0, 0x7f, 0xff, 0xfe,
    0x0, 0x3f, 0xff, 0xff, 0x0, 0x1f, 0xff, 0xff,
    0x80, 0xf, 0xff, 0xff, 0xc0, 0x7, 0xff, 0xff,
    0xe0, 0x3, 0xff, 0xff, 0xf0, 0x1, 0xff, 0xff,
    0xf8, 0x0, 0xff, 0xff, 0xfe, 0x0, 0xff, 0xf7,
    0xff, 0x80, 0xff, 0xf3, 0xff, 0xe0, 0xff, 0xf9,
    0xff, 0xff, 0xff, 0xfc, 0x7f, 0xff, 0xff, 0xfc,
    0x3f, 0xff, 0xff, 0xfe, 0xf, 0xff, 0xff, 0xfe,
    0x7, 0xff, 0xff, 0xfe, 0x1, 0xff, 0xff, 0xff,
    0x0, 0x7f, 0xff, 0xff, 0x0, 0xf, 0xff, 0xfe,
    0x0, 0x1, 0xff, 0xfc, 0x0, 0x0, 0x3f, 0xf0,
    0x0,

    /* U+0070 "p" */
    0xff, 0xff, 0xfc, 0x0, 0x7f, 0xff, 0xff, 0xc0,
    0x3f, 0xff, 0xff, 0xf8, 0x1f, 0xff, 0xff, 0xfe,
    0xf, 0xff, 0xff, 0xff, 0x87, 0xff, 0xff, 0xff,
    0xe3, 0xff, 0xff, 0xff, 0xf1, 0xff, 0xff, 0xff,
    0xfc, 0xff, 0xff, 0xff, 0xff, 0x7f, 0xff, 0xff,
    0xff, 0xbf, 0xf8, 0x7, 0xff, 0xdf, 0xfc, 0x0,
    0xff, 0xef, 0xfe, 0x0, 0x7f, 0xff, 0xff, 0x0,
    0x1f, 0xff, 0xff, 0x80, 0xf, 0xff, 0xff, 0xc0,
    0x7, 0xff, 0xff, 0xe0, 0x3, 0xff, 0xff, 0xf0,
    0x1, 0xff, 0xff, 0xf8, 0x0, 0xff, 0xff, 0xfc,
    0x0, 0x7f, 0xff, 0xfe, 0x0, 0x3f, 0xff, 0xff,
    0x0, 0x1f, 0xff, 0xff, 0x80, 0xf, 0xff, 0xff,
    0xc0, 0x7, 0xff, 0xff, 0xe0, 0x3, 0xff, 0xff,
    0xf0, 0x1, 0xff, 0xff, 0xf8, 0x0, 0xff, 0xff,
    0xfc, 0x0, 0x7f, 0xff, 0xfe, 0x0, 0x7f, 0xff,
    0xff, 0x0, 0x3f, 0xfb, 0xff, 0x80, 0x7f, 0xfd,
    0xff, 0xff, 0xff, 0xfe, 0xff, 0xff, 0xff, 0xff,
    0x7f, 0xff, 0xff, 0xff, 0x3f, 0xff, 0xff, 0xff,
    0x9f, 0xff, 0xff, 0xff, 0x8f, 0xff, 0xff, 0xff,
    0x87, 0xff, 0xff, 0xff, 0x83, 0xff, 0xff, 0xff,
    0x81, 0xff, 0xff, 0xff, 0x0, 0xff, 0xff, 0xf8,
    0x0, 0x7f, 0xf0, 0x0, 0x0, 0x3f, 0xf8, 0x0,
    0x0, 0x1f, 0xfc, 0x0, 0x0, 0xf, 0xfe, 0x0,
    0x0, 0x7, 0xff, 0x0, 0x0, 0x3, 0xff, 0x80,
    0x0, 0x1, 0xff, 0xc0, 0x0, 0x0, 0xff, 0xe0,
    0x0, 0x0, 0x7f, 0xf0, 0x0, 0x0, 0x3f, 0xf8,
    0x0, 0x0, 0x1f, 0xfc, 0x0, 0x0, 0xf, 0xfe,
    0x0, 0x0, 0x7, 0xff, 0x0, 0x0, 0x3, 0xff,
    0x80, 0x0, 0x1, 0xff, 0xc0, 0x0, 0x0, 0xff,
    0xe0, 0x0, 0x0, 0x7f, 0xf0, 0x0, 0x0, 0x3f,
    0xf8, 0x0, 0x0, 0x1f, 0xfc, 0x0, 0x0, 0xf,
    0xfe, 0x0, 0x0, 0x7, 0xff, 0x0, 0x0, 0x3,
    0xff, 0x80, 0x0, 0x1, 0xff, 0xc0, 0x0, 0x0,
    0xff, 0xe0, 0x0, 0x0, 0x7f, 0xf0, 0x0, 0x0,
    0x3f, 0xf8, 0x0, 0x0, 0x1f, 0xfc, 0x0, 0x0,
    0xf, 0xfe, 0x0, 0x0, 0x7, 0xff, 0x0, 0x0,
    0x0,

    /* U+0071 "q" */
    0x0, 0xf, 0xf8, 0x0, 0x0, 0x7, 0xff, 0xf0,
    0x0, 0x1, 0xff, 0xff, 0xc0, 0x0, 0x7f, 0xff,
    0xff, 0x0, 0xf, 0xff, 0xff, 0xf8, 0x1, 0xff,
    0xff, 0xff, 0x80, 0x1f, 0xff, 0xff, 0xfc, 0x3,
    0xff, 0xff, 0xff, 0xe0, 0x3f, 0xff, 0xff, 0xfe,
    0x7, 0xff, 0xff, 0xff, 0xf0, 0x7f, 0xfc, 0x1f,
    0xff, 0x7, 0xff, 0x80, 0xff, 0xf0, 0xff, 0xf0,
    0x7, 0xff, 0x8f, 0xfe, 0x0, 0x3f, 0xf8, 0xff,
    0xe0, 0x3, 0xff, 0x8f, 0xfe, 0x0, 0x3f, 0xf8,
    0xff, 0xe0, 0x3, 0xff, 0x8f, 0xfe, 0x0, 0x3f,
    0xf8, 0xff, 0xe0, 0x3, 0xff, 0x8f, 0xfe, 0x0,
    0x3f, 0xf8, 0xff, 0xe0, 0x3, 0xff, 0x8f, 0xfe,
    0x0, 0x3f, 0xf8, 0xff, 0xe0, 0x3, 0xff, 0x8f,
    0xfe, 0x0, 0x3f, 0xf8, 0xff, 0xe0, 0x3, 0xff,
    0x8f, 0xfe, 0x0, 0x3f, 0xf8, 0xff, 0xe0, 0x3,
    0xff, 0x8f, 0xfe, 0x0, 0x3f, 0xf8, 0xff, 0xe0,
    0x3, 0xff, 0x8f, 0xfe, 0x0, 0x3f, 0xf8, 0xff,
    0xe0, 0x3, 0xff, 0x8f, 0xfe, 0x0, 0x3f, 0xf8,
    0xff, 0xe0, 0x3, 0xff, 0x8f, 0xfe, 0x0, 0x3f,
    0xf8, 0xff, 0xe0, 0x3, 0xff, 0x8f, 0xfe, 0x0,
    0x3f, 0xf8, 0xff, 0xe0, 0x3, 0xff, 0x8f, 0xfe,
    0x0, 0x3f, 0xf8, 0xff, 0xe0, 0x3, 0xff, 0x8f,
    0xfe, 0x0, 0x3f, 0xf8, 0xff, 0xe0, 0x3, 0xff,
    0x8f, 0xfe, 0x0, 0x3f, 0xf8, 0xff, 0xe0, 0x3,
    0xff, 0x8f, 0xfe, 0x0, 0x3f, 0xf8, 0xff, 0xe0,
    0x3, 0xff, 0x8f, 0xfe, 0x0, 0x3f, 0xf8, 0xff,
    0xe0, 0x3, 0xff, 0x8f, 0xfe, 0x0, 0x3f, 0xf8,
    0xff, 0xe0, 0x3, 0xff, 0x8f, 0xfe, 0x0, 0x3f,
    0xf8, 0xff, 0xe0, 0x3, 0xff, 0x8f, 0xfe, 0x0,
    0x3f, 0xf8, 0xff, 0xe0, 0x3, 0xff, 0x8f, 0xfe,
    0x0, 0x3f, 0xf8, 0xff, 0xe0, 0x3, 0xff, 0x8f,
    0xfe, 0x0, 0x3f, 0xf8, 0xff, 0xe0, 0x3, 0xff,
    0x8f, 0xfe, 0x0, 0x3f, 0xf8, 0xff, 0xe0, 0x3,
    0xff, 0x8f, 0xff, 0x0, 0x7f, 0xf8, 0x7f, 0xf8,
    0xf, 0xff, 0x7, 0xff, 0xc1, 0xff, 0xf0, 0x7f,
    0xff, 0xff, 0xff, 0x3, 0xff, 0xff, 0xff, 0xe0,
    0x3f, 0xff, 0xff, 0xfe, 0x1, 0xff, 0xff, 0xff,
    0xc0, 0x1f, 0xff, 0xff, 0xfc, 0x0, 0xff, 0xff,
    0xff, 0xe0, 0x7, 0xff, 0xff, 0xff, 0xf0, 0x1f,
    0xff, 0xff, 0xff, 0x0, 0xff, 0xff, 0xff, 0xf0,
    0x1, 0xff, 0x8f, 0xff, 0x0, 0x0, 0x0, 0xff,
    0xf0, 0x0, 0x0, 0x7, 0xff, 0x0, 0x0, 0x0,
    0x7f, 0xf0, 0x0, 0x0, 0x3, 0xff, 0x0, 0x0,
    0x0, 0x1f, 0xf0, 0x0, 0x0, 0x0, 0x7f,

    /* U+0072 "r" */
    0xff, 0xff, 0xfc, 0x0, 0x3f, 0xff, 0xff, 0xe0,
    0xf, 0xff, 0xff, 0xfe, 0x3, 0xff, 0xff, 0xff,
    0xe0, 0xff, 0xff, 0xff, 0xfc, 0x3f, 0xff, 0xff,
    0xff, 0xf, 0xff, 0xff, 0xff, 0xe3, 0xff, 0xff,
    0xff, 0xf8, 0xff, 0xff, 0xff, 0xff, 0x3f, 0xff,
    0xff, 0xff, 0xcf, 0xfe, 0x1, 0xff, 0xf3, 0xff,
    0x80, 0x3f, 0xfe, 0xff, 0xe0, 0x7, 0xff, 0xbf,
    0xf8, 0x1, 0xff, 0xef, 0xfe, 0x0, 0x3f, 0xfb,
    0xff, 0x80, 0xf, 0xfe, 0xff, 0xe0, 0x3, 0xff,
    0xbf, 0xf8, 0x0, 0xff, 0xef, 0xfe, 0x0, 0x3f,
    0xfb, 0xff, 0x80, 0xf, 0xfe, 0xff, 0xe0, 0x3,
    0xff, 0xbf, 0xf8, 0x0, 0xff, 0xef, 0xfe, 0x0,
    0x3f, 0xfb, 0xff, 0x80, 0xf, 0xfe, 0xff, 0xe0,
    0x3, 0xff, 0xbf, 0xf8, 0x0, 0xff, 0xef, 0xfe,
    0x0, 0x7f, 0xf3, 0xff, 0x80, 0x1f, 0xfc, 0xff,
    0xe0, 0xf, 0xff, 0x3f, 0xf8, 0xf, 0xff, 0x8f,
    0xff, 0xff, 0xff, 0xc3, 0xff, 0xff, 0xff, 0xf0,
    0xff, 0xff, 0xff, 0xf8, 0x3f, 0xff, 0xff, 0xf8,
    0xf, 0xff, 0xff, 0xfc, 0x3, 0xff, 0xff, 0xff,
    0xc0, 0xff, 0xff, 0xff, 0xf8, 0x3f, 0xff, 0xff,
    0xff, 0xf, 0xff, 0xff, 0xff, 0xe3, 0xff, 0xff,
    0xff, 0xf8, 0xff, 0xe0, 0x3f, 0xff, 0x3f, 0xf8,
    0x3, 0xff, 0xcf, 0xfe, 0x0, 0x7f, 0xf3, 0xff,
    0x80, 0x1f, 0xfe, 0xff, 0xe0, 0x3, 0xff, 0xbf,
    0xf8, 0x0, 0xff, 0xef, 0xfe, 0x0, 0x3f, 0xfb,
    0xff, 0x80, 0xf, 0xfe, 0xff, 0xe0, 0x3, 0xff,
    0xbf, 0xf8, 0x0, 0xff, 0xef, 0xfe, 0x0, 0x3f,
    0xfb, 0xff, 0x80, 0xf, 0xfe, 0xff, 0xe0, 0x3,
    0xff, 0xbf, 0xf8, 0x0, 0xff, 0xef, 0xfe, 0x0,
    0x3f, 0xfb, 0xff, 0x80, 0xf, 0xfe, 0xff, 0xe0,
    0x3, 0xff, 0xbf, 0xf8, 0x0, 0xff, 0xef, 0xfe,
    0x0, 0x3f, 0xfb, 0xff, 0x80, 0xf, 0xfe, 0xff,
    0xe0, 0x3, 0xff, 0xbf, 0xf8, 0x0, 0xff, 0xef,
    0xfe, 0x0, 0x3f, 0xfb, 0xff, 0x80, 0xf, 0xfe,
    0xff, 0xe0, 0x3, 0xff, 0xbf, 0xf8, 0x0, 0xff,
    0xef, 0xfe, 0x0, 0x3f, 0xfb, 0xff, 0x80, 0xf,
    0xfe, 0xff, 0xe0, 0x1, 0xff, 0xff, 0xf8, 0x0,
    0x7f, 0xf0,

    /* U+0073 "s" */
    0x0, 0xf, 0xfc, 0x0, 0x0, 0x3f, 0xff, 0xc0,
    0x0, 0x7f, 0xff, 0xf0, 0x0, 0xff, 0xff, 0xfe,
    0x0, 0xff, 0xff, 0xff, 0x80, 0xff, 0xff, 0xff,
    0xe0, 0x7f, 0xff, 0xff, 0xf0, 0x7f, 0xff, 0xff,
    0xfc, 0x3f, 0xff, 0xff, 0xfe, 0x3f, 0xff, 0xff,
    0xff, 0x9f, 0xff, 0x7, 0xff, 0xcf, 0xff, 0x1,
    0xff, 0xef, 0xff, 0x0, 0x7f, 0xff, 0xff, 0x0,
    0x1f, 0xff, 0xff, 0x80, 0xf, 0xff, 0xff, 0xc0,
    0x7, 0xff, 0xff, 0xe0, 0x3, 0xff, 0xff, 0xf0,
    0x1, 0xff, 0xff, 0xf8, 0x0, 0xff, 0xff, 0xfc,
    0x0, 0x7f, 0xff, 0xff, 0x0, 0x3f, 0xff, 0xff,
    0x80, 0x0, 0x3, 0xff, 0xc0, 0x0, 0x0, 0xff,
    0xf0, 0x0, 0x0, 0x7f, 0xfc, 0x0, 0x0, 0x3f,
    0xfe, 0x0, 0x0, 0xf, 0xff, 0x80, 0x0, 0x7,
    0xff, 0xe0, 0x0, 0x1, 0xff, 0xf8, 0x0, 0x0,
    0xff, 0xfe, 0x0, 0x0, 0x3f, 0xff, 0x80, 0x0,
    0xf, 0xff, 0xe0, 0x0, 0x3, 0xff, 0xf8, 0x0,
    0x0, 0xff, 0xff, 0x0, 0x0, 0x7f, 0xff, 0xc0,
    0x0, 0x1f, 0xff, 0xf0, 0x0, 0x7, 0xff, 0xfc,
    0x0, 0x1, 0xff, 0xff, 0x0, 0x0, 0x3f, 0xff,
    0x80, 0x0, 0xf, 0xff, 0xe0, 0x0, 0x3, 0xff,
    0xf8, 0x0, 0x0, 0xff, 0xfe, 0x0, 0x0, 0x3f,
    0xff, 0x0, 0x0, 0xf, 0xff, 0xc0, 0x0, 0x3,
    0xff, 0xe0, 0x0, 0x0, 0xff, 0xf8, 0x0, 0x0,
    0x7f, 0xfc, 0x0, 0x0, 0x1f, 0xfe, 0x0, 0x0,
    0x7, 0xff, 0x0, 0x0, 0x3, 0xff, 0xff, 0xf8,
    0x1, 0xff, 0xff, 0xfc, 0x0, 0x7f, 0xff, 0xfe,
    0x0, 0x3f, 0xff, 0xff, 0x0, 0x1f, 0xff, 0xff,
    0x80, 0xf, 0xff, 0xff, 0xc0, 0x7, 0xff, 0xff,
    0xe0, 0x3, 0xff, 0xff, 0xf0, 0x1, 0xff, 0xff,
    0xf8, 0x0, 0xff, 0xff, 0xfe, 0x0, 0xff, 0xf7,
    0xff, 0x80, 0xff, 0xf3, 0xff, 0xe0, 0xff, 0xf9,
    0xff, 0xff, 0xff, 0xfc, 0x7f, 0xff, 0xff, 0xfc,
    0x3f, 0xff, 0xff, 0xfe, 0xf, 0xff, 0xff, 0xfe,
    0x7, 0xff, 0xff, 0xff, 0x1, 0xff, 0xff, 0xff,
    0x0, 0x7f, 0xff, 0xff, 0x0, 0x1f, 0xff, 0xfe,
    0x0, 0x3, 0xff, 0xfc, 0x0, 0x0, 0x3f, 0xf0,
    0x0,

    /* U+0074 "t" */
    0xff, 0xff, 0xff, 0xff, 0xff, 0xff, 0xff, 0xff,
    0xff, 0xff, 0xff, 0xff, 0xff, 0xff, 0xff, 0xff,
    0xff, 0xff, 0xff, 0xff, 0xff, 0xff, 0xff, 0xff,
    0xff, 0xff, 0xff, 0xff, 0xff, 0xff, 0xff, 0xff,
    0xff, 0xff, 0xff, 0xff, 0xff, 0xff, 0xff, 0xff,
    0xff, 0xff, 0xf0, 0x0, 0xff, 0xe0, 0x0, 0x0,
    0x3f, 0xf8, 0x0, 0x0, 0xf, 0xfe, 0x0, 0x0,
    0x3, 0xff, 0x80, 0x0, 0x0, 0xff, 0xe0, 0x0,
    0x0, 0x3f, 0xf8, 0x0, 0x0, 0xf, 0xfe, 0x0,
    0x0, 0x3, 0xff, 0x80, 0x0, 0x0, 0xff, 0xe0,
    0x0, 0x0, 0x3f, 0xf8, 0x0, 0x0, 0xf, 0xfe,
    0x0, 0x0, 0x3, 0xff, 0x80, 0x0, 0x0, 0xff,
    0xe0, 0x0, 0x0, 0x3f, 0xf8, 0x0, 0x0, 0xf,
    0xfe, 0x0, 0x0, 0x3, 0xff, 0x80, 0x0, 0x0,
    0xff, 0xe0, 0x0, 0x0, 0x3f, 0xf8, 0x0, 0x0,
    0xf, 0xfe, 0x0, 0x0, 0x3, 0xff, 0x80, 0x0,
    0x0, 0xff, 0xe0, 0x0, 0x0, 0x3f, 0xf8, 0x0,
    0x0, 0xf, 0xfe, 0x0, 0x0, 0x3, 0xff, 0x80,
    0x0, 0x0, 0xff, 0xe0, 0x0, 0x0, 0x3f, 0xf8,
    0x0, 0x0, 0xf, 0xfe, 0x0, 0x0, 0x3, 0xff,
    0x80, 0x0, 0x0, 0xff, 0xe0, 0x0, 0x0, 0x3f,
    0xf8, 0x0, 0x0, 0xf, 0xfe, 0x0, 0x0, 0x3,
    0xff, 0x80, 0x0, 0x0, 0xff, 0xe0, 0x0, 0x0,
    0x3f, 0xf8, 0x0, 0x0, 0xf, 0xfe, 0x0, 0x0,
    0x3, 0xff, 0x80, 0x0, 0x0, 0xff, 0xe0, 0x0,
    0x0, 0x3f, 0xf8, 0x0, 0x0, 0xf, 0xfe, 0x0,
    0x0, 0x3, 0xff, 0x80, 0x0, 0x0, 0xff, 0xe0,
    0x0, 0x0, 0x3f, 0xf8, 0x0, 0x0, 0xf, 0xfe,
    0x0, 0x0, 0x3, 0xff, 0x80, 0x0, 0x0, 0xff,
    0xe0, 0x0, 0x0, 0x3f, 0xf8, 0x0, 0x0, 0xf,
    0xfe, 0x0, 0x0, 0x3, 0xff, 0x80, 0x0, 0x0,
    0xff, 0xe0, 0x0, 0x0, 0x3f, 0xf8, 0x0, 0x0,
    0xf, 0xfe, 0x0, 0x0, 0x3, 0xff, 0x80, 0x0,
    0x0, 0xff, 0xe0, 0x0, 0x0, 0x3f, 0xf8, 0x0,
    0x0, 0xf, 0xfe, 0x0, 0x0, 0x3, 0xff, 0x80,
    0x0, 0x0, 0xff, 0xe0, 0x0, 0x0, 0x3f, 0xf8,
    0x0, 0x0, 0xf, 0xfe, 0x0, 0x0, 0x3, 0xff,
    0x80, 0x0,

    /* U+0075 "u" */
    0xff, 0xe0, 0x3, 0xff, 0xff, 0xf0, 0x1, 0xff,
    0xff, 0xf8, 0x0, 0xff, 0xff, 0xfc, 0x0, 0x7f,
    0xff, 0xfe, 0x0, 0x3f, 0xff, 0xff, 0x0, 0x1f,
    0xff, 0xff, 0x80, 0xf, 0xff, 0xff, 0xc0, 0x7,
    0xff, 0xff, 0xe0, 0x3, 0xff, 0xff, 0xf0, 0x1,
    0xff, 0xff, 0xf8, 0x0, 0xff, 0xff, 0xfc, 0x0,
    0x7f, 0xff, 0xfe, 0x0, 0x3f, 0xff, 0xff, 0x0,
    0x1f, 0xff, 0xff, 0x80, 0xf, 0xff, 0xff, 0xc0,
    0x7, 0xff, 0xff, 0xe0, 0x3, 0xff, 0xff, 0xf0,
    0x1, 0xff, 0xff, 0xf8, 0x0, 0xff, 0xff, 0xfc,
    0x0, 0x7f, 0xff, 0xfe, 0x0, 0x3f, 0xff, 0xff,
    0x0, 0x1f, 0xff, 0xff, 0x80, 0xf, 0xff, 0xff,
    0xc0, 0x7, 0xff, 0xff, 0xe0, 0x3, 0xff, 0xff,
    0xf0, 0x1, 0xff, 0xff, 0xf8, 0x0, 0xff, 0xff,
    0xfc, 0x0, 0x7f, 0xff, 0xfe, 0x0, 0x3f, 0xff,
    0xff, 0x0, 0x1f, 0xff, 0xff, 0x80, 0xf, 0xff,
    0xff, 0xc0, 0x7, 0xff, 0xff, 0xe0, 0x3, 0xff,
    0xff, 0xf0, 0x1, 0xff, 0xff, 0xf8, 0x0, 0xff,
    0xff, 0xfc, 0x0, 0x7f, 0xff, 0xfe, 0x0, 0x3f,
    0xff, 0xff, 0x0, 0x1f, 0xff, 0xff, 0x80, 0xf,
    0xff, 0xff, 0xc0, 0x7, 0xff, 0xff, 0xe0, 0x3,
    0xff, 0xff, 0xf0, 0x1, 0xff, 0xff, 0xf8, 0x0,
    0xff, 0xff, 0xfc, 0x0, 0x7f, 0xff, 0xfe, 0x0,
    0x3f, 0xff, 0xff, 0x0, 0x1f, 0xff, 0xff, 0x80,
    0xf, 0xff, 0xff, 0xc0, 0x7, 0xff, 0xff, 0xe0,
    0x3, 0xff, 0xff, 0xf0, 0x1, 0xff, 0xff, 0xf8,
    0x0, 0xff, 0xff, 0xfc, 0x0, 0x7f, 0xff, 0xfe,
    0x0, 0x3f, 0xff, 0xff, 0x0, 0x1f, 0xff, 0xff,
    0x80, 0xf, 0xff, 0xff, 0xc0, 0x7, 0xff, 0xff,
    0xe0, 0x3, 0xff, 0xff, 0xf0, 0x1, 0xff, 0xff,
    0xfc, 0x1, 0xff, 0xef, 0xff, 0x1, 0xff, 0xe7,
    0xff, 0xc1, 0xff, 0xf3, 0xff, 0xff, 0xff, 0xf8,
    0xff, 0xff, 0xff, 0xf8, 0x7f, 0xff, 0xff, 0xfc,
    0x1f, 0xff, 0xff, 0xfc, 0xf, 0xff, 0xff, 0xfe,
    0x3, 0xff, 0xff, 0xfe, 0x0, 0xff, 0xff, 0xfe,
    0x0, 0x1f, 0xff, 0xfc, 0x0, 0x7, 0xff, 0xf8,
    0x0, 0x0, 0x7f, 0xf0, 0x0,

    /* U+0076 "v" */
    0xff, 0xe0, 0x0, 0x3f, 0xff, 0xfe, 0x0, 0x3,
    0xff, 0x7f, 0xf0, 0x0, 0x3f, 0xf7, 0xff, 0x0,
    0x7, 0xfe, 0x7f, 0xf0, 0x0, 0x7f, 0xe7, 0xff,
    0x0, 0x7, 0xfe, 0x7f, 0xf0, 0x0, 0x7f, 0xe7,
    0xff, 0x0, 0x7, 0xfe, 0x7f, 0xf0, 0x0, 0x7f,
    0xe3, 0xff, 0x80, 0x7, 0xfe, 0x3f, 0xf8, 0x0,
    0x7f, 0xc3, 0xff, 0x80, 0xf, 0xfc, 0x3f, 0xf8,
    0x0, 0xff, 0xc3, 0xff, 0x80, 0xf, 0xfc, 0x3f,
    0xf8, 0x0, 0xff, 0xc1, 0xff, 0x80, 0xf, 0xfc,
    0x1f, 0xf8, 0x0, 0xff, 0xc1, 0xff, 0xc0, 0xf,
    0xf8, 0x1f, 0xfc, 0x1, 0xff, 0x81, 0xff, 0xc0,
    0x1f, 0xf8, 0x1f, 0xfc, 0x1, 0xff, 0x81, 0xff,
    0xc0, 0x1f, 0xf8, 0xf, 0xfc, 0x1, 0xff, 0x80,
    0xff, 0xc0, 0x1f, 0xf0, 0xf, 0xfe, 0x1, 0xff,
    0x0, 0xff, 0xe0, 0x1f, 0xf0, 0xf, 0xfe, 0x3,
    0xff, 0x0, 0xff, 0xe0, 0x3f, 0xf0, 0x7, 0xfe,
    0x3, 0xff, 0x0, 0x7f, 0xe0, 0x3f, 0xf0, 0x7,
    0xfe, 0x3, 0xfe, 0x0, 0x7f, 0xe0, 0x3f, 0xe0,
    0x7, 0xff, 0x3, 0xfe, 0x0, 0x7f, 0xf0, 0x7f,
    0xe0, 0x7, 0xff, 0x7, 0xfe, 0x0, 0x3f, 0xf0,
    0x7f, 0xe0, 0x3, 0xff, 0x7, 0xfc, 0x0, 0x3f,
    0xf0, 0x7f, 0xc0, 0x3, 0xff, 0x7, 0xfc, 0x0,
    0x3f, 0xf8, 0x7f, 0xc0, 0x3, 0xff, 0x87, 0xfc,
    0x0, 0x3f, 0xf8, 0xff, 0xc0, 0x1, 0xff, 0x8f,
    0xfc, 0x0, 0x1f, 0xf8, 0xff, 0x80, 0x1, 0xff,
    0x8f, 0xf8, 0x0, 0x1f, 0xf8, 0xff, 0x80, 0x1,
    0xff, 0x8f, 0xf8, 0x0, 0x1f, 0xfc, 0xff, 0x80,
    0x0, 0xff, 0xdf, 0xf8, 0x0, 0xf, 0xfd, 0xff,
    0x80, 0x0, 0xff, 0xdf, 0xf0, 0x0, 0xf, 0xfd,
    0xff, 0x0, 0x0, 0xff, 0xdf, 0xf0, 0x0, 0xf,
    0xfd, 0xff, 0x0, 0x0, 0xff, 0xff, 0xf0, 0x0,
    0x7, 0xff, 0xff, 0x0, 0x0, 0x7f, 0xff, 0xe0,
    0x0, 0x7, 0xff, 0xfe, 0x0, 0x0, 0x7f, 0xff,
    0xe0, 0x0, 0x7, 0xff, 0xfe, 0x0, 0x0, 0x7f,
    0xff, 0xe0, 0x0, 0x3, 0xff, 0xfe, 0x0, 0x0,
    0x3f, 0xff, 0xe0, 0x0, 0x3, 0xff, 0xfc, 0x0,
    0x0, 0x3f, 0xff, 0xc0, 0x0, 0x3, 0xff, 0xfc,
    0x0, 0x0, 0x3f, 0xff, 0xc0, 0x0, 0x3, 0xff,
    0xfc, 0x0, 0x0, 0x1f, 0xff, 0xc0, 0x0, 0x1,
    0xff, 0xf8, 0x0,

    /* U+0077 "w" */
    0x7f, 0xe0, 0x7, 0xff, 0x80, 0xf, 0xfb, 0xff,
    0x0, 0x3f, 0xfe, 0x0, 0x7f, 0xdf, 0xf8, 0x1,
    0xff, 0xf0, 0x7, 0xfe, 0xff, 0xc0, 0xf, 0xff,
    0x80, 0x3f, 0xf7, 0xff, 0x0, 0x7f, 0xfc, 0x1,
    0xff, 0xbf, 0xf8, 0x3, 0xff, 0xe0, 0xf, 0xfd,
    0xff, 0xc0, 0x1f, 0xff, 0x0, 0x7f, 0xef, 0xfe,
    0x0, 0xff, 0xf8, 0x3, 0xfe, 0x7f, 0xf0, 0x7,
    0xff, 0xc0, 0x1f, 0xf3, 0xff, 0x80, 0x7f, 0xfe,
    0x0, 0xff, 0x8f, 0xfc, 0x3, 0xff, 0xf0, 0x7,
    0xfc, 0x7f, 0xe0, 0x1f, 0xff, 0xc0, 0x3f, 0xe3,
    0xff, 0x0, 0xff, 0xfe, 0x1, 0xff, 0x1f, 0xf8,
    0x7, 0xff, 0xf0, 0x1f, 0xf8, 0xff, 0xc0, 0x3f,
    0xff, 0x80, 0xff, 0xc7, 0xff, 0x1, 0xff, 0xfc,
    0x7, 0xfe, 0x3f, 0xf8, 0xf, 0xff, 0xe0, 0x3f,
    0xf1, 0xff, 0xc0, 0x7f, 0xff, 0x1, 0xff, 0xf,
    0xfe, 0x3, 0xff, 0xf8, 0xf, 0xf8, 0x7f, 0xf0,
    0x1f, 0xff, 0xc0, 0x7f, 0xc1, 0xff, 0x81, 0xff,
    0xfe, 0x3, 0xfe, 0xf, 0xfc, 0xf, 0xff, 0xf0,
    0x1f, 0xf0, 0x7f, 0xe0, 0x7f, 0xff, 0xc0, 0xff,
    0x83, 0xff, 0x3, 0xff, 0xfe, 0x7, 0xfc, 0x1f,
    0xf8, 0x1f, 0xef, 0xf0, 0x7f, 0xe0, 0xff, 0xc0,
    0xff, 0x7f, 0x83, 0xff, 0x7, 0xff, 0x7, 0xfb,
    0xfc, 0x1f, 0xf8, 0x3f, 0xf8, 0x3f, 0xdf, 0xe0,
    0xff, 0x81, 0xff, 0xc1, 0xfe, 0xff, 0x7, 0xfc,
    0xf, 0xfe, 0xf, 0xf7, 0xf8, 0x3f, 0xe0, 0x3f,
    0xf0, 0xff, 0x3f, 0xc1, 0xff, 0x1, 0xff, 0x87,
    0xf9, 0xfe, 0xf, 0xf8, 0xf, 0xfc, 0x3f, 0xcf,
    0xf8, 0x7f, 0xc0, 0x7f, 0xe1, 0xfe, 0x3f, 0xc3,
    0xfe, 0x3, 0xff, 0xf, 0xf1, 0xfe, 0x1f, 0xf0,
    0x1f, 0xf8, 0x7f, 0x8f, 0xf1, 0xff, 0x80, 0xff,
    0xc3, 0xfc, 0x7f, 0x8f, 0xfc, 0x7, 0xff, 0x1f,
    0xe3, 0xfc, 0x7f, 0xc0, 0x3f, 0xf8, 0xff, 0x1f,
    0xe3, 0xfe, 0x0, 0xff, 0xc7, 0xf0, 0xff, 0x1f,
    0xf0, 0x7, 0xfe, 0x7f, 0x87, 0xf8, 0xff, 0x80,
    0x3f, 0xf3, 0xfc, 0x3f, 0xc7, 0xfc, 0x1, 0xff,
    0x9f, 0xe1, 0xff, 0x3f, 0xe0, 0xf, 0xfc, 0xff,
    0x7, 0xf9, 0xff, 0x0, 0x7f, 0xe7, 0xf8, 0x3f,
    0xcf, 0xf8, 0x3, 0xff, 0x3f, 0xc1, 0xfe, 0x7f,
    0xc0, 0x1f, 0xf9, 0xfe, 0xf, 0xf7, 0xfc, 0x0,
    0xff, 0xcf, 0xf0, 0x7f, 0xbf, 0xe0, 0x7, 0xff,
    0x7f, 0x3, 0xfd, 0xff, 0x0, 0x1f, 0xfb, 0xf8,
    0x1f, 0xef, 0xf8, 0x0, 0xff, 0xdf, 0xc0, 0xff,
    0x7f, 0xc0, 0x7, 0xff, 0xfe, 0x7, 0xfb, 0xfe,
    0x0, 0x3f, 0xff, 0xf0, 0x1f, 0xdf, 0xf0, 0x1,
    0xff, 0xff, 0x80, 0xff, 0xff, 0x80, 0xf, 0xff,
    0xfc, 0x7, 0xff, 0xfc, 0x0, 0x7f, 0xff, 0xe0,
    0x3f, 0xff, 0xe0, 0x3, 0xff, 0xff, 0x1, 0xff,
    0xfe, 0x0, 0x1f, 0xff, 0xf8, 0xf, 0xff, 0xf0,
    0x0, 0xff, 0xff, 0x80, 0x7f, 0xff, 0x80, 0x3,
    0xff, 0xfc, 0x3, 0xff, 0xfc, 0x0, 0x1f, 0xff,
    0xe0, 0x1f, 0xff, 0xe0, 0x0, 0xff, 0xff, 0x0,
    0x7f, 0xff, 0x0, 0x7, 0xff, 0xf8, 0x3, 0xff,
    0xf8, 0x0, 0x3f, 0xff, 0xc0, 0x1f, 0xff, 0xc0,
    0x1, 0xff, 0xfe, 0x0, 0xff, 0xfe, 0x0, 0xf,
    0xff, 0xf0, 0x7, 0xff, 0xf0, 0x0, 0x7f, 0xff,
    0x80, 0x3f, 0xff, 0x0, 0x3, 0xff, 0xf8, 0x1,
    0xff, 0xf8, 0x0, 0x1f, 0xff, 0xc0, 0xf, 0xff,
    0xc0, 0x0, 0x7f, 0xfe, 0x0, 0x7f, 0xfe, 0x0,

    /* U+0078 "x" */
    0x7f, 0xf0, 0x0, 0x1f, 0xfc, 0xff, 0xf0, 0x0,
    0x3f, 0xf0, 0xff, 0xe0, 0x0, 0x7f, 0xe1, 0xff,
    0xc0, 0x1, 0xff, 0xc3, 0xff, 0xc0, 0x3, 0xff,
    0x3, 0xff, 0x80, 0x7, 0xfe, 0x7, 0xff, 0x0,
    0x1f, 0xfc, 0xf, 0xff, 0x0, 0x3f, 0xf0, 0xf,
    0xfe, 0x0, 0x7f, 0xe0, 0x1f, 0xfc, 0x1, 0xff,
    0xc0, 0x3f, 0xfc, 0x3, 0xff, 0x0, 0x3f, 0xf8,
    0x7, 0xfe, 0x0, 0x7f, 0xf0, 0x1f, 0xfc, 0x0,
    0xff, 0xf0, 0x3f, 0xf0, 0x0, 0xff, 0xe0, 0x7f,
    0xe0, 0x1, 0xff, 0xc1, 0xff, 0x80, 0x1, 0xff,
    0xc3, 0xff, 0x0, 0x3, 0xff, 0x87, 0xfe, 0x0,
    0x7, 0xff, 0x1f, 0xf8, 0x0, 0x7, 0xff, 0x3f,
    0xf0, 0x0, 0xf, 0xfe, 0x7f, 0xe0, 0x0, 0x1f,
    0xfd, 0xff, 0x80, 0x0, 0x1f, 0xff, 0xff, 0x0,
    0x0, 0x3f, 0xff, 0xfe, 0x0, 0x0, 0x7f, 0xff,
    0xf8, 0x0, 0x0, 0x7f, 0xff, 0xf0, 0x0, 0x0,
    0xff, 0xff, 0xe0, 0x0, 0x1, 0xff, 0xff, 0x80,
    0x0, 0x1, 0xff, 0xff, 0x0, 0x0, 0x3, 0xff,
    0xfc, 0x0, 0x0, 0x7, 0xff, 0xf8, 0x0, 0x0,
    0x7, 0xff, 0xf0, 0x0, 0x0, 0xf, 0xff, 0xc0,
    0x0, 0x0, 0xf, 0xff, 0x80, 0x0, 0x0, 0x1f,
    0xff, 0x0, 0x0, 0x0, 0x7f, 0xfe, 0x0, 0x0,
    0x0, 0xff, 0xfe, 0x0, 0x0, 0x1, 0xff, 0xfc,
    0x0, 0x0, 0x7, 0xff, 0xf8, 0x0, 0x0, 0xf,
    0xff, 0xf8, 0x0, 0x0, 0x1f, 0xff, 0xf0, 0x0,
    0x0, 0x7f, 0xff, 0xe0, 0x0, 0x0, 0xff, 0xff,
    0xe0, 0x0, 0x3, 0xff, 0xff, 0xc0, 0x0, 0x7,
    0xff, 0xff, 0x80, 0x0, 0xf, 0xff, 0xff, 0x80,
    0x0, 0x3f, 0xf7, 0xff, 0x0, 0x0, 0x7f, 0xe7,
    0xff, 0x0, 0x0, 0xff, 0xcf, 0xfe, 0x0, 0x3,
    0xff, 0x1f, 0xfc, 0x0, 0x7, 0xfe, 0x1f, 0xfc,
    0x0, 0xf, 0xfc, 0x3f, 0xf8, 0x0, 0x3f, 0xf0,
    0x7f, 0xf0, 0x0, 0x7f, 0xe0, 0x7f, 0xf0, 0x0,
    0xff, 0xc0, 0xff, 0xe0, 0x3, 0xff, 0x1, 0xff,
    0xc0, 0x7, 0xfe, 0x3, 0xff, 0xc0, 0xf, 0xfc,
    0x3, 0xff, 0x80, 0x3f, 0xf0, 0x7, 0xff, 0x0,
    0x7f, 0xe0, 0xf, 0xff, 0x1, 0xff, 0xc0, 0xf,
    0xfe, 0x3, 0xff, 0x0, 0x1f, 0xfc, 0x7, 0xfe,
    0x0, 0x3f, 0xfc, 0x1f, 0xfc, 0x0, 0x3f, 0xf8,
    0x3f, 0xf0, 0x0, 0x7f, 0xf8, 0x7f, 0xe0, 0x0,
    0xff, 0xf1, 0xff, 0xc0, 0x0, 0xff, 0xe3, 0xff,
    0x0, 0x1, 0xff, 0xe7, 0xfe, 0x0, 0x3, 0xff,
    0xdf, 0xfc, 0x0, 0x3, 0xff, 0x80,

    /* U+0079 "y" */
    0xff, 0xf0, 0x0, 0x3f, 0xff, 0xff, 0x80, 0x1,
    0xff, 0xdf, 0xfc, 0x0, 0xf, 0xfc, 0xff, 0xe0,
    0x0, 0x7f, 0xe7, 0xff, 0x80, 0x7, 0xff, 0x1f,
    0xfc, 0x0, 0x3f, 0xf0, 0xff, 0xe0, 0x1, 0xff,
    0x87, 0xff, 0x80, 0x1f, 0xfc, 0x1f, 0xfc, 0x0,
    0xff, 0xc0, 0xff, 0xe0, 0x7, 0xfe, 0x7, 0xff,
    0x0, 0x3f, 0xf0, 0x1f, 0xfc, 0x3, 0xff, 0x80,
    0xff, 0xe0, 0x1f, 0xf8, 0x7, 0xff, 0x0, 0xff,
    0xc0, 0x3f, 0xfc, 0xf, 0xfe, 0x0, 0xff, 0xe0,
    0x7f, 0xe0, 0x7, 0xff, 0x3, 0xff, 0x0, 0x3f,
    0xfc, 0x3f, 0xf8, 0x0, 0xff, 0xe1, 0xff, 0x80,
    0x7, 0xff, 0xf, 0xfc, 0x0, 0x3f, 0xf8, 0x7f,
    0xe0, 0x0, 0xff, 0xe7, 0xfe, 0x0, 0x7, 0xff,
    0x3f, 0xf0, 0x0, 0x3f, 0xf9, 0xff, 0x80, 0x0,
    0xff, 0xff, 0xf8, 0x0, 0x7, 0xff, 0xff, 0xc0,
    0x0, 0x3f, 0xff, 0xfe, 0x0, 0x0, 0xff, 0xff,
    0xe0, 0x0, 0x7, 0xff, 0xff, 0x0, 0x0, 0x3f,
    0xff, 0xf8, 0x0, 0x0, 0xff, 0xff, 0x80, 0x0,
    0x7, 0xff, 0xfc, 0x0, 0x0, 0x3f, 0xff, 0xe0,
    0x0, 0x0, 0xff, 0xfe, 0x0, 0x0, 0x7, 0xff,
    0xf0, 0x0, 0x0, 0x3f, 0xff, 0x80, 0x0, 0x0,
    0xff, 0xf8, 0x0, 0x0, 0x7, 0xff, 0xc0, 0x0,
    0x0, 0x3f, 0xfe, 0x0, 0x0, 0x0, 0xff, 0xe0,
    0x0, 0x0, 0x7, 0xff, 0x0, 0x0, 0x0, 0x3f,
    0xf8, 0x0, 0x0, 0x1, 0xff, 0xc0, 0x0, 0x0,
    0xf, 0xfe, 0x0, 0x0, 0x0, 0x7f, 0xf0, 0x0,
    0x0, 0x3, 0xff, 0x80, 0x0, 0x0, 0x1f, 0xfc,
    0x0, 0x0, 0x0, 0xff, 0xe0, 0x0, 0x0, 0x7,
    0xff, 0x0, 0x0, 0x0, 0x3f, 0xf8, 0x0, 0x0,
    0x1, 0xff, 0xc0, 0x0, 0x0, 0xf, 0xfe, 0x0,
    0x0, 0x0, 0x7f, 0xf0, 0x0, 0x0, 0x3, 0xff,
    0x80, 0x0, 0x0, 0x1f, 0xfc, 0x0, 0x0, 0x0,
    0xff, 0xe0, 0x0, 0x0, 0x7, 0xff, 0x0, 0x0,
    0x0, 0x3f, 0xf8, 0x0, 0x0, 0x1, 0xff, 0xc0,
    0x0, 0x0, 0xf, 0xfe, 0x0, 0x0, 0x0, 0x7f,
    0xf0, 0x0, 0x0, 0x3, 0xff, 0x80, 0x0, 0x0,
    0x1f, 0xfc, 0x0, 0x0, 0x0, 0xff, 0xe0, 0x0,
    0x0, 0x7, 0xff, 0x0, 0x0, 0x0, 0x3f, 0xf8,
    0x0, 0x0, 0x1, 0xff, 0xc0, 0x0, 0x0, 0xf,
    0xfe, 0x0, 0x0, 0x0, 0x7f, 0xf0, 0x0, 0x0,
    0x3, 0xff, 0x80, 0x0,

    /* U+007A "z" */
    0x7f, 0xff, 0xff, 0xff, 0x7f, 0xff, 0xff, 0xff,
    0x7f, 0xff, 0xff, 0xff, 0x7f, 0xff, 0xff, 0xff,
    0x7f, 0xff, 0xff, 0xff, 0x7f, 0xff, 0xff, 0xff,
    0x7f, 0xff, 0xff, 0xff, 0x7f, 0xff, 0xff, 0xff,
    0x7f, 0xff, 0xff, 0xff, 0x7f, 0xff, 0xff, 0xff,
    0x0, 0x0, 0xf, 0xff, 0x0, 0x0, 0xf, 0xfe,
    0x0, 0x0, 0x1f, 0xfe, 0x0, 0x0, 0x1f, 0xfe,
    0x0, 0x0, 0x3f, 0xfc, 0x0, 0x0, 0x3f, 0xfc,
    0x0, 0x0, 0x3f, 0xf8, 0x0, 0x0, 0x7f, 0xf8,
    0x0, 0x0, 0x7f, 0xf8, 0x0, 0x0, 0xff, 0xf0,
    0x0, 0x0, 0xff, 0xf0, 0x0, 0x0, 0xff, 0xe0,
    0x0, 0x1, 0xff, 0xe0, 0x0, 0x1, 0xff, 0xc0,
    0x0, 0x3, 0xff, 0xc0, 0x0, 0x3, 0xff, 0xc0,
    0x0, 0x3, 0xff, 0x80, 0x0, 0x7, 0xff, 0x80,
    0x0, 0x7, 0xff, 0x0, 0x0, 0xf, 0xff, 0x0,
    0x0, 0xf, 0xff, 0x0, 0x0, 0xf, 0xfe, 0x0,
    0x0, 0x1f, 0xfe, 0x0, 0x0, 0x1f, 0xfc, 0x0,
    0x0, 0x3f, 0xfc, 0x0, 0x0, 0x3f, 0xfc, 0x0,
    0x0, 0x3f, 0xf8, 0x0, 0x0, 0x7f, 0xf8, 0x0,
    0x0, 0x7f, 0xf0, 0x0, 0x0, 0xff, 0xf0, 0x0,
    0x0, 0xff, 0xf0, 0x0, 0x0, 0xff, 0xe0, 0x0,
    0x1, 0xff, 0xe0, 0x0, 0x1, 0xff, 0xc0, 0x0,
    0x3, 0xff, 0xc0, 0x0, 0x3, 0xff, 0xc0, 0x0,
    0x3, 0xff, 0x80, 0x0, 0x7, 0xff, 0x80, 0x0,
    0x7, 0xff, 0x0, 0x0, 0xf, 0xff, 0x0, 0x0,
    0xf, 0xff, 0x0, 0x0, 0x1f, 0xfe, 0x0, 0x0,
    0x1f, 0xfe, 0x0, 0x0, 0x1f, 0xfc, 0x0, 0x0,
    0x3f, 0xfc, 0x0, 0x0, 0x3f, 0xfc, 0x0, 0x0,
    0x7f, 0xf8, 0x0, 0x0, 0x7f, 0xf8, 0x0, 0x0,
    0x7f, 0xf0, 0x0, 0x0, 0xff, 0xf0, 0x0, 0x0,
    0xff, 0xff, 0xff, 0xff, 0xff, 0xff, 0xff, 0xff,
    0xff, 0xff, 0xff, 0xff, 0xff, 0xff, 0xff, 0xff,
    0xff, 0xff, 0xff, 0xff, 0xff, 0xff, 0xff, 0xff,
    0xff, 0xff, 0xff, 0xff, 0xff, 0xff, 0xff, 0xff,
    0xff, 0xff, 0xff, 0xff, 0xff, 0xff, 0xff, 0xff,

    /* U+007B "{" */
    0x0, 0x3, 0xff, 0x0, 0xf, 0xff, 0x0, 0x3f,
    0xff, 0x0, 0x7f, 0xff, 0x0, 0x7f, 0xff, 0x0,
    0xff, 0xff, 0x0, 0xff, 0xff, 0x1, 0xff, 0xff,
    0x1, 0xff, 0xff, 0x1, 0xff, 0xf0, 0x1, 0xff,
    0xc0, 0x1, 0xff, 0xc0, 0x1, 0xff, 0x80, 0x1,
    0xff, 0x80, 0x1, 0xff, 0x80, 0x1, 0xff, 0x80,
    0x1, 0xff, 0x80, 0x1, 0xff, 0x80, 0x1, 0xff,
    0x80, 0x1, 0xff, 0x80, 0x1, 0xff, 0x80, 0x1,
    0xff, 0x80, 0x1, 0xff, 0x80, 0x1, 0xff, 0x80,
    0x1, 0xff, 0x80, 0x1, 0xff, 0x80, 0x1, 0xff,
    0x80, 0x1, 0xff, 0x80, 0x1, 0xff, 0x80, 0x1,
    0xff, 0x80, 0x1, 0xff, 0x80, 0x1, 0xff, 0x80,
    0x3, 0xff, 0x80, 0x3, 0xff, 0x80, 0xf, 0xff,
    0x0, 0xff, 0xff, 0x0, 0xff, 0xfe, 0x0, 0xff,
    0xfc, 0x0, 0xff, 0xf8, 0x0, 0xff, 0xe0, 0x0,
    0xff, 0xf8, 0x0, 0xff, 0xfc, 0x0, 0xff, 0xfe,
    0x0, 0xff, 0xff, 0x0, 0xf, 0xff, 0x0, 0x3,
    0xff, 0x80, 0x3, 0xff, 0x80, 0x1, 0xff, 0x80,
    0x1, 0xff, 0x80, 0x1, 0xff, 0x80, 0x1, 0xff,
    0x80, 0x1, 0xff, 0x80, 0x1, 0xff, 0x80, 0x1,
    0xff, 0x80, 0x1, 0xff, 0x80, 0x1, 0xff, 0x80,
    0x1, 0xff, 0x80, 0x1, 0xff, 0x80, 0x1, 0xff,
    0x80, 0x1, 0xff, 0x80, 0x1, 0xff, 0x80, 0x1,
    0xff, 0x80, 0x1, 0xff, 0x80, 0x1, 0xff, 0x80,
    0x1, 0xff, 0x80, 0x1, 0xff, 0x80, 0x1, 0xff,
    0x80, 0x1, 0xff, 0x80, 0x1, 0xff, 0xc0, 0x1,
    0xff, 0xc0, 0x1, 0xff, 0xf0, 0x1, 0xff, 0xff,
    0x1, 0xff, 0xff, 0x0, 0xff, 0xff, 0x0, 0xff,
    0xff, 0x0, 0x7f, 0xff, 0x0, 0x7f, 0xff, 0x0,
    0x3f, 0xff, 0x0, 0xf, 0xff, 0x0, 0x3, 0xff,

    /* U+007C "|" */
    0xff, 0xff, 0xff, 0xff, 0xff, 0xff, 0xff, 0xff,
    0xff, 0xff, 0xff, 0xff, 0xff, 0xff, 0xff, 0xff,
    0xff, 0xff, 0xff, 0xff, 0xff, 0xff, 0xff, 0xff,
    0xff, 0xff, 0xff, 0xff, 0xff, 0xff, 0xff, 0xff,
    0xff, 0xff, 0xff, 0xff, 0xff, 0xff, 0xff, 0xff,
    0xff, 0xff, 0xff, 0xff, 0xff, 0xff, 0xff, 0xff,
    0xff, 0xff, 0xff, 0xff, 0xff, 0xff, 0xff, 0xff,
    0xff, 0xff, 0xff, 0xff, 0xff, 0xff, 0xff, 0xff,
    0xff, 0xff, 0xff, 0xff, 0xff, 0xff, 0xff, 0xff,
    0xff, 0xff, 0xff, 0xff, 0xff, 0xff, 0xff, 0xff,
    0xff, 0xff, 0xff, 0xff, 0xff, 0xff, 0xff, 0xff,
    0xff, 0xff, 0xff, 0xff, 0xff, 0xff, 0xff, 0xff,
    0xff, 0xff, 0xff, 0xff, 0xff, 0xff, 0xff, 0xff,
    0xff, 0xff, 0xff, 0xff, 0xff, 0xff, 0xff, 0xff,
    0xf0,

    /* U+007D "}" */
    0xff, 0xc0, 0x1, 0xff, 0xe0, 0x3, 0xff, 0xf0,
    0x7, 0xff, 0xf0, 0xf, 0xff, 0xe0, 0x1f, 0xff,
    0xe0, 0x3f, 0xff, 0xc0, 0x7f, 0xff, 0xc0, 0xff,
    0xff, 0x80, 0x1f, 0xff, 0x0, 0xf, 0xfe, 0x0,
    0x1f, 0xfc, 0x0, 0x1f, 0xf8, 0x0, 0x3f, 0xf0,
    0x0, 0x7f, 0xe0, 0x0, 0xff, 0xc0, 0x1, 0xff,
    0x80, 0x3, 0xff, 0x0, 0x7, 0xfe, 0x0, 0xf,
    0xfc, 0x0, 0x1f, 0xf8, 0x0, 0x3f, 0xf0, 0x0,
    0x7f, 0xe0, 0x0, 0xff, 0xc0, 0x1, 0xff, 0x80,
    0x3, 0xff, 0x0, 0x7, 0xfe, 0x0, 0xf, 0xfc,
    0x0, 0x1f, 0xf8, 0x0, 0x3f, 0xf0, 0x0, 0x7f,
    0xe0, 0x0, 0xff, 0xc0, 0x1, 0xff, 0x80, 0x3,
    0xff, 0x80, 0x3, 0xff, 0xc0, 0x7, 0xff, 0xf0,
    0x7, 0xff, 0xe0, 0x7, 0xff, 0xc0, 0x7, 0xff,
    0x80, 0x3, 0xff, 0x0, 0x1f, 0xfe, 0x0, 0x7f,
    0xfc, 0x1, 0xff, 0xf8, 0x7, 0xff, 0xf0, 0xf,
    0xff, 0x0, 0x3f, 0xf8, 0x0, 0x7f, 0xe0, 0x0,
    0xff, 0xc0, 0x1, 0xff, 0x80, 0x3, 0xff, 0x0,
    0x7, 0xfe, 0x0, 0xf, 0xfc, 0x0, 0x1f, 0xf8,
    0x0, 0x3f, 0xf0, 0x0, 0x7f, 0xe0, 0x0, 0xff,
    0xc0, 0x1, 0xff, 0x80, 0x3, 0xff, 0x0, 0x7,
    0xfe, 0x0, 0xf, 0xfc, 0x0, 0x1f, 0xf8, 0x0,
    0x3f, 0xf0, 0x0, 0x7f, 0xe0, 0x0, 0xff, 0xc0,
    0x1, 0xff, 0x80, 0x3, 0xff, 0x0, 0x7, 0xfe,
    0x0, 0xf, 0xfc, 0x0, 0x3f, 0xf8, 0x0, 0x7f,
    0xf0, 0x3, 0xff, 0xe0, 0x7f, 0xff, 0xc0, 0xff,
    0xff, 0x81, 0xff, 0xfe, 0x3, 0xff, 0xfc, 0x7,
    0xff, 0xf0, 0xf, 0xff, 0xe0, 0x1f, 0xff, 0x0,
    0x3f, 0xfc, 0x0, 0x7f, 0xe0, 0x0,

    /* U+007E "~" */
    0x0, 0x7e, 0x0, 0x0, 0x80, 0x7, 0xfe, 0x0,
    0x7, 0x0, 0x3f, 0xfe, 0x0, 0x3f, 0x1, 0xff,
    0xfc, 0x1, 0xfe, 0xf, 0xff, 0xfc, 0x7, 0xfc,
    0x7f, 0xff, 0xfc, 0x7f, 0xe3, 0xff, 0xff, 0xff,
    0xff, 0xf, 0xff, 0xff, 0xff, 0xfc, 0x7f, 0xe3,
    0xff, 0xff, 0xe3, 0xfe, 0x3, 0xff, 0xff, 0x7,
    0xf8, 0x3, 0xff, 0xf8, 0xf, 0xc0, 0x7, 0xff,
    0xc0, 0xe, 0x0, 0x7, 0xfe, 0x0, 0x10, 0x0,
    0x7, 0xe0, 0x0
};


/*---------------------
 *  GLYPH DESCRIPTION
 *--------------------*/

static const lv_font_fmt_txt_glyph_dsc_t glyph_dsc[] = {
    {.bitmap_index = 0, .adv_w = 0, .box_w = 0, .box_h = 0, .ofs_x = 0, .ofs_y = 0} /* id = 0 reserved */,
    {.bitmap_index = 0, .adv_w = 256, .box_w = 1, .box_h = 1, .ofs_x = 0, .ofs_y = 0},
    {.bitmap_index = 1, .adv_w = 336, .box_w = 11, .box_h = 69, .ofs_x = 5, .ofs_y = 1},
    {.bitmap_index = 96, .adv_w = 538, .box_w = 26, .box_h = 22, .ofs_x = 4, .ofs_y = 48},
    {.bitmap_index = 168, .adv_w = 659, .box_w = 38, .box_h = 70, .ofs_x = 2, .ofs_y = 0},
    {.bitmap_index = 501, .adv_w = 640, .box_w = 33, .box_h = 80, .ofs_x = 4, .ofs_y = -5},
    {.bitmap_index = 831, .adv_w = 942, .box_w = 52, .box_h = 72, .ofs_x = 3, .ofs_y = -1},
    {.bitmap_index = 1299, .adv_w = 667, .box_w = 37, .box_h = 71, .ofs_x = 3, .ofs_y = -1},
    {.bitmap_index = 1628, .adv_w = 301, .box_w = 11, .box_h = 22, .ofs_x = 4, .ofs_y = 48},
    {.bitmap_index = 1659, .adv_w = 442, .box_w = 19, .box_h = 80, .ofs_x = 5, .ofs_y = -5},
    {.bitmap_index = 1849, .adv_w = 442, .box_w = 19, .box_h = 80, .ofs_x = 3, .ofs_y = -5},
    {.bitmap_index = 2039, .adv_w = 675, .box_w = 40, .box_h = 37, .ofs_x = 1, .ofs_y = 33},
    {.bitmap_index = 2224, .adv_w = 640, .box_w = 35, .box_h = 35, .ofs_x = 3, .ofs_y = 17},
    {.bitmap_index = 2378, .adv_w = 301, .box_w = 11, .box_h = 22, .ofs_x = 4, .ofs_y = -12},
    {.bitmap_index = 2409, .adv_w = 432, .box_w = 22, .box_h = 10, .ofs_x = 2, .ofs_y = 30},
    {.bitmap_index = 2437, .adv_w = 301, .box_w = 11, .box_h = 10, .ofs_x = 4, .ofs_y = 0},
    {.bitmap_index = 2451, .adv_w = 622, .box_w = 37, .box_h = 70, .ofs_x = 1, .ofs_y = 0},
    {.bitmap_index = 2775, .adv_w = 640, .box_w = 33, .box_h = 72, .ofs_x = 3, .ofs_y = -1},
    {.bitmap_index = 3072, .adv_w = 640, .box_w = 23, .box_h = 70, .ofs_x = 7, .ofs_y = 0},
    {.bitmap_index = 3274, .adv_w = 640, .box_w = 33, .box_h = 71, .ofs_x = 4, .ofs_y = 0},
    {.bitmap_index = 3567, .adv_w = 640, .box_w = 33, .box_h = 72, .ofs_x = 3, .ofs_y = -1},
    {.bitmap_index = 3864, .adv_w = 640, .box_w = 37, .box_h = 70, .ofs_x = 1, .ofs_y = 0},
    {.bitmap_index = 4188, .adv_w = 640, .box_w = 33, .box_h = 71, .ofs_x = 4, .ofs_y = -1},
    {.bitmap_index = 4481, .adv_w = 640, .box_w = 33, .box_h = 72, .ofs_x = 4, .ofs_y = -1},
    {.bitmap_index = 4778, .adv_w = 640, .box_w = 33, .box_h = 70, .ofs_x = 3, .ofs_y = 0},
    {.bitmap_index = 5067, .adv_w = 640, .box_w = 34, .box_h = 72, .ofs_x = 3, .ofs_y = -1},
    {.bitmap_index = 5373, .adv_w = 640, .box_w = 33, .box_h = 72, .ofs_x = 3, .ofs_y = -1},
    {.bitmap_index = 5670, .adv_w = 301, .box_w = 11, .box_h = 48, .ofs_x = 4, .ofs_y = 0},
    {.bitmap_index = 5736, .adv_w = 301, .box_w = 12, .box_h = 60, .ofs_x = 3, .ofs_y = -12},
    {.bitmap_index = 5826, .adv_w = 640, .box_w = 31, .box_h = 34, .ofs_x = 4, .ofs_y = 18},
    {.bitmap_index = 5958, .adv_w = 640, .box_w = 33, .box_h = 24, .ofs_x = 4, .ofs_y = 23},
    {.bitmap_index = 6057, .adv_w = 640, .box_w = 31, .box_h = 34, .ofs_x = 5, .ofs_y = 18},
    {.bitmap_index = 6189, .adv_w = 581, .box_w = 32, .box_h = 71, .ofs_x = 2, .ofs_y = 0},
    {.bitmap_index = 6473, .adv_w = 1114, .box_w = 65, .box_h = 80, .ofs_x = 2, .ofs_y = -6},
    {.bitmap_index = 7123, .adv_w = 642, .box_w = 38, .box_h = 70, .ofs_x = 1, .ofs_y = 0},
    {.bitmap_index = 7456, .adv_w = 646, .box_w = 34, .box_h = 70, .ofs_x = 4, .ofs_y = 0},
    {.bitmap_index = 7754, .adv_w = 613, .box_w = 33, .box_h = 72, .ofs_x = 3, .ofs_y = -1},
    {.bitmap_index = 8051, .adv_w = 650, .box_w = 33, .box_h = 70, .ofs_x = 4, .ofs_y = 0},
    {.bitmap_index = 8340, .adv_w = 581, .box_w = 30, .box_h = 70, .ofs_x = 4, .ofs_y = 0},
    {.bitmap_index = 8603, .adv_w = 550, .box_w = 29, .box_h = 70, .ofs_x = 4, .ofs_y = 0},
    {.bitmap_index = 8857, .adv_w = 626, .box_w = 33, .box_h = 72, .ofs_x = 3, .ofs_y = -1},
    {.bitmap_index = 9154, .adv_w = 672, .box_w = 34, .box_h = 70, .ofs_x = 4, .ofs_y = 0},
    {.bitmap_index = 9452, .adv_w = 307, .box_w = 11, .box_h = 70, .ofs_x = 4, .ofs_y = 0},
    {.bitmap_index = 9549, .adv_w = 424, .box_w = 21, .box_h = 70, .ofs_x = 2, .ofs_y = 0},
    {.bitmap_index = 9733, .adv_w = 662, .box_w = 36, .box_h = 70, .ofs_x = 4, .ofs_y = 0},
    {.bitmap_index = 10048, .adv_w = 550, .box_w = 29, .box_h = 70, .ofs_x = 4, .ofs_y = 0},
    {.bitmap_index = 10302, .adv_w = 861, .box_w = 46, .box_h = 70, .ofs_x = 4, .ofs_y = 0},
    {.bitmap_index = 10705, .adv_w = 683, .box_w = 35, .box_h = 70, .ofs_x = 4, .ofs_y = 0},
    {.bitmap_index = 11012, .adv_w = 640, .box_w = 33, .box_h = 72, .ofs_x = 3, .ofs_y = -1},
    {.bitmap_index = 11309, .adv_w = 618, .box_w = 33, .box_h = 70, .ofs_x = 4, .ofs_y = 0},
    {.bitmap_index = 11598, .adv_w = 640, .box_w = 36, .box_h = 78, .ofs_x = 3, .ofs_y = -6},
    {.bitmap_index = 11949, .adv_w = 645, .box_w = 34, .box_h = 70, .ofs_x = 4, .ofs_y = 0},
    {.bitmap_index = 12247, .adv_w = 595, .box_w = 33, .box_h = 72, .ofs_x = 2, .ofs_y = -1},
    {.bitmap_index = 12544, .adv_w = 582, .box_w = 34, .box_h = 70, .ofs_x = 1, .ofs_y = 0},
    {.bitmap_index = 12842, .adv_w = 643, .box_w = 33, .box_h = 71, .ofs_x = 4, .ofs_y = -1},
    {.bitmap_index = 13135, .adv_w = 611, .box_w = 36, .box_h = 70, .ofs_x = 1, .ofs_y = 0},
    {.bitmap_index = 13450, .adv_w = 891, .box_w = 53, .box_h = 70, .ofs_x = 1, .ofs_y = 0},
    {.bitmap_index = 13914, .adv_w = 650, .box_w = 39, .box_h = 70, .ofs_x = 1, .ofs_y = 0},
    {.bitmap_index = 14256, .adv_w = 630, .box_w = 37, .box_h = 70, .ofs_x = 1, .ofs_y = 0},
    {.bitmap_index = 14580, .adv_w = 579, .box_w = 32, .box_h = 70, .ofs_x = 2, .ofs_y = 0},
    {.bitmap_index = 14860, .adv_w = 442, .box_w = 18, .box_h = 80, .ofs_x = 6, .ofs_y = -5},
    {.bitmap_index = 15040, .adv_w = 622, .box_w = 37, .box_h = 70, .ofs_x = 1, .ofs_y = 0},
    {.bitmap_index = 15364, .adv_w = 442, .box_w = 18, .box_h = 80, .ofs_x = 3, .ofs_y = -5},
    {.bitmap_index = 15544, .adv_w = 640, .box_w = 36, .box_h = 27, .ofs_x = 2, .ofs_y = 43},
    {.bitmap_index = 15666, .adv_w = 480, .box_w = 30, .box_h = 8, .ofs_x = 0, .ofs_y = -9},
    {.bitmap_index = 15696, .adv_w = 800, .box_w = 19, .box_h = 11, .ofs_x = 12, .ofs_y = 75},
    {.bitmap_index = 15723, .adv_w = 642, .box_w = 38, .box_h = 70, .ofs_x = 1, .ofs_y = 0},
    {.bitmap_index = 16056, .adv_w = 646, .box_w = 34, .box_h = 70, .ofs_x = 4, .ofs_y = 0},
    {.bitmap_index = 16354, .adv_w = 613, .box_w = 33, .box_h = 72, .ofs_x = 3, .ofs_y = -1},
    {.bitmap_index = 16651, .adv_w = 650, .box_w = 33, .box_h = 70, .ofs_x = 4, .ofs_y = 0},
    {.bitmap_index = 16940, .adv_w = 581, .box_w = 30, .box_h = 70, .ofs_x = 4, .ofs_y = 0},
    {.bitmap_index = 17203, .adv_w = 550, .box_w = 29, .box_h = 70, .ofs_x = 4, .ofs_y = 0},
    {.bitmap_index = 17457, .adv_w = 626, .box_w = 33, .box_h = 72, .ofs_x = 3, .ofs_y = -1},
    {.bitmap_index = 17754, .adv_w = 672, .box_w = 34, .box_h = 70, .ofs_x = 4, .ofs_y = 0},
    {.bitmap_index = 18052, .adv_w = 307, .box_w = 11, .box_h = 70, .ofs_x = 4, .ofs_y = 0},
    {.bitmap_index = 18149, .adv_w = 424, .box_w = 21, .box_h = 70, .ofs_x = 2, .ofs_y = 0},
    {.bitmap_index = 18333, .adv_w = 662, .box_w = 36, .box_h = 70, .ofs_x = 4, .ofs_y = 0},
    {.bitmap_index = 18648, .adv_w = 550, .box_w = 29, .box_h = 70, .ofs_x = 4, .ofs_y = 0},
    {.bitmap_index = 18902, .adv_w = 861, .box_w = 46, .box_h = 70, .ofs_x = 4, .ofs_y = 0},
    {.bitmap_index = 19305, .adv_w = 683, .box_w = 35, .box_h = 70, .ofs_x = 4, .ofs_y = 0},
    {.bitmap_index = 19612, .adv_w = 640, .box_w = 33, .box_h = 72, .ofs_x = 3, .ofs_y = -1},
    {.bitmap_index = 19909, .adv_w = 618, .box_w = 33, .box_h = 70, .ofs_x = 4, .ofs_y = 0},
    {.bitmap_index = 20198, .adv_w = 640, .box_w = 36, .box_h = 78, .ofs_x = 3, .ofs_y = -6},
    {.bitmap_index = 20549, .adv_w = 645, .box_w = 34, .box_h = 70, .ofs_x = 4, .ofs_y = 0},
    {.bitmap_index = 20847, .adv_w = 595, .box_w = 33, .box_h = 72, .ofs_x = 2, .ofs_y = -1},
    {.bitmap_index = 21144, .adv_w = 582, .box_w = 34, .box_h = 70, .ofs_x = 1, .ofs_y = 0},
    {.bitmap_index = 21442, .adv_w = 643, .box_w = 33, .box_h = 71, .ofs_x = 4, .ofs_y = -1},
    {.bitmap_index = 21735, .adv_w = 611, .box_w = 36, .box_h = 70, .ofs_x = 1, .ofs_y = 0},
    {.bitmap_index = 22050, .adv_w = 891, .box_w = 53, .box_h = 70, .ofs_x = 1, .ofs_y = 0},
    {.bitmap_index = 22514, .adv_w = 650, .box_w = 39, .box_h = 70, .ofs_x = 1, .ofs_y = 0},
    {.bitmap_index = 22856, .adv_w = 630, .box_w = 37, .box_h = 70, .ofs_x = 1, .ofs_y = 0},
    {.bitmap_index = 23180, .adv_w = 579, .box_w = 32, .box_h = 70, .ofs_x = 2, .ofs_y = 0},
    {.bitmap_index = 23460, .adv_w = 442, .box_w = 24, .box_h = 80, .ofs_x = 2, .ofs_y = -5},
    {.bitmap_index = 23700, .adv_w = 800, .box_w = 9, .box_h = 100, .ofs_x = 20, .ofs_y = -20},
    {.bitmap_index = 23813, .adv_w = 442, .box_w = 23, .box_h = 80, .ofs_x = 2, .ofs_y = -5},
    {.bitmap_index = 24043, .adv_w = 640, .box_w = 38, .box_h = 14, .ofs_x = 1, .ofs_y = 28}
};

/*---------------------
 *  CHARACTER MAPPING
 *--------------------*/



/*Collect the unicode lists and glyph_id offsets*/
static const lv_font_fmt_txt_cmap_t cmaps[] =
{
    {
        .range_start = 32, .range_length = 95, .glyph_id_start = 1,
        .unicode_list = NULL, .glyph_id_ofs_list = NULL, .list_length = 0, .type = LV_FONT_FMT_TXT_CMAP_FORMAT0_TINY
    }
};

/*-----------------
 *    KERNING
 *----------------*/


/*Map glyph_ids to kern left classes*/
static const uint8_t kern_left_class_mapping[] =
{
    0, 0, 0, 0, 0, 0, 0, 1,
    0, 2, 0, 0, 0, 0, 3, 0,
    4, 0, 0, 0, 0, 0, 0, 0,
    0, 0, 0, 0, 0, 0, 0, 0,
    0, 5, 6, 7, 8, 9, 10, 11,
    12, 0, 0, 13, 14, 15, 0, 0,
    9, 16, 9, 17, 18, 19, 20, 21,
    22, 23, 24, 25, 2, 0, 0, 0,
    0, 0, 6, 7, 8, 9, 10, 11,
    12, 0, 0, 0, 14, 15, 0, 0,
    9, 16, 9, 17, 18, 19, 20, 21,
    22, 23, 24, 25, 2, 0, 0, 0
};

/*Map glyph_ids to kern right classes*/
static const uint8_t kern_right_class_mapping[] =
{
    0, 0, 0, 1, 0, 0, 0, 2,
    1, 0, 3, 4, 0, 5, 6, 5,
    7, 0, 0, 0, 0, 0, 0, 0,
    0, 0, 0, 8, 8, 0, 0, 0,
    9, 10, 11, 0, 12, 0, 0, 0,
    12, 0, 0, 13, 0, 0, 0, 0,
    12, 0, 12, 0, 14, 15, 16, 17,
    18, 19, 20, 21, 0, 0, 3, 0,
    0, 0, 11, 0, 12, 0, 0, 0,
    12, 0, 0, 0, 0, 0, 0, 0,
    12, 0, 12, 0, 14, 15, 16, 17,
    18, 19, 20, 21, 0, 0, 3, 0
};

/*Kern values between classes*/
static const int8_t kern_class_values[] =
{
    0, 0, 0, 0, 0, 0, 0, 0,
    0, 0, 0, 0, 0, 0, -9, 0,
    0, 0, 0, -11, 0, 0, 0, 0,
    0, 0, 0, 0, 0, 0, 0, 9,
    0, 9, 0, 13, 0, 9, 9, 4,
    9, 0, 0, 0, 0, 0, 0, 0,
    0, 0, 0, 0, -17, 0, -54, 0,
    -62, 0, -17, -7, -30, -43, -13, 0,
    0, 0, 0, 0, 0, -119, 0, 0,
    0, -21, 0, -38, 0, 9, 0, 9,
    9, 0, 4, 0, 0, 0, 0, 0,
    0, 0, 0, 0, 0, 0, -13, 0,
    -9, 0, 0, 0, 0, 0, -17, -13,
    0, -45, 0, 9, -38, 9, -17, 9,
    9, -26, -4, 4, -2, 0, -3, -39,
    -2, -24, -12, 2, -39, 3, -5, 0,
    0, 0, 0, 0, 0, 0, 0, 0,
    0, 0, 0, 0, 0, 0, -3, -1,
    -6, -14, 0, 0, 0, 0, 4, 0,
    0, 0, 0, 4, 4, 0, 2, 0,
    2, 0, 0, 0, 0, -6, -8, 0,
    -5, 0, 0, 0, -5, 0, 0, 0,
    0, 0, -2, 0, -3, 0, -3, 0,
    -2, 0, -14, -15, 0, 0, 0, 9,
    0, 4, 0, 0, 0, 0, 0, 0,
    0, 0, 2, 0, 0, 0, 0, 2,
    0, 2, 9, 0, 13, 9, -62, -4,
    -26, 0, 4, -4, -27, 0, -44, 0,
    9, 0, 4, 4, 0, 0, 0, 0,
    0, 0, 0, 0, 0, 0, 0, 0,
    0, 0, 0, 0, 0, 0, 0, 0,
    0, -11, -13, 0, 0, 0, 0, 0,
    -2, 0, -9, 0, 0, 0, -2, 0,
    0, 0, 0, 0, 0, 0, 0, 0,
    0, 0, -4, 4, -17, 4, -30, 0,
    4, -9, -7, 0, -14, 0, -6, 0,
    -1, 0, 0, 0, 0, 0, -62, 9,
    13, -85, 9, -62, 9, 9, -38, 0,
    3, -3, 9, 0, -67, 0, -39, -15,
    0, -75, 0, 0, 0, 0, 9, -79,
    0, -55, 0, 9, 0, -30, 0, -49,
    3, 2, 0, 0, 0, -10, -4, -2,
    -4, 0, 0, 0, 4, 0, 9, 4,
    0, 0, 0, 0, 0, 0, -2, 0,
    -3, -2, 0, -14, 0, 0, 0, 0,
    0, 0, -3, 0, 0, 0, 0, -3,
    0, 0, 0, 0, 0, 0, 0, -5,
    -5, 0, 9, 0, 13, 9, -62, -62,
    -38, -30, 4, -21, -39, -3, -44, 0,
    9, 0, 3, 3, 0, 3, 0, 0,
    0, 0, 0, -2, 0, -9, 0, 0,
    0, -2, 0, 0, 0, 0, 0, 0,
    0, -1, 0, 0, 9, -4, 9, 0,
    -45, -17, -21, -13, 0, -9, -24, -2,
    -41, 0, 3, 0, 4, 4, 0, 0,
    0, 9, 0, 9, 0, -21, -7, 0,
    -4, 0, -4, -12, 0, -18, 0, 3,
    0, 4, 4, 0, 0, 0, 0, -4,
    4, -17, 4, -30, 9, 4, -9, -7,
    2, -14, 0, -5, 0, -1, 0, 0,
    0, 0, 0, 9, -17, 9, -9, -79,
    -43, -47, -34, -9, -34, -39, -15, -49,
    -14, 3, 0, 0, 0, 0, 0, 0,
    0, 0, 0, 0, 9, -13, 0, 9,
    0, 0, 0, 0, 0, 0, 0, 0,
    0, 0, 0, 0, 4
};


/*Collect the kern class' data in one place*/
static const lv_font_fmt_txt_kern_classes_t kern_classes =
{
    .class_pair_values   = kern_class_values,
    .left_class_mapping  = kern_left_class_mapping,
    .right_class_mapping = kern_right_class_mapping,
    .left_class_cnt      = 25,
    .right_class_cnt     = 21,
};

/*--------------------
 *  ALL CUSTOM DATA
 *--------------------*/

#if LVGL_VERSION_MAJOR == 8
/*Store all the custom data of the font*/
static  lv_font_fmt_txt_glyph_cache_t cache;
#endif

#if LVGL_VERSION_MAJOR >= 8
static const lv_font_fmt_txt_dsc_t font_dsc = {
#else
static lv_font_fmt_txt_dsc_t font_dsc = {
#endif
    .glyph_bitmap = glyph_bitmap,
    .glyph_dsc = glyph_dsc,
    .cmaps = cmaps,
    .kern_dsc = &kern_classes,
    .kern_scale = 30,
    .cmap_num = 1,
    .bpp = 1,
    .kern_classes = 1,
    .bitmap_format = 0,
#if LVGL_VERSION_MAJOR == 8
    .cache = &cache
#endif
};



/*-----------------
 *  PUBLIC FONT
 *----------------*/

/*Initialize a public general font descriptor*/
#if LVGL_VERSION_MAJOR >= 8
const lv_font_t ui_font_Font100 = {
#else
lv_font_t ui_font_Font100 = {
#endif
    .get_glyph_dsc = lv_font_get_glyph_dsc_fmt_txt,    /*Function pointer to get glyph's data*/
    .get_glyph_bitmap = lv_font_get_bitmap_fmt_txt,    /*Function pointer to get glyph's bitmap*/
    .line_height = 106,          /*The maximum line height required by the font*/
    .base_line = 20,             /*Baseline measured from the bottom of the line*/
#if !(LVGL_VERSION_MAJOR == 6 && LVGL_VERSION_MINOR == 0)
    .subpx = LV_FONT_SUBPX_NONE,
#endif
#if LV_VERSION_CHECK(7, 4, 0) || LVGL_VERSION_MAJOR >= 8
    .underline_position = -4,
    .underline_thickness = 8,
#endif
    .dsc = &font_dsc,          /*The custom font data. Will be accessed by `get_glyph_bitmap/dsc` */
#if LV_VERSION_CHECK(8, 2, 0) || LVGL_VERSION_MAJOR >= 9
    .fallback = NULL,
#endif
    .user_data = NULL,
};



#endif /*#if UI_FONT_FONT100*/

