/*******************************************************************************
 * Size: 100 px
 * Bpp: 1
 * Opts: --bpp 1 --size 100 --font C:/Users/Giode/SquareLine/assets/Designer.otf -o C:/Users/Giode/SquareLine/assets\ui_font_DESIGNER100.c --format lvgl -r 0x20-0x7f --no-compress --no-prefilter
 ******************************************************************************/

#include "ui.h"

#ifndef UI_FONT_DESIGNER100
#define UI_FONT_DESIGNER100 1
#endif

#if UI_FONT_DESIGNER100

/*-----------------
 *    BITMAPS
 *----------------*/

/*Store the image of the glyphs*/
static LV_ATTRIBUTE_LARGE_CONST const uint8_t glyph_bitmap[] = {
    /* U+0020 " " */
    0x0,

    /* U+0021 "!" */
    0x0, 0x1, 0xff, 0xff, 0x0, 0x1, 0xff, 0xff,
    0xe0, 0x0, 0x7f, 0xff, 0xf8, 0x0, 0x3f, 0xff,
    0xfe, 0x0, 0xf, 0xff, 0xff, 0x80, 0x3, 0xff,
    0xff, 0xe0, 0x0, 0xff, 0xff, 0xf8, 0x0, 0x7f,
    0xff, 0xfe, 0x0, 0x1f, 0xff, 0xff, 0x0, 0x7,
    0xff, 0xff, 0xc0, 0x1, 0xff, 0xff, 0xf0, 0x0,
    0x7f, 0xff, 0xfc, 0x0, 0x3f, 0xff, 0xff, 0x0,
    0xf, 0xff, 0xff, 0x80, 0x3, 0xff, 0xff, 0xe0,
    0x0, 0xff, 0xff, 0xf8, 0x0, 0x3f, 0xff, 0xfe,
    0x0, 0xf, 0xff, 0xff, 0x80, 0x7, 0xff, 0xff,
    0xe0, 0x1, 0xff, 0xff, 0xf0, 0x0, 0x7f, 0xff,
    0xfc, 0x0, 0x1f, 0xff, 0xff, 0x0, 0x7, 0xff,
    0xff, 0xc0, 0x3, 0xff, 0xff, 0xf0, 0x0, 0xff,
    0xff, 0xf8, 0x0, 0x3f, 0xff, 0xfe, 0x0, 0xf,
    0xff, 0xff, 0x80, 0x3, 0xff, 0xff, 0xe0, 0x0,
    0xff, 0xff, 0xf8, 0x0, 0x7f, 0xff, 0xfc, 0x0,
    0x1f, 0xff, 0xff, 0x0, 0x7, 0xff, 0xff, 0xc0,
    0x1, 0xff, 0xff, 0xf0, 0x0, 0x7f, 0xff, 0xfc,
    0x0, 0x3f, 0xff, 0xff, 0x0, 0xf, 0xff, 0xff,
    0x80, 0x3, 0xff, 0xff, 0xe0, 0x0, 0xff, 0xff,
    0xf8, 0x0, 0x3f, 0xff, 0xfe, 0x0, 0xf, 0xff,
    0xff, 0x80, 0x3, 0xff, 0xff, 0xc0, 0x0, 0xff,
    0xff, 0xe0, 0x0, 0x1f, 0xff, 0xf0, 0x0, 0x0,
    0x0, 0x0, 0x0, 0x0, 0x0, 0x0, 0x0, 0x0,
    0x0, 0x0, 0x0, 0x0, 0x0, 0x0, 0x0, 0x0,
    0x0, 0x0, 0x0, 0x0, 0x0, 0x0, 0x0, 0x0,
    0x0, 0xff, 0xff, 0x80, 0x0, 0xff, 0xff, 0xf0,
    0x0, 0x3f, 0xff, 0xfc, 0x0, 0x1f, 0xff, 0xff,
    0x0, 0x7, 0xff, 0xff, 0xc0, 0x1, 0xff, 0xff,
    0xf0, 0x0, 0x7f, 0xff, 0xfc, 0x0, 0x1f, 0xff,
    0xff, 0x0, 0xf, 0xff, 0xff, 0x80, 0x3, 0xff,
    0xff, 0xe0, 0x0, 0xff, 0xff, 0xf8, 0x0, 0x3f,
    0xff, 0xfe, 0x0, 0xf, 0xff, 0xff, 0x80, 0x3,
    0xff, 0xff, 0xe0, 0x1, 0xff, 0xff, 0xf0, 0x0,
    0x7f, 0xff, 0xfc, 0x0, 0x1f, 0xff, 0xff, 0x0,
    0x7, 0xff, 0xff, 0xc0, 0x1, 0xff, 0xff, 0xe0,
    0x0, 0x7f, 0xff, 0xf8, 0x0, 0xf, 0xff, 0xf8,
    0x0, 0x0,

    /* U+0022 "\"" */
    0x3, 0xff, 0xe0, 0x1, 0xff, 0xf0, 0x1f, 0xff,
    0xc0, 0xf, 0xff, 0xe0, 0xff, 0xff, 0x80, 0x7f,
    0xff, 0x87, 0xff, 0xfe, 0x3, 0xff, 0xff, 0x1f,
    0xff, 0xf0, 0xf, 0xff, 0xf8, 0x7f, 0xff, 0xc0,
    0x3f, 0xff, 0xe1, 0xff, 0xff, 0x0, 0xff, 0xff,
    0x87, 0xff, 0xf8, 0x3, 0xff, 0xfc, 0x3f, 0xff,
    0xe0, 0x1f, 0xff, 0xf0, 0xff, 0xff, 0x0, 0x7f,
    0xff, 0x83, 0xff, 0xfc, 0x1, 0xff, 0xfe, 0xf,
    0xff, 0xf0, 0x7, 0xff, 0xf8, 0x3f, 0xff, 0x80,
    0x1f, 0xff, 0xc0, 0xff, 0xfe, 0x0, 0x7f, 0xff,
    0x7, 0xff, 0xf0, 0x3, 0xff, 0xf8, 0x1f, 0xff,
    0xc0, 0xf, 0xff, 0xe0, 0x7f, 0xfe, 0x0, 0x3f,
    0xff, 0x1, 0xff, 0xf8, 0x0, 0xff, 0xfc, 0x7,
    0xff, 0xe0, 0x3, 0xff, 0xf0, 0x1f, 0xff, 0x0,
    0x1f, 0xff, 0x80, 0xff, 0xfc, 0x0, 0x7f, 0xfe,
    0x3, 0xff, 0xe0, 0x1, 0xff, 0xf0, 0xf, 0xff,
    0x80, 0x7, 0xff, 0xc0, 0x3f, 0xfe, 0x0, 0x1f,
    0xfe, 0x0, 0xff, 0xf0, 0x0, 0x7f, 0xf8, 0x1,
    0xff, 0x0, 0x0, 0xff, 0x80, 0x0,

    /* U+0023 "#" */
    0x0, 0x0, 0x1, 0xfc, 0x0, 0x3f, 0xc0, 0x0,
    0x0, 0x0, 0x7, 0xf8, 0x0, 0xff, 0x0, 0x0,
    0x0, 0x0, 0x3f, 0xc0, 0x3, 0xf8, 0x0, 0x0,
    0x0, 0x0, 0xff, 0x0, 0x1f, 0xe0, 0x0, 0x0,
    0x0, 0x3, 0xfc, 0x0, 0x7f, 0x80, 0x0, 0x0,
    0x0, 0xf, 0xf0, 0x1, 0xfe, 0x0, 0x0, 0x0,
    0x0, 0x3f, 0xc0, 0x7, 0xf8, 0x0, 0x0, 0x0,
    0x1, 0xfe, 0x0, 0x1f, 0xe0, 0x0, 0x0, 0x0,
    0x7, 0xf8, 0x0, 0xff, 0x0, 0x0, 0x0, 0x0,
    0x1f, 0xe0, 0x3, 0xfc, 0x0, 0x0, 0x0, 0x0,
    0x7f, 0x80, 0xf, 0xf0, 0x0, 0x0, 0x0, 0x1,
    0xfe, 0x0, 0x3f, 0xc0, 0x0, 0x0, 0x0, 0xf,
    0xf0, 0x0, 0xff, 0x0, 0x0, 0x0, 0x0, 0x3f,
    0xc0, 0x7, 0xf8, 0x0, 0x0, 0x0, 0x0, 0xff,
    0x0, 0x1f, 0xe0, 0x0, 0x0, 0x0, 0x3, 0xfc,
    0x0, 0x7f, 0x80, 0x0, 0x7, 0xff, 0xff, 0xff,
    0xff, 0xff, 0xff, 0xfc, 0x3f, 0xff, 0xff, 0xff,
    0xff, 0xff, 0xff, 0xf0, 0xff, 0xff, 0xff, 0xff,
    0xff, 0xff, 0xff, 0xc3, 0xff, 0xff, 0xff, 0xff,
    0xff, 0xff, 0xfe, 0xf, 0xff, 0xff, 0xff, 0xff,
    0xff, 0xff, 0xf8, 0x3f, 0xff, 0xff, 0xff, 0xff,
    0xff, 0xff, 0xe0, 0xff, 0xff, 0xff, 0xff, 0xff,
    0xff, 0xff, 0x83, 0xff, 0xff, 0xff, 0xff, 0xff,
    0xff, 0xfc, 0x0, 0x0, 0x3f, 0xc0, 0x7, 0xf8,
    0x0, 0x0, 0x0, 0x0, 0xff, 0x0, 0x1f, 0xe0,
    0x0, 0x0, 0x0, 0x3, 0xfc, 0x0, 0x7f, 0x80,
    0x0, 0x0, 0x0, 0xf, 0xf0, 0x1, 0xfe, 0x0,
    0x0, 0x0, 0x0, 0x3f, 0xc0, 0x7, 0xf8, 0x0,
    0x0, 0x0, 0x1, 0xfe, 0x0, 0x1f, 0xe0, 0x0,
    0x0, 0x0, 0x7, 0xf8, 0x0, 0xff, 0x0, 0x0,
    0x0, 0x0, 0x1f, 0xe0, 0x3, 0xfc, 0x0, 0x0,
    0x0, 0x0, 0x7f, 0x80, 0xf, 0xf0, 0x0, 0x0,
    0x0, 0x1, 0xfe, 0x0, 0x3f, 0xc0, 0x0, 0x0,
    0x0, 0xf, 0xf0, 0x0, 0xff, 0x0, 0x0, 0xf,
    0xff, 0xff, 0xff, 0xff, 0xff, 0xff, 0xf0, 0x7f,
    0xff, 0xff, 0xff, 0xff, 0xff, 0xff, 0xc1, 0xff,
    0xff, 0xff, 0xff, 0xff, 0xff, 0xff, 0x7, 0xff,
    0xff, 0xff, 0xff, 0xff, 0xff, 0xfc, 0x1f, 0xff,
    0xff, 0xff, 0xff, 0xff, 0xff, 0xf0, 0xff, 0xff,
    0xff, 0xff, 0xff, 0xff, 0xff, 0xc3, 0xff, 0xff,
    0xff, 0xff, 0xff, 0xff, 0xfe, 0xf, 0xff, 0xff,
    0xff, 0xff, 0xff, 0xff, 0xf8, 0x0, 0x0, 0x7f,
    0x80, 0xf, 0xf0, 0x0, 0x0, 0x0, 0x1, 0xfe,
    0x0, 0x3f, 0xc0, 0x0, 0x0, 0x0, 0x7, 0xf8,
    0x0, 0xff, 0x0, 0x0, 0x0, 0x0, 0x3f, 0xc0,
    0x3, 0xf8, 0x0, 0x0, 0x0, 0x0, 0xff, 0x0,
    0x1f, 0xe0, 0x0, 0x0, 0x0, 0x3, 0xfc, 0x0,
    0x7f, 0x80, 0x0, 0x0, 0x0, 0xf, 0xf0, 0x1,
    0xfe, 0x0, 0x0, 0x0, 0x0, 0x3f, 0xc0, 0x7,
    0xf8, 0x0, 0x0, 0x0, 0x1, 0xfe, 0x0, 0x1f,
    0xe0, 0x0, 0x0, 0x0, 0x7, 0xf8, 0x0, 0xff,
    0x0, 0x0, 0x0, 0x0, 0x1f, 0xe0, 0x3, 0xfc,
    0x0, 0x0, 0x0, 0x0, 0x7f, 0x80, 0xf, 0xf0,
    0x0, 0x0, 0x0, 0x1, 0xfe, 0x0, 0x3f, 0xc0,
    0x0, 0x0, 0x0, 0x7, 0xf8, 0x0, 0xff, 0x0,
    0x0, 0x0, 0x0, 0x3f, 0xc0, 0x7, 0xf8, 0x0,
    0x0, 0x0, 0x0, 0xff, 0x0, 0x1f, 0xe0, 0x0,
    0x0, 0x0, 0x1, 0xf8, 0x0, 0x1f, 0x0, 0x0,
    0x0,

    /* U+0024 "$" */
    0x0, 0x0, 0x0, 0x0, 0x0, 0xff, 0xfc, 0x0,
    0x0, 0x0, 0x0, 0x0, 0x0, 0x0, 0xf, 0xff,
    0xfe, 0x0, 0x0, 0x0, 0x0, 0x0, 0x0, 0x0,
    0x3f, 0xff, 0xfe, 0x0, 0x0, 0x0, 0x0, 0x0,
    0x0, 0x0, 0x7f, 0xff, 0xfc, 0x0, 0x0, 0x0,
    0x0, 0x0, 0x0, 0x0, 0xff, 0xff, 0xf8, 0x0,
    0x0, 0x0, 0x0, 0x0, 0x0, 0x3, 0xff, 0xff,
    0xf0, 0x0, 0x0, 0x0, 0x0, 0x0, 0x0, 0x7,
    0xff, 0xff, 0xc0, 0x0, 0x0, 0x0, 0x0, 0x0,
    0x0, 0xf, 0xff, 0xff, 0x80, 0x0, 0x0, 0x0,
    0x0, 0x0, 0xff, 0xff, 0xff, 0xff, 0xff, 0xff,
    0xf8, 0x0, 0x0, 0xf, 0xff, 0xff, 0xff, 0xff,
    0xff, 0xff, 0xf8, 0x0, 0x0, 0xff, 0xff, 0xff,
    0xff, 0xff, 0xff, 0xff, 0xf0, 0x0, 0x3, 0xff,
    0xff, 0xff, 0xff, 0xff, 0xff, 0xff, 0xe0, 0x0,
    0x1f, 0xff, 0xff, 0xff, 0xff, 0xff, 0xff, 0xff,
    0xc0, 0x0, 0x7f, 0xff, 0xff, 0xff, 0xff, 0xff,
    0xff, 0xff, 0x80, 0x1, 0xff, 0xff, 0xff, 0xff,
    0xff, 0xff, 0xff, 0xff, 0x0, 0x7, 0xff, 0xff,
    0xff, 0xff, 0xff, 0xff, 0xff, 0xfe, 0x0, 0x1f,
    0xff, 0xff, 0xff, 0xff, 0xff, 0xff, 0xff, 0xf8,
    0x0, 0x7f, 0xff, 0xff, 0xff, 0xff, 0xff, 0xff,
    0xff, 0xf0, 0x0, 0xff, 0xff, 0xff, 0xff, 0xff,
    0xff, 0xff, 0xff, 0xe0, 0x3, 0xff, 0xff, 0xff,
    0xff, 0xff, 0xff, 0xff, 0xff, 0xc0, 0xf, 0xff,
    0xff, 0xff, 0xff, 0xff, 0xff, 0xff, 0xff, 0x80,
    0x1f, 0xff, 0xff, 0xff, 0xff, 0xff, 0xff, 0xff,
    0xfe, 0x0, 0x3f, 0xff, 0xff, 0xff, 0xff, 0xff,
    0xff, 0xff, 0xfc, 0x0, 0xff, 0xff, 0xff, 0xff,
    0xff, 0xff, 0xff, 0xff, 0xf0, 0x1, 0xff, 0xff,
    0xff, 0xff, 0xff, 0xff, 0xff, 0xff, 0xc0, 0x3,
    0xff, 0xff, 0xe0, 0x0, 0x0, 0x0, 0x0, 0x0,
    0x0, 0xf, 0xff, 0xff, 0x80, 0x0, 0x0, 0x0,
    0x0, 0x0, 0x0, 0x1f, 0xff, 0xfe, 0x0, 0x0,
    0x0, 0x0, 0x0, 0x0, 0x0, 0x3f, 0xff, 0xfc,
    0x0, 0x0, 0x0, 0x0, 0x0, 0x0, 0x0, 0x7f,
    0xff, 0xf8, 0x0, 0x0, 0x0, 0x0, 0x0, 0x0,
    0x0, 0xff, 0xff, 0xf0, 0x0, 0x0, 0x0, 0x0,
    0x0, 0x0, 0x1, 0xff, 0xff, 0xe0, 0x0, 0x0,
    0x0, 0x0, 0x0, 0x0, 0x7, 0xff, 0xff, 0xc0,
    0x0, 0x0, 0x0, 0x0, 0x0, 0x0, 0xf, 0xff,
    0xff, 0x0, 0x0, 0x0, 0x0, 0x0, 0x0, 0x0,
    0x1f, 0xff, 0xff, 0x0, 0x0, 0x0, 0x0, 0x0,
    0x0, 0x0, 0x3f, 0xff, 0xfe, 0x0, 0x0, 0x0,
    0x0, 0x0, 0x0, 0x0, 0x7f, 0xff, 0xff, 0xff,
    0xff, 0xff, 0xff, 0xe0, 0x0, 0x0, 0xff, 0xff,
    0xff, 0xff, 0xff, 0xff, 0xff, 0xf8, 0x0, 0x1,
    0xff, 0xff, 0xff, 0xff, 0xff, 0xff, 0xff, 0xfc,
    0x0, 0x3, 0xff, 0xff, 0xff, 0xff, 0xff, 0xff,
    0xff, 0xfc, 0x0, 0x7, 0xff, 0xff, 0xff, 0xff,
    0xff, 0xff, 0xff, 0xfe, 0x0, 0x7, 0xff, 0xff,
    0xff, 0xff, 0xff, 0xff, 0xff, 0xfc, 0x0, 0xf,
    0xff, 0xff, 0xff, 0xff, 0xff, 0xff, 0xff, 0xfc,
    0x0, 0x1f, 0xff, 0xff, 0xff, 0xff, 0xff, 0xff,
    0xff, 0xfc, 0x0, 0x1f, 0xff, 0xff, 0xff, 0xff,
    0xff, 0xff, 0xff, 0xf8, 0x0, 0x3f, 0xff, 0xff,
    0xff, 0xff, 0xff, 0xff, 0xff, 0xf8, 0x0, 0x3f,
    0xff, 0xff, 0xff, 0xff, 0xff, 0xff, 0xff, 0xf0,
    0x0, 0x3f, 0xff, 0xff, 0xff, 0xff, 0xff, 0xff,
    0xff, 0xe0, 0x0, 0x3f, 0xff, 0xff, 0xff, 0xff,
    0xff, 0xff, 0xff, 0xc0, 0x0, 0x1f, 0xff, 0xff,
    0xff, 0xff, 0xff, 0xff, 0xff, 0xc0, 0x0, 0x1f,
    0xff, 0xff, 0xff, 0xff, 0xff, 0xff, 0xff, 0x80,
    0x0, 0x7, 0xff, 0xff, 0xff, 0xff, 0xff, 0xff,
    0xff, 0x0, 0x0, 0x0, 0x0, 0x0, 0x0, 0x0,
    0x7f, 0xff, 0xfc, 0x0, 0x0, 0x0, 0x0, 0x0,
    0x0, 0x0, 0x7f, 0xff, 0xf8, 0x0, 0x0, 0x0,
    0x0, 0x0, 0x0, 0x0, 0xff, 0xff, 0xf0, 0x0,
    0x0, 0x0, 0x0, 0x0, 0x0, 0x1, 0xff, 0xff,
    0xe0, 0x0, 0x0, 0x0, 0x0, 0x0, 0x0, 0x3,
    0xff, 0xff, 0xc0, 0x0, 0x0, 0x0, 0x0, 0x0,
    0x0, 0x7, 0xff, 0xff, 0x80, 0x0, 0x0, 0x0,
    0x0, 0x0, 0x0, 0x1f, 0xff, 0xfe, 0x0, 0x0,
    0x0, 0x0, 0x0, 0x0, 0x0, 0x3f, 0xff, 0xfc,
    0x0, 0x0, 0x0, 0x0, 0x0, 0x0, 0x0, 0xff,
    0xff, 0xf8, 0x0, 0xff, 0xff, 0xff, 0xff, 0xff,
    0xff, 0xff, 0xff, 0xf0, 0x7, 0xff, 0xff, 0xff,
    0xff, 0xff, 0xff, 0xff, 0xff, 0xe0, 0x1f, 0xff,
    0xff, 0xff, 0xff, 0xff, 0xff, 0xff, 0xff, 0x80,
    0x3f, 0xff, 0xff, 0xff, 0xff, 0xff, 0xff, 0xff,
    0xff, 0x0, 0x7f, 0xff, 0xff, 0xff, 0xff, 0xff,
    0xff, 0xff, 0xfc, 0x0, 0xff, 0xff, 0xff, 0xff,
    0xff, 0xff, 0xff, 0xff, 0xf8, 0x3, 0xff, 0xff,
    0xff, 0xff, 0xff, 0xff, 0xff, 0xff, 0xe0, 0x7,
    0xff, 0xff, 0xff, 0xff, 0xff, 0xff, 0xff, 0xff,
    0x80, 0xf, 0xff, 0xff, 0xff, 0xff, 0xff, 0xff,
    0xff, 0xff, 0x0, 0x1f, 0xff, 0xff, 0xff, 0xff,
    0xff, 0xff, 0xff, 0xfc, 0x0, 0x3f, 0xff, 0xff,
    0xff, 0xff, 0xff, 0xff, 0xff, 0xf0, 0x0, 0xff,
    0xff, 0xff, 0xff, 0xff, 0xff, 0xff, 0xff, 0xc0,
    0x1, 0xff, 0xff, 0xff, 0xff, 0xff, 0xff, 0xff,
    0xff, 0x0, 0x3, 0xff, 0xff, 0xff, 0xff, 0xff,
    0xff, 0xff, 0xf8, 0x0, 0x7, 0xff, 0xff, 0xff,
    0xff, 0xff, 0xff, 0xff, 0xc0, 0x0, 0xf, 0xff,
    0xff, 0xff, 0xff, 0xff, 0xff, 0xfe, 0x0, 0x0,
    0xf, 0xff, 0xff, 0xff, 0xff, 0xff, 0xff, 0xe0,
    0x0, 0x0, 0x0, 0x0, 0x0, 0x7f, 0xff, 0xfe,
    0x0, 0x0, 0x0, 0x0, 0x0, 0x0, 0x0, 0xff,
    0xff, 0xf8, 0x0, 0x0, 0x0, 0x0, 0x0, 0x0,
    0x1, 0xff, 0xff, 0xf0, 0x0, 0x0, 0x0, 0x0,
    0x0, 0x0, 0x3, 0xff, 0xff, 0xe0, 0x0, 0x0,
    0x0, 0x0, 0x0, 0x0, 0x7, 0xff, 0xff, 0xc0,
    0x0, 0x0, 0x0, 0x0, 0x0, 0x0, 0x1f, 0xff,
    0xff, 0x80, 0x0, 0x0, 0x0, 0x0, 0x0, 0x0,
    0x3f, 0xff, 0xfe, 0x0, 0x0, 0x0, 0x0, 0x0,
    0x0, 0x0, 0x3f, 0xff, 0xfc, 0x0, 0x0, 0x0,
    0x0, 0x0, 0x0, 0x0, 0x7f, 0xff, 0xf0, 0x0,
    0x0, 0x0, 0x0, 0x0, 0x0, 0x0, 0x3f, 0xff,
    0x0, 0x0, 0x0, 0x0, 0x0,

    /* U+0025 "%" */
    0x0, 0x7, 0xff, 0xff, 0xf8, 0x0, 0x0, 0x0,
    0x1f, 0xfc, 0x0, 0x7f, 0xff, 0xff, 0xf8, 0x0,
    0x0, 0x1, 0xff, 0xf0, 0x3, 0xff, 0xff, 0xff,
    0xf0, 0x0, 0x0, 0xf, 0xff, 0x80, 0x1f, 0xff,
    0xff, 0xff, 0xc0, 0x0, 0x0, 0x7f, 0xfc, 0x0,
    0xff, 0xff, 0xff, 0xff, 0x80, 0x0, 0x3, 0xff,
    0xe0, 0x7, 0xff, 0xff, 0xff, 0xfe, 0x0, 0x0,
    0x1f, 0xff, 0x0, 0x1f, 0xff, 0xff, 0xff, 0xf8,
    0x0, 0x0, 0xff, 0xf8, 0x0, 0x7f, 0xff, 0xff,
    0xff, 0xe0, 0x0, 0x7, 0xff, 0xc0, 0x3, 0xff,
    0x0, 0x1, 0xff, 0x80, 0x0, 0x1f, 0xfe, 0x0,
    0xf, 0xfc, 0x0, 0x7, 0xfe, 0x0, 0x0, 0xff,
    0xf0, 0x0, 0x3f, 0xf0, 0x0, 0x1f, 0xf0, 0x0,
    0x7, 0xff, 0x80, 0x0, 0xff, 0x80, 0x0, 0x7f,
    0xc0, 0x0, 0x3f, 0xfc, 0x0, 0x3, 0xfe, 0x0,
    0x3, 0xff, 0x0, 0x1, 0xff, 0xe0, 0x0, 0x1f,
    0xf8, 0x0, 0xf, 0xfc, 0x0, 0xf, 0xff, 0x0,
    0x0, 0x7f, 0xe0, 0x0, 0x3f, 0xf0, 0x0, 0x7f,
    0xf8, 0x0, 0x1, 0xff, 0x80, 0x0, 0xff, 0xc0,
    0x3, 0xff, 0xc0, 0x0, 0x7, 0xfc, 0x0, 0x3,
    0xfe, 0x0, 0x1f, 0xfe, 0x0, 0x0, 0x1f, 0xf0,
    0x0, 0xf, 0xf8, 0x0, 0xff, 0xf0, 0x0, 0x0,
    0xff, 0xc0, 0x0, 0x7f, 0xe0, 0x7, 0xff, 0x80,
    0x0, 0x3, 0xff, 0x0, 0x1, 0xff, 0x80, 0x3f,
    0xfc, 0x0, 0x0, 0xf, 0xfc, 0x0, 0x7, 0xfe,
    0x1, 0xff, 0xe0, 0x0, 0x0, 0x3f, 0xf0, 0x0,
    0x1f, 0xf0, 0xf, 0xff, 0x0, 0x0, 0x0, 0xff,
    0xc0, 0x0, 0x7f, 0xc0, 0x7f, 0xf8, 0x0, 0x0,
    0x3, 0xff, 0xff, 0xff, 0xff, 0x3, 0xff, 0xc0,
    0x0, 0x0, 0xf, 0xff, 0xff, 0xff, 0xfc, 0x1f,
    0xfe, 0x0, 0x0, 0x0, 0x3f, 0xff, 0xff, 0xff,
    0xe0, 0xff, 0xf8, 0x0, 0x0, 0x0, 0xff, 0xff,
    0xff, 0xff, 0x87, 0xff, 0xc0, 0x0, 0x0, 0x3,
    0xff, 0xff, 0xff, 0xfc, 0x3f, 0xfe, 0x0, 0x0,
    0x0, 0x7, 0xff, 0xff, 0xff, 0xe1, 0xff, 0xf0,
    0x0, 0x0, 0x0, 0xf, 0xff, 0xff, 0xfe, 0xf,
    0xff, 0x80, 0x0, 0x0, 0x0, 0xf, 0xff, 0xff,
    0xe0, 0x7f, 0xfc, 0x0, 0x0, 0x0, 0x0, 0x0,
    0x0, 0x0, 0x3, 0xff, 0xe0, 0x0, 0x0, 0x0,
    0x0, 0x0, 0x0, 0x0, 0x1f, 0xff, 0x0, 0x0,
    0x0, 0x0, 0x0, 0x0, 0x0, 0x0, 0xff, 0xf8,
    0x0, 0x0, 0x0, 0x0, 0x0, 0x0, 0x0, 0x3,
    0xff, 0xc0, 0x0, 0x0, 0x0, 0x0, 0x0, 0x0,
    0x0, 0x1f, 0xfe, 0x0, 0x0, 0x0, 0x0, 0x0,
    0x0, 0x0, 0x0, 0xff, 0xf0, 0x0, 0x0, 0x0,
    0x0, 0x0, 0x0, 0x0, 0x7, 0xff, 0x80, 0x0,
    0x0, 0x0, 0x0, 0x0, 0x0, 0x0, 0x3f, 0xfc,
    0x0, 0x0, 0x0, 0x0, 0x0, 0x0, 0x0, 0x1,
    0xff, 0xe0, 0x7f, 0xff, 0xff, 0x80, 0x0, 0x0,
    0x0, 0xf, 0xff, 0x7, 0xff, 0xff, 0xff, 0x80,
    0x0, 0x0, 0x0, 0x7f, 0xf8, 0x3f, 0xff, 0xff,
    0xff, 0x0, 0x0, 0x0, 0x3, 0xff, 0xc1, 0xff,
    0xff, 0xff, 0xfc, 0x0, 0x0, 0x0, 0x1f, 0xfe,
    0xf, 0xff, 0xff, 0xff, 0xf8, 0x0, 0x0, 0x0,
    0xff, 0xf0, 0x7f, 0xff, 0xff, 0xff, 0xe0, 0x0,
    0x0, 0x7, 0xff, 0x81, 0xff, 0xff, 0xff, 0xff,
    0x80, 0x0, 0x0, 0x3f, 0xfc, 0x7, 0xff, 0xff,
    0xff, 0xfe, 0x0, 0x0, 0x1, 0xff, 0xe0, 0x3f,
    0xf0, 0x0, 0x1f, 0xf8, 0x0, 0x0, 0xf, 0xff,
    0x0, 0xff, 0xc0, 0x0, 0x7f, 0xe0, 0x0, 0x0,
    0x7f, 0xf8, 0x3, 0xff, 0x0, 0x1, 0xff, 0x80,
    0x0, 0x3, 0xff, 0xc0, 0xf, 0xf8, 0x0, 0x7,
    0xfc, 0x0, 0x0, 0x1f, 0xfe, 0x0, 0x3f, 0xe0,
    0x0, 0x1f, 0xf0, 0x0, 0x0, 0xff, 0xf8, 0x0,
    0xff, 0x80, 0x0, 0xff, 0xc0, 0x0, 0x7, 0xff,
    0xc0, 0x7, 0xfe, 0x0, 0x3, 0xff, 0x0, 0x0,
    0x3f, 0xfe, 0x0, 0x1f, 0xf8, 0x0, 0xf, 0xfc,
    0x0, 0x1, 0xff, 0xf0, 0x0, 0x7f, 0xe0, 0x0,
    0x3f, 0xe0, 0x0, 0xf, 0xff, 0x80, 0x1, 0xff,
    0x0, 0x0, 0xff, 0x80, 0x0, 0x7f, 0xfc, 0x0,
    0x7, 0xfc, 0x0, 0x3, 0xfe, 0x0, 0x3, 0xff,
    0xe0, 0x0, 0x3f, 0xf0, 0x0, 0x1f, 0xf8, 0x0,
    0x1f, 0xff, 0x0, 0x0, 0xff, 0xc0, 0x0, 0x7f,
    0xe0, 0x0, 0xff, 0xf8, 0x0, 0x3, 0xff, 0x0,
    0x1, 0xff, 0x80, 0x3, 0xff, 0xc0, 0x0, 0xf,
    0xfc, 0x0, 0x7, 0xfc, 0x0, 0x1f, 0xfe, 0x0,
    0x0, 0x3f, 0xff, 0xff, 0xff, 0xf0, 0x0, 0xff,
    0xf0, 0x0, 0x0, 0xff, 0xff, 0xff, 0xff, 0xc0,
    0x7, 0xff, 0x80, 0x0, 0x3, 0xff, 0xff, 0xff,
    0xfe, 0x0, 0x3f, 0xfc, 0x0, 0x0, 0xf, 0xff,
    0xff, 0xff, 0xf8, 0x1, 0xff, 0xe0, 0x0, 0x0,
    0x3f, 0xff, 0xff, 0xff, 0xc0, 0xf, 0xff, 0x0,
    0x0, 0x0, 0x7f, 0xff, 0xff, 0xfe, 0x0, 0x7f,
    0xf8, 0x0, 0x0, 0x0, 0xff, 0xff, 0xff, 0xf0,
    0x3, 0xff, 0x80, 0x0, 0x0, 0x0, 0xff, 0xff,
    0xfe, 0x0, 0x0,

    /* U+0026 "&" */
    0x0, 0x0, 0x0, 0xff, 0xff, 0xff, 0xff, 0x0,
    0x0, 0x0, 0x0, 0x0, 0x7f, 0xff, 0xff, 0xff,
    0xfe, 0x0, 0x0, 0x0, 0x0, 0x1f, 0xff, 0xff,
    0xff, 0xff, 0xf8, 0x0, 0x0, 0x0, 0x7, 0xff,
    0xff, 0xff, 0xff, 0xff, 0xc0, 0x0, 0x0, 0x0,
    0xff, 0xff, 0xff, 0xff, 0xff, 0xfe, 0x0, 0x0,
    0x0, 0x1f, 0xff, 0xff, 0xff, 0xff, 0xff, 0xf0,
    0x0, 0x0, 0x3, 0xff, 0xff, 0xff, 0xff, 0xff,
    0xff, 0x80, 0x0, 0x0, 0x7f, 0xff, 0xff, 0xff,
    0xff, 0xff, 0xf8, 0x0, 0x0, 0xf, 0xff, 0xff,
    0xff, 0xff, 0xff, 0xff, 0xc0, 0x0, 0x1, 0xff,
    0xff, 0xff, 0xff, 0xff, 0xff, 0xfc, 0x0, 0x0,
    0x1f, 0xff, 0xff, 0xff, 0xff, 0xff, 0xff, 0xe0,
    0x0, 0x3, 0xff, 0xff, 0xff, 0xff, 0xff, 0xff,
    0xfe, 0x0, 0x0, 0x3f, 0xff, 0xff, 0xff, 0xff,
    0xff, 0xff, 0xe0, 0x0, 0x7, 0xff, 0xff, 0xff,
    0xff, 0xff, 0xff, 0xfe, 0x0, 0x0, 0x7f, 0xff,
    0xff, 0xff, 0xff, 0xff, 0xff, 0xe0, 0x0, 0xf,
    0xff, 0xff, 0xff, 0xff, 0xff, 0xff, 0xfe, 0x0,
    0x0, 0xff, 0xff, 0xff, 0xff, 0xff, 0xff, 0xff,
    0xc0, 0x0, 0xf, 0xff, 0xff, 0xe0, 0x0, 0x0,
    0x0, 0x0, 0x0, 0x0, 0xff, 0xff, 0xf8, 0x0,
    0x0, 0x0, 0x0, 0x0, 0x0, 0xf, 0xff, 0xff,
    0x80, 0x0, 0x0, 0x0, 0x0, 0x0, 0x1, 0xff,
    0xff, 0xf0, 0x0, 0x0, 0x0, 0x0, 0x0, 0x0,
    0x1f, 0xff, 0xff, 0x0, 0x0, 0x0, 0x0, 0x0,
    0x0, 0x1, 0xff, 0xff, 0xf0, 0x0, 0x0, 0x0,
    0x0, 0x0, 0x0, 0x1f, 0xff, 0xff, 0x0, 0x0,
    0x0, 0x0, 0x0, 0x0, 0x1, 0xff, 0xff, 0xf0,
    0x0, 0x0, 0x0, 0x0, 0x0, 0x0, 0x1f, 0xff,
    0xff, 0x0, 0x0, 0x0, 0x0, 0x0, 0x0, 0x1,
    0xff, 0xff, 0xf8, 0x0, 0x0, 0x0, 0x0, 0x0,
    0x0, 0x1f, 0xff, 0xff, 0xff, 0xff, 0xff, 0xff,
    0xff, 0xfe, 0x1, 0xff, 0xff, 0xff, 0xff, 0xff,
    0xff, 0xff, 0xff, 0xf0, 0x1f, 0xff, 0xff, 0xff,
    0xff, 0xff, 0xff, 0xff, 0xff, 0x1, 0xff, 0xff,
    0xff, 0xff, 0xff, 0xff, 0xff, 0xff, 0xf0, 0x1f,
    0xff, 0xff, 0xff, 0xff, 0xff, 0xff, 0xff, 0xfe,
    0x0, 0xff, 0xff, 0xff, 0xff, 0xff, 0xff, 0xff,
    0xff, 0xe0, 0xf, 0xff, 0xff, 0xff, 0xff, 0xff,
    0xff, 0xff, 0xfe, 0x0, 0xff, 0xff, 0xff, 0xff,
    0xff, 0xff, 0xff, 0xff, 0xe0, 0x1f, 0xff, 0xff,
    0xff, 0xff, 0xff, 0xff, 0xff, 0xfe, 0x3, 0xff,
    0xff, 0xff, 0xff, 0xff, 0xff, 0xff, 0xff, 0xc0,
    0x7f, 0xff, 0xff, 0xff, 0xff, 0xff, 0xff, 0xff,
    0xfc, 0xf, 0xff, 0xff, 0xff, 0xff, 0xff, 0xff,
    0xff, 0xff, 0xc0, 0xff, 0xff, 0xff, 0xff, 0xff,
    0xff, 0xff, 0xff, 0xfc, 0x1f, 0xff, 0xff, 0xff,
    0xff, 0xff, 0xff, 0xff, 0xff, 0xc1, 0xff, 0xff,
    0xff, 0xff, 0xff, 0xff, 0xff, 0xff, 0xf8, 0x3f,
    0xff, 0xff, 0xff, 0xff, 0xff, 0xff, 0xff, 0xff,
    0x83, 0xff, 0xff, 0xf8, 0x0, 0x7, 0xff, 0xff,
    0xe0, 0x0, 0x3f, 0xff, 0xff, 0x0, 0x0, 0x3f,
    0xff, 0xfe, 0x0, 0x7, 0xff, 0xff, 0xe0, 0x0,
    0x3, 0xff, 0xff, 0xe0, 0x0, 0x7f, 0xff, 0xfe,
    0x0, 0x0, 0x3f, 0xff, 0xfe, 0x0, 0x7, 0xff,
    0xff, 0xc0, 0x0, 0x3, 0xff, 0xff, 0xe0, 0x0,
    0x7f, 0xff, 0xfc, 0x0, 0x0, 0x3f, 0xff, 0xfc,
    0x0, 0x7, 0xff, 0xff, 0xc0, 0x0, 0x3, 0xff,
    0xff, 0xc0, 0x0, 0x7f, 0xff, 0xfc, 0x0, 0x0,
    0x7f, 0xff, 0xfc, 0x0, 0xf, 0xff, 0xff, 0xe0,
    0x0, 0x7, 0xff, 0xff, 0xc0, 0x0, 0xff, 0xff,
    0xff, 0x0, 0x1, 0xff, 0xff, 0xfc, 0x0, 0xf,
    0xff, 0xff, 0xff, 0xff, 0xff, 0xff, 0xff, 0x80,
    0x0, 0xff, 0xff, 0xff, 0xff, 0xff, 0xff, 0xff,
    0xf8, 0x0, 0xf, 0xff, 0xff, 0xff, 0xff, 0xff,
    0xff, 0xff, 0x80, 0x0, 0xff, 0xff, 0xff, 0xff,
    0xff, 0xff, 0xff, 0xf0, 0x0, 0xf, 0xff, 0xff,
    0xff, 0xff, 0xff, 0xff, 0xff, 0x0, 0x0, 0xff,
    0xff, 0xff, 0xff, 0xff, 0xff, 0xff, 0xe0, 0x0,
    0x7, 0xff, 0xff, 0xff, 0xff, 0xff, 0xff, 0xfe,
    0x0, 0x0, 0x7f, 0xff, 0xff, 0xff, 0xff, 0xff,
    0xff, 0xc0, 0x0, 0x7, 0xff, 0xff, 0xff, 0xff,
    0xff, 0xff, 0xf8, 0x0, 0x0, 0x3f, 0xff, 0xff,
    0xff, 0xff, 0xff, 0xff, 0x80, 0x0, 0x3, 0xff,
    0xff, 0xff, 0xff, 0xff, 0xff, 0xf0, 0x0, 0x0,
    0x1f, 0xff, 0xff, 0xff, 0xff, 0xff, 0xfe, 0x0,
    0x0, 0x0, 0xff, 0xff, 0xff, 0xff, 0xff, 0xff,
    0x80, 0x0, 0x0, 0x7, 0xff, 0xff, 0xff, 0xff,
    0xff, 0xf0, 0x0, 0x0, 0x0, 0x3f, 0xff, 0xff,
    0xff, 0xff, 0xfc, 0x0, 0x0, 0x0, 0x0, 0xff,
    0xff, 0xff, 0xff, 0xff, 0x0, 0x0, 0x0, 0x0,
    0x1, 0xff, 0xff, 0xff, 0xff, 0x80, 0x0, 0x0,
    0x0,

    /* U+0027 "'" */
    0x1, 0xff, 0xf0, 0x1f, 0xff, 0xe0, 0x7f, 0xff,
    0x83, 0xff, 0xfe, 0xf, 0xff, 0xf8, 0x3f, 0xff,
    0xe0, 0xff, 0xff, 0x7, 0xff, 0xfc, 0x1f, 0xff,
    0xf0, 0x7f, 0xff, 0x81, 0xff, 0xfe, 0x7, 0xff,
    0xf0, 0x1f, 0xff, 0xc0, 0xff, 0xff, 0x3, 0xff,
    0xf8, 0xf, 0xff, 0xe0, 0x3f, 0xff, 0x0, 0xff,
    0xfc, 0x7, 0xff, 0xe0, 0x1f, 0xff, 0x80, 0x7f,
    0xfe, 0x1, 0xff, 0xf0, 0x7, 0xff, 0xc0, 0x1f,
    0xfe, 0x0, 0x7f, 0xf8, 0x0, 0xff, 0x80, 0x0,

    /* U+0028 "(" */
    0x0, 0x1, 0xe0, 0x0, 0x0, 0x1, 0xff, 0x80,
    0x0, 0x1, 0xff, 0xfe, 0x0, 0x1, 0xff, 0xff,
    0xe0, 0x0, 0xff, 0xff, 0xf0, 0x0, 0x7f, 0xff,
    0xfc, 0x0, 0x7f, 0xff, 0xfe, 0x0, 0x3f, 0xff,
    0xfe, 0x0, 0x1f, 0xff, 0xff, 0x0, 0x1f, 0xff,
    0xff, 0x80, 0xf, 0xff, 0xff, 0x80, 0x7, 0xff,
    0xff, 0xc0, 0x7, 0xff, 0xff, 0xe0, 0x3, 0xff,
    0xff, 0xe0, 0x1, 0xff, 0xff, 0xf0, 0x1, 0xff,
    0xff, 0xf8, 0x0, 0xff, 0xff, 0xf8, 0x0, 0x7f,
    0xff, 0xfc, 0x0, 0x7f, 0xff, 0xfe, 0x0, 0x3f,
    0xff, 0xfe, 0x0, 0x1f, 0xff, 0xff, 0x0, 0x1f,
    0xff, 0xff, 0x80, 0xf, 0xff, 0xff, 0x80, 0x7,
    0xff, 0xff, 0xc0, 0x3, 0xff, 0xff, 0xe0, 0x3,
    0xff, 0xff, 0xf0, 0x1, 0xff, 0xff, 0xf0, 0x0,
    0xff, 0xff, 0xf8, 0x0, 0x7f, 0xff, 0xfc, 0x0,
    0x7f, 0xff, 0xfe, 0x0, 0x3f, 0xff, 0xfe, 0x0,
    0x1f, 0xff, 0xff, 0x0, 0xf, 0xff, 0xff, 0x80,
    0xf, 0xff, 0xff, 0xc0, 0x7, 0xff, 0xff, 0xc0,
    0x3, 0xff, 0xff, 0xe0, 0x1, 0xff, 0xff, 0xf0,
    0x0, 0xff, 0xff, 0xf8, 0x0, 0xff, 0xff, 0xfc,
    0x0, 0x7f, 0xff, 0xfc, 0x0, 0x3f, 0xff, 0xfe,
    0x0, 0x1f, 0xff, 0xff, 0x0, 0xf, 0xff, 0xff,
    0x80, 0x7, 0xff, 0xff, 0xc0, 0x7, 0xff, 0xff,
    0xe0, 0x3, 0xff, 0xff, 0xf0, 0x1, 0xff, 0xff,
    0xf0, 0x0, 0xff, 0xff, 0xf8, 0x0, 0x7f, 0xff,
    0xfc, 0x0, 0x3f, 0xff, 0xfe, 0x0, 0x1f, 0xff,
    0xff, 0x0, 0xf, 0xff, 0xff, 0x80, 0x7, 0xff,
    0xff, 0xc0, 0x3, 0xff, 0xff, 0xe0, 0x1, 0xff,
    0xff, 0xf0, 0x1, 0xff, 0xff, 0xf8, 0x0, 0xff,
    0xff, 0xfc, 0x0, 0x7f, 0xff, 0xfe, 0x0, 0x3f,
    0xff, 0xff, 0x0, 0x1f, 0xff, 0xff, 0x80, 0xf,
    0xff, 0xff, 0xc0, 0x7, 0xff, 0xff, 0xc0, 0x3,
    0xff, 0xff, 0xe0, 0x1, 0xff, 0xff, 0xf0, 0x0,
    0xff, 0xff, 0xf8, 0x0, 0x7f, 0xff, 0xfc, 0x0,
    0x3f, 0xff, 0xfe, 0x0, 0x1f, 0xff, 0xff, 0x0,
    0xf, 0xff, 0xff, 0x80, 0x7, 0xff, 0xff, 0xc0,
    0x3, 0xff, 0xff, 0xe0, 0x1, 0xff, 0xff, 0xf0,
    0x0, 0xff, 0xff, 0xf0, 0x0, 0x7f, 0xff, 0xf0,
    0x0, 0x3f, 0xff, 0x0, 0x0, 0xf, 0xf0, 0x0,
    0x0, 0x0, 0x0, 0x0, 0x0, 0x0,

    /* U+0029 ")" */
    0x0, 0x0, 0x0, 0xe, 0x0, 0x0, 0x0, 0x7f,
    0xe0, 0x0, 0x7, 0xff, 0xf8, 0x0, 0xf, 0xff,
    0xfe, 0x0, 0x7, 0xff, 0xff, 0x80, 0x3, 0xff,
    0xff, 0xe0, 0x0, 0xff, 0xff, 0xf8, 0x0, 0x3f,
    0xff, 0xfe, 0x0, 0xf, 0xff, 0xff, 0x80, 0x3,
    0xff, 0xff, 0xe0, 0x0, 0xff, 0xff, 0xf8, 0x0,
    0x3f, 0xff, 0xfe, 0x0, 0xf, 0xff, 0xff, 0x80,
    0x3, 0xff, 0xff, 0xe0, 0x0, 0xff, 0xff, 0xf8,
    0x0, 0x3f, 0xff, 0xfe, 0x0, 0xf, 0xff, 0xff,
    0x80, 0x3, 0xff, 0xff, 0xe0, 0x0, 0xff, 0xff,
    0xf8, 0x0, 0x3f, 0xff, 0xfe, 0x0, 0xf, 0xff,
    0xff, 0x80, 0x3, 0xff, 0xff, 0xe0, 0x0, 0xff,
    0xff, 0xf8, 0x0, 0x3f, 0xff, 0xfe, 0x0, 0x1f,
    0xff, 0xff, 0x80, 0x7, 0xff, 0xff, 0xe0, 0x1,
    0xff, 0xff, 0xf8, 0x0, 0x7f, 0xff, 0xfc, 0x0,
    0x1f, 0xff, 0xff, 0x0, 0x7, 0xff, 0xff, 0xc0,
    0x1, 0xff, 0xff, 0xf0, 0x0, 0x7f, 0xff, 0xfc,
    0x0, 0x1f, 0xff, 0xff, 0x0, 0xf, 0xff, 0xff,
    0xc0, 0x3, 0xff, 0xff, 0xf0, 0x0, 0xff, 0xff,
    0xf8, 0x0, 0x3f, 0xff, 0xfe, 0x0, 0xf, 0xff,
    0xff, 0x80, 0x3, 0xff, 0xff, 0xe0, 0x0, 0xff,
    0xff, 0xf8, 0x0, 0x7f, 0xff, 0xfe, 0x0, 0x1f,
    0xff, 0xff, 0x0, 0x7, 0xff, 0xff, 0xc0, 0x1,
    0xff, 0xff, 0xf0, 0x0, 0xff, 0xff, 0xfc, 0x0,
    0x3f, 0xff, 0xff, 0x0, 0xf, 0xff, 0xff, 0x80,
    0x3, 0xff, 0xff, 0xe0, 0x0, 0xff, 0xff, 0xf8,
    0x0, 0x7f, 0xff, 0xfe, 0x0, 0x1f, 0xff, 0xff,
    0x0, 0x7, 0xff, 0xff, 0xc0, 0x3, 0xff, 0xff,
    0xf0, 0x0, 0xff, 0xff, 0xf8, 0x0, 0x3f, 0xff,
    0xfe, 0x0, 0xf, 0xff, 0xff, 0x80, 0x7, 0xff,
    0xff, 0xe0, 0x1, 0xff, 0xff, 0xf0, 0x0, 0x7f,
    0xff, 0xfc, 0x0, 0x3f, 0xff, 0xff, 0x0, 0xf,
    0xff, 0xff, 0x80, 0x3, 0xff, 0xff, 0xe0, 0x1,
    0xff, 0xff, 0xf8, 0x0, 0x7f, 0xff, 0xfc, 0x0,
    0x1f, 0xff, 0xff, 0x0, 0xf, 0xff, 0xff, 0xc0,
    0x3, 0xff, 0xff, 0xe0, 0x0, 0xff, 0xff, 0xf8,
    0x0, 0x7f, 0xff, 0xfe, 0x0, 0x1f, 0xff, 0xff,
    0x0, 0x7, 0xff, 0xff, 0xc0, 0x1, 0xff, 0xff,
    0xf0, 0x0, 0x7f, 0xff, 0xf8, 0x0, 0xf, 0xff,
    0xfe, 0x0, 0x0, 0x1f, 0xff, 0x0, 0x0, 0x0,
    0x3f, 0x80, 0x0, 0x0, 0x0, 0x0, 0x0, 0x0,

    /* U+002A "*" */
    0x0, 0x0, 0x0, 0x0, 0x0, 0x0, 0x1c, 0x0,
    0x78, 0x0, 0x0, 0x7e, 0x0, 0x7e, 0x0, 0x1,
    0xff, 0x0, 0xff, 0x0, 0x1, 0xff, 0x0, 0xff,
    0x80, 0x1, 0xff, 0x81, 0xff, 0x80, 0x1, 0xff,
    0x83, 0xff, 0x80, 0x0, 0xff, 0xc3, 0xff, 0x0,
    0x0, 0xff, 0xc7, 0xfe, 0x0, 0x0, 0x7f, 0xe7,
    0xfe, 0x0, 0x0, 0x3f, 0xef, 0xfc, 0x0, 0x0,
    0x3f, 0xff, 0xf8, 0x0, 0x0, 0x1f, 0xff, 0xf0,
    0x0, 0x0, 0xf, 0xff, 0xf0, 0x0, 0x0, 0x7,
    0xff, 0xe0, 0x0, 0xff, 0xff, 0xff, 0xff, 0xfe,
    0xff, 0xff, 0xff, 0xff, 0xff, 0xff, 0xff, 0xff,
    0xff, 0xff, 0xff, 0xff, 0xff, 0xff, 0xff, 0xff,
    0xff, 0xff, 0xff, 0xff, 0xff, 0xff, 0xff, 0xff,
    0xff, 0xff, 0xff, 0xff, 0xff, 0xff, 0xff, 0xff,
    0xff, 0xff, 0xfe, 0x0, 0x7, 0xff, 0xe0, 0x0,
    0x0, 0xf, 0xff, 0xf0, 0x0, 0x0, 0x1f, 0xff,
    0xf0, 0x0, 0x0, 0x3f, 0xff, 0xf8, 0x0, 0x0,
    0x3f, 0xef, 0xfc, 0x0, 0x0, 0x7f, 0xe7, 0xfe,
    0x0, 0x0, 0xff, 0xc7, 0xfe, 0x0, 0x0, 0xff,
    0xc3, 0xff, 0x0, 0x1, 0xff, 0x81, 0xff, 0x80,
    0x3, 0xff, 0x81, 0xff, 0x80, 0x1, 0xff, 0x0,
    0xff, 0x80, 0x0, 0xfe, 0x0, 0xff, 0x0, 0x0,
    0x7e, 0x0, 0x7c, 0x0, 0x0, 0x1c, 0x0, 0x78,
    0x0,

    /* U+002B "+" */
    0x0, 0x0, 0xf, 0xff, 0xe0, 0x0, 0x0, 0x0,
    0x3f, 0xff, 0xc0, 0x0, 0x0, 0x0, 0xff, 0xff,
    0xc0, 0x0, 0x0, 0x1, 0xff, 0xff, 0x80, 0x0,
    0x0, 0x7, 0xff, 0xff, 0x0, 0x0, 0x0, 0xf,
    0xff, 0xfe, 0x0, 0x0, 0x0, 0x1f, 0xff, 0xfc,
    0x0, 0x0, 0x0, 0x3f, 0xff, 0xf0, 0x0, 0x0,
    0x0, 0x7f, 0xff, 0xe0, 0x0, 0x0, 0x0, 0xff,
    0xff, 0xc0, 0x0, 0x0, 0x3, 0xff, 0xff, 0x80,
    0x0, 0x0, 0x7, 0xff, 0xff, 0x0, 0x0, 0x0,
    0xf, 0xff, 0xfe, 0x0, 0x0, 0x0, 0x1f, 0xff,
    0xf8, 0x0, 0x0, 0x0, 0x3f, 0xff, 0xf0, 0x0,
    0x7, 0xff, 0xff, 0xff, 0xff, 0xfc, 0x1f, 0xff,
    0xff, 0xff, 0xff, 0xfc, 0x7f, 0xff, 0xff, 0xff,
    0xff, 0xfc, 0xff, 0xff, 0xff, 0xff, 0xff, 0xf9,
    0xff, 0xff, 0xff, 0xff, 0xff, 0xe3, 0xff, 0xff,
    0xff, 0xff, 0xff, 0xcf, 0xff, 0xff, 0xff, 0xff,
    0xff, 0x9f, 0xff, 0xff, 0xff, 0xff, 0xff, 0x3f,
    0xff, 0xff, 0xff, 0xff, 0xfe, 0x7f, 0xff, 0xff,
    0xff, 0xff, 0xf8, 0xff, 0xff, 0xff, 0xff, 0xff,
    0xf3, 0xff, 0xff, 0xff, 0xff, 0xff, 0xe7, 0xff,
    0xff, 0xff, 0xff, 0xff, 0xcf, 0xff, 0xff, 0xff,
    0xff, 0xff, 0x9f, 0xff, 0xff, 0xff, 0xff, 0xfe,
    0x3f, 0xff, 0xff, 0xff, 0xff, 0xfc, 0x3f, 0xff,
    0xff, 0xff, 0xff, 0xe0, 0x0, 0xf, 0xff, 0xfe,
    0x0, 0x0, 0x0, 0x1f, 0xff, 0xfc, 0x0, 0x0,
    0x0, 0x3f, 0xff, 0xf0, 0x0, 0x0, 0x0, 0x7f,
    0xff, 0xe0, 0x0, 0x0, 0x0, 0xff, 0xff, 0xc0,
    0x0, 0x0, 0x3, 0xff, 0xff, 0x80, 0x0, 0x0,
    0x7, 0xff, 0xff, 0x0, 0x0, 0x0, 0xf, 0xff,
    0xfe, 0x0, 0x0, 0x0, 0x1f, 0xff, 0xf8, 0x0,
    0x0, 0x0, 0x3f, 0xff, 0xf0, 0x0, 0x0, 0x0,
    0x7f, 0xff, 0xe0, 0x0, 0x0, 0x0, 0xff, 0xff,
    0x80, 0x0, 0x0, 0x1, 0xff, 0xff, 0x0, 0x0,
    0x0, 0x0, 0xff, 0xf0, 0x0, 0x0, 0x0,

    /* U+002C "," */
    0x1, 0xff, 0xf0, 0x1f, 0xff, 0xe0, 0x7f, 0xff,
    0x83, 0xff, 0xff, 0xf, 0xff, 0xf8, 0x3f, 0xff,
    0xe0, 0xff, 0xff, 0x87, 0xff, 0xfc, 0x1f, 0xff,
    0xf0, 0x7f, 0xff, 0x81, 0xff, 0xfe, 0x7, 0xff,
    0xf0, 0x1f, 0xff, 0xc0, 0xff, 0xff, 0x3, 0xff,
    0xf8, 0xf, 0xff, 0xe0, 0x3f, 0xff, 0x0, 0xff,
    0xfc, 0x3, 0xff, 0xf0, 0x1f, 0xff, 0x80, 0x7f,
    0xfe, 0x1, 0xff, 0xf0, 0x7, 0xff, 0xc0, 0x1f,
    0xfe, 0x0, 0x7f, 0xf8, 0x0, 0xff, 0x80, 0x0,

    /* U+002D "-" */
    0x7, 0xff, 0xff, 0xff, 0xfc, 0xf, 0xff, 0xff,
    0xff, 0xfe, 0x1f, 0xff, 0xff, 0xff, 0xfe, 0x1f,
    0xff, 0xff, 0xff, 0xfe, 0x3f, 0xff, 0xff, 0xff,
    0xfe, 0x3f, 0xff, 0xff, 0xff, 0xfe, 0x3f, 0xff,
    0xff, 0xff, 0xfe, 0x3f, 0xff, 0xff, 0xff, 0xfc,
    0x3f, 0xff, 0xff, 0xff, 0xfc, 0x3f, 0xff, 0xff,
    0xff, 0xfc, 0x7f, 0xff, 0xff, 0xff, 0xfc, 0x7f,
    0xff, 0xff, 0xff, 0xfc, 0x7f, 0xff, 0xff, 0xff,
    0xfc, 0x7f, 0xff, 0xff, 0xff, 0xf8, 0x7f, 0xff,
    0xff, 0xff, 0xf8, 0x7f, 0xff, 0xff, 0xff, 0xf0,
    0x3f, 0xff, 0xff, 0xff, 0xe0,

    /* U+002E "." */
    0xf, 0xff, 0xe0, 0xff, 0xff, 0x8f, 0xff, 0xfe,
    0x7f, 0xff, 0xf3, 0xff, 0xff, 0x1f, 0xff, 0xf8,
    0xff, 0xff, 0xcf, 0xff, 0xfe, 0x7f, 0xff, 0xf3,
    0xff, 0xff, 0x1f, 0xff, 0xf8, 0xff, 0xff, 0xcf,
    0xff, 0xfe, 0x7f, 0xff, 0xf3, 0xff, 0xff, 0x1f,
    0xff, 0xf8, 0x7f, 0xff, 0x0,

    /* U+002F "/" */
    0x0, 0x0, 0x0, 0x0, 0x0, 0x3, 0xff, 0xff,
    0xe0, 0x0, 0x0, 0x0, 0x0, 0x0, 0xff, 0xff,
    0xff, 0x0, 0x0, 0x0, 0x0, 0x0, 0x1f, 0xff,
    0xff, 0xf0, 0x0, 0x0, 0x0, 0x0, 0x3, 0xff,
    0xff, 0xfe, 0x0, 0x0, 0x0, 0x0, 0x0, 0x7f,
    0xff, 0xff, 0xe0, 0x0, 0x0, 0x0, 0x0, 0x7,
    0xff, 0xff, 0xfc, 0x0, 0x0, 0x0, 0x0, 0x0,
    0xff, 0xff, 0xff, 0x80, 0x0, 0x0, 0x0, 0x0,
    0xf, 0xff, 0xff, 0xf8, 0x0, 0x0, 0x0, 0x0,
    0x1, 0xff, 0xff, 0xff, 0x0, 0x0, 0x0, 0x0,
    0x0, 0x3f, 0xff, 0xff, 0xf0, 0x0, 0x0, 0x0,
    0x0, 0x3, 0xff, 0xff, 0xfe, 0x0, 0x0, 0x0,
    0x0, 0x0, 0x7f, 0xff, 0xff, 0xc0, 0x0, 0x0,
    0x0, 0x0, 0xf, 0xff, 0xff, 0xfc, 0x0, 0x0,
    0x0, 0x0, 0x0, 0xff, 0xff, 0xff, 0x80, 0x0,
    0x0, 0x0, 0x0, 0x1f, 0xff, 0xff, 0xf0, 0x0,
    0x0, 0x0, 0x0, 0x3, 0xff, 0xff, 0xff, 0x0,
    0x0, 0x0, 0x0, 0x0, 0x3f, 0xff, 0xff, 0xe0,
    0x0, 0x0, 0x0, 0x0, 0x7, 0xff, 0xff, 0xfc,
    0x0, 0x0, 0x0, 0x0, 0x0, 0xff, 0xff, 0xff,
    0xc0, 0x0, 0x0, 0x0, 0x0, 0xf, 0xff, 0xff,
    0xf8, 0x0, 0x0, 0x0, 0x0, 0x1, 0xff, 0xff,
    0xff, 0x0, 0x0, 0x0, 0x0, 0x0, 0x3f, 0xff,
    0xff, 0xf0, 0x0, 0x0, 0x0, 0x0, 0x3, 0xff,
    0xff, 0xfe, 0x0, 0x0, 0x0, 0x0, 0x0, 0x7f,
    0xff, 0xff, 0xe0, 0x0, 0x0, 0x0, 0x0, 0x7,
    0xff, 0xff, 0xfc, 0x0, 0x0, 0x0, 0x0, 0x0,
    0xff, 0xff, 0xff, 0x80, 0x0, 0x0, 0x0, 0x0,
    0x1f, 0xff, 0xff, 0xf8, 0x0, 0x0, 0x0, 0x0,
    0x1, 0xff, 0xff, 0xff, 0x0, 0x0, 0x0, 0x0,
    0x0, 0x3f, 0xff, 0xff, 0xe0, 0x0, 0x0, 0x0,
    0x0, 0x7, 0xff, 0xff, 0xfe, 0x0, 0x0, 0x0,
    0x0, 0x0, 0x7f, 0xff, 0xff, 0xc0, 0x0, 0x0,
    0x0, 0x0, 0xf, 0xff, 0xff, 0xf8, 0x0, 0x0,
    0x0, 0x0, 0x1, 0xff, 0xff, 0xff, 0x80, 0x0,
    0x0, 0x0, 0x0, 0x1f, 0xff, 0xff, 0xf0, 0x0,
    0x0, 0x0, 0x0, 0x3, 0xff, 0xff, 0xfe, 0x0,
    0x0, 0x0, 0x0, 0x0, 0x7f, 0xff, 0xff, 0xe0,
    0x0, 0x0, 0x0, 0x0, 0x7, 0xff, 0xff, 0xfc,
    0x0, 0x0, 0x0, 0x0, 0x0, 0xff, 0xff, 0xff,
    0xc0, 0x0, 0x0, 0x0, 0x0, 0xf, 0xff, 0xff,
    0xf8, 0x0, 0x0, 0x0, 0x0, 0x1, 0xff, 0xff,
    0xff, 0x0, 0x0, 0x0, 0x0, 0x0, 0x3f, 0xff,
    0xff, 0xf0, 0x0, 0x0, 0x0, 0x0, 0x3, 0xff,
    0xff, 0xfe, 0x0, 0x0, 0x0, 0x0, 0x0, 0x7f,
    0xff, 0xff, 0xc0, 0x0, 0x0, 0x0, 0x0, 0xf,
    0xff, 0xff, 0xfc, 0x0, 0x0, 0x0, 0x0, 0x0,
    0xff, 0xff, 0xff, 0x80, 0x0, 0x0, 0x0, 0x0,
    0x1f, 0xff, 0xff, 0xf0, 0x0, 0x0, 0x0, 0x0,
    0x3, 0xff, 0xff, 0xff, 0x0, 0x0, 0x0, 0x0,
    0x0, 0x3f, 0xff, 0xff, 0xe0, 0x0, 0x0, 0x0,
    0x0, 0x7, 0xff, 0xff, 0xfc, 0x0, 0x0, 0x0,
    0x0, 0x0, 0xff, 0xff, 0xff, 0xc0, 0x0, 0x0,
    0x0, 0x0, 0xf, 0xff, 0xff, 0xf8, 0x0, 0x0,
    0x0, 0x0, 0x1, 0xff, 0xff, 0xff, 0x0, 0x0,
    0x0, 0x0, 0x0, 0x1f, 0xff, 0xff, 0xf0, 0x0,
    0x0, 0x0, 0x0, 0x3, 0xff, 0xff, 0xfe, 0x0,
    0x0, 0x0, 0x0, 0x0, 0x7f, 0xff, 0xff, 0xe0,
    0x0, 0x0, 0x0, 0x0, 0x7, 0xff, 0xff, 0xfc,
    0x0, 0x0, 0x0, 0x0, 0x0, 0xff, 0xff, 0xff,
    0x80, 0x0, 0x0, 0x0, 0x0, 0x1f, 0xff, 0xff,
    0xf8, 0x0, 0x0, 0x0, 0x0, 0x1, 0xff, 0xff,
    0xff, 0x0, 0x0, 0x0, 0x0, 0x0, 0x3f, 0xff,
    0xff, 0xe0, 0x0, 0x0, 0x0, 0x0, 0x7, 0xff,
    0xff, 0xfe, 0x0, 0x0, 0x0, 0x0, 0x0, 0x7f,
    0xff, 0xff, 0xc0, 0x0, 0x0, 0x0, 0x0, 0xf,
    0xff, 0xff, 0xf8, 0x0, 0x0, 0x0, 0x0, 0x1,
    0xff, 0xff, 0xff, 0x80, 0x0, 0x0, 0x0, 0x0,
    0x1f, 0xff, 0xff, 0xf0, 0x0, 0x0, 0x0, 0x0,
    0x3, 0xff, 0xff, 0xfe, 0x0, 0x0, 0x0, 0x0,
    0x0, 0x7f, 0xff, 0xff, 0xe0, 0x0, 0x0, 0x0,
    0x0, 0x7, 0xff, 0xff, 0xfc, 0x0, 0x0, 0x0,
    0x0, 0x0, 0x7f, 0xff, 0xff, 0x80, 0x0, 0x0,
    0x0, 0x0, 0x3, 0xff, 0xff, 0xe0, 0x0, 0x0,
    0x0, 0x0, 0x0,

    /* U+0030 "0" */
    0x0, 0x0, 0x0, 0x3f, 0xff, 0xff, 0xff, 0xff,
    0xe0, 0x0, 0x0, 0x0, 0x3, 0xff, 0xff, 0xff,
    0xff, 0xff, 0xf8, 0x0, 0x0, 0x0, 0xf, 0xff,
    0xff, 0xff, 0xff, 0xff, 0xfe, 0x0, 0x0, 0x0,
    0x3f, 0xff, 0xff, 0xff, 0xff, 0xff, 0xff, 0x80,
    0x0, 0x0, 0x7f, 0xff, 0xff, 0xff, 0xff, 0xff,
    0xff, 0xc0, 0x0, 0x0, 0xff, 0xff, 0xff, 0xff,
    0xff, 0xff, 0xff, 0xe0, 0x0, 0x1, 0xff, 0xff,
    0xff, 0xff, 0xff, 0xff, 0xff, 0xe0, 0x0, 0x3,
    0xff, 0xff, 0xff, 0xff, 0xff, 0xff, 0xff, 0xf0,
    0x0, 0x7, 0xff, 0xff, 0xff, 0xff, 0xff, 0xff,
    0xff, 0xf8, 0x0, 0xf, 0xff, 0xff, 0xff, 0xff,
    0xff, 0xff, 0xff, 0xf8, 0x0, 0x1f, 0xff, 0xff,
    0xff, 0xff, 0xff, 0xff, 0xff, 0xf8, 0x0, 0x1f,
    0xff, 0xff, 0xff, 0xff, 0xff, 0xff, 0xff, 0xfc,
    0x0, 0x3f, 0xff, 0xff, 0xff, 0xff, 0xff, 0xff,
    0xff, 0xfc, 0x0, 0x3f, 0xff, 0xff, 0xff, 0xff,
    0xff, 0xff, 0xff, 0xfc, 0x0, 0x7f, 0xff, 0xff,
    0xff, 0xff, 0xff, 0xff, 0xff, 0xfc, 0x0, 0x7f,
    0xff, 0xff, 0xff, 0xff, 0xff, 0xff, 0xff, 0xfc,
    0x0, 0x7f, 0xff, 0xff, 0xff, 0xff, 0xff, 0xff,
    0xff, 0xfc, 0x0, 0xff, 0xff, 0xfc, 0x0, 0x0,
    0x1, 0xff, 0xff, 0xfc, 0x0, 0xff, 0xff, 0xf8,
    0x0, 0x0, 0x0, 0xff, 0xff, 0xfc, 0x0, 0xff,
    0xff, 0xf8, 0x0, 0x0, 0x0, 0xff, 0xff, 0xf8,
    0x0, 0xff, 0xff, 0xf8, 0x0, 0x0, 0x0, 0xff,
    0xff, 0xf8, 0x0, 0xff, 0xff, 0xf8, 0x0, 0x0,
    0x0, 0xff, 0xff, 0xf8, 0x1, 0xff, 0xff, 0xf0,
    0x0, 0x0, 0x0, 0xff, 0xff, 0xf8, 0x1, 0xff,
    0xff, 0xf0, 0x0, 0x0, 0x1, 0xff, 0xff, 0xf8,
    0x1, 0xff, 0xff, 0xf0, 0x0, 0x0, 0x1, 0xff,
    0xff, 0xf0, 0x1, 0xff, 0xff, 0xf0, 0x0, 0x0,
    0x1, 0xff, 0xff, 0xf0, 0x1, 0xff, 0xff, 0xf0,
    0x0, 0x0, 0x1, 0xff, 0xff, 0xf0, 0x3, 0xff,
    0xff, 0xf0, 0x0, 0x0, 0x1, 0xff, 0xff, 0xf0,
    0x3, 0xff, 0xff, 0xe0, 0x0, 0x0, 0x3, 0xff,
    0xff, 0xf0, 0x3, 0xff, 0xff, 0xe0, 0x0, 0x0,
    0x3, 0xff, 0xff, 0xf0, 0x3, 0xff, 0xff, 0xe0,
    0x0, 0x0, 0x3, 0xff, 0xff, 0xe0, 0x3, 0xff,
    0xff, 0xe0, 0x0, 0x0, 0x3, 0xff, 0xff, 0xe0,
    0x3, 0xff, 0xff, 0xe0, 0x0, 0x0, 0x3, 0xff,
    0xff, 0xe0, 0x7, 0xff, 0xff, 0xe0, 0x0, 0x0,
    0x3, 0xff, 0xff, 0xe0, 0x7, 0xff, 0xff, 0xc0,
    0x0, 0x0, 0x7, 0xff, 0xff, 0xe0, 0x7, 0xff,
    0xff, 0xc0, 0x0, 0x0, 0x7, 0xff, 0xff, 0xc0,
    0x7, 0xff, 0xff, 0xc0, 0x0, 0x0, 0x7, 0xff,
    0xff, 0xc0, 0x7, 0xff, 0xff, 0xc0, 0x0, 0x0,
    0x7, 0xff, 0xff, 0xc0, 0xf, 0xff, 0xff, 0xc0,
    0x0, 0x0, 0x7, 0xff, 0xff, 0xc0, 0xf, 0xff,
    0xff, 0xc0, 0x0, 0x0, 0x7, 0xff, 0xff, 0xc0,
    0xf, 0xff, 0xff, 0x80, 0x0, 0x0, 0xf, 0xff,
    0xff, 0xc0, 0xf, 0xff, 0xff, 0x80, 0x0, 0x0,
    0xf, 0xff, 0xff, 0x80, 0xf, 0xff, 0xff, 0x80,
    0x0, 0x0, 0xf, 0xff, 0xff, 0x80, 0xf, 0xff,
    0xff, 0x80, 0x0, 0x0, 0xf, 0xff, 0xff, 0x80,
    0x1f, 0xff, 0xff, 0x80, 0x0, 0x0, 0xf, 0xff,
    0xff, 0x80, 0x1f, 0xff, 0xff, 0x80, 0x0, 0x0,
    0xf, 0xff, 0xff, 0x80, 0x1f, 0xff, 0xff, 0x0,
    0x0, 0x0, 0x1f, 0xff, 0xff, 0x0, 0x1f, 0xff,
    0xff, 0x0, 0x0, 0x0, 0x1f, 0xff, 0xff, 0x0,
    0x1f, 0xff, 0xff, 0x0, 0x0, 0x0, 0x1f, 0xff,
    0xff, 0x0, 0x3f, 0xff, 0xff, 0x0, 0x0, 0x0,
    0x1f, 0xff, 0xff, 0x0, 0x3f, 0xff, 0xff, 0x0,
    0x0, 0x0, 0x1f, 0xff, 0xff, 0x0, 0x3f, 0xff,
    0xff, 0x0, 0x0, 0x0, 0x3f, 0xff, 0xff, 0x0,
    0x3f, 0xff, 0xff, 0x0, 0x0, 0x0, 0x7f, 0xff,
    0xfe, 0x0, 0x3f, 0xff, 0xff, 0xff, 0xff, 0xff,
    0xff, 0xff, 0xfe, 0x0, 0x3f, 0xff, 0xff, 0xff,
    0xff, 0xff, 0xff, 0xff, 0xfe, 0x0, 0x3f, 0xff,
    0xff, 0xff, 0xff, 0xff, 0xff, 0xff, 0xfc, 0x0,
    0x3f, 0xff, 0xff, 0xff, 0xff, 0xff, 0xff, 0xff,
    0xfc, 0x0, 0x3f, 0xff, 0xff, 0xff, 0xff, 0xff,
    0xff, 0xff, 0xfc, 0x0, 0x3f, 0xff, 0xff, 0xff,
    0xff, 0xff, 0xff, 0xff, 0xf8, 0x0, 0x3f, 0xff,
    0xff, 0xff, 0xff, 0xff, 0xff, 0xff, 0xf0, 0x0,
    0x1f, 0xff, 0xff, 0xff, 0xff, 0xff, 0xff, 0xff,
    0xf0, 0x0, 0x1f, 0xff, 0xff, 0xff, 0xff, 0xff,
    0xff, 0xff, 0xe0, 0x0, 0xf, 0xff, 0xff, 0xff,
    0xff, 0xff, 0xff, 0xff, 0xc0, 0x0, 0xf, 0xff,
    0xff, 0xff, 0xff, 0xff, 0xff, 0xff, 0x80, 0x0,
    0x7, 0xff, 0xff, 0xff, 0xff, 0xff, 0xff, 0xff,
    0x0, 0x0, 0x3, 0xff, 0xff, 0xff, 0xff, 0xff,
    0xff, 0xfe, 0x0, 0x0, 0x1, 0xff, 0xff, 0xff,
    0xff, 0xff, 0xff, 0xf8, 0x0, 0x0, 0x0, 0xff,
    0xff, 0xff, 0xff, 0xff, 0xff, 0xe0, 0x0, 0x0,
    0x0, 0x3f, 0xff, 0xff, 0xff, 0xff, 0xff, 0x80,
    0x0, 0x0, 0x0, 0x7, 0xff, 0xff, 0xff, 0xff,
    0xfc, 0x0, 0x0, 0x0,

    /* U+0031 "1" */
    0x7, 0xff, 0xff, 0xff, 0xc1, 0xff, 0xff, 0xff,
    0xfe, 0x1f, 0xff, 0xff, 0xff, 0xe3, 0xff, 0xff,
    0xff, 0xfe, 0x3f, 0xff, 0xff, 0xff, 0xe3, 0xff,
    0xff, 0xff, 0xfe, 0x3f, 0xff, 0xff, 0xff, 0xe3,
    0xff, 0xff, 0xff, 0xfe, 0x7f, 0xff, 0xff, 0xff,
    0xc7, 0xff, 0xff, 0xff, 0xfc, 0x7f, 0xff, 0xff,
    0xff, 0xc7, 0xff, 0xff, 0xff, 0xfc, 0x7f, 0xff,
    0xff, 0xff, 0xcf, 0xff, 0xff, 0xff, 0xf8, 0xff,
    0xff, 0xff, 0xff, 0x87, 0xff, 0xff, 0xff, 0xf8,
    0x3f, 0xff, 0xff, 0xff, 0x80, 0x3, 0xff, 0xff,
    0xf8, 0x0, 0x1f, 0xff, 0xff, 0x80, 0x1, 0xff,
    0xff, 0xf0, 0x0, 0x1f, 0xff, 0xff, 0x0, 0x1,
    0xff, 0xff, 0xf0, 0x0, 0x3f, 0xff, 0xff, 0x0,
    0x3, 0xff, 0xff, 0xf0, 0x0, 0x3f, 0xff, 0xfe,
    0x0, 0x3, 0xff, 0xff, 0xe0, 0x0, 0x3f, 0xff,
    0xfe, 0x0, 0x3, 0xff, 0xff, 0xe0, 0x0, 0x7f,
    0xff, 0xfe, 0x0, 0x7, 0xff, 0xff, 0xe0, 0x0,
    0x7f, 0xff, 0xfc, 0x0, 0x7, 0xff, 0xff, 0xc0,
    0x0, 0x7f, 0xff, 0xfc, 0x0, 0xf, 0xff, 0xff,
    0xc0, 0x0, 0xff, 0xff, 0xfc, 0x0, 0xf, 0xff,
    0xff, 0x80, 0x0, 0xff, 0xff, 0xf8, 0x0, 0xf,
    0xff, 0xff, 0x80, 0x0, 0xff, 0xff, 0xf8, 0x0,
    0x1f, 0xff, 0xff, 0x80, 0x1, 0xff, 0xff, 0xf8,
    0x0, 0x1f, 0xff, 0xff, 0x0, 0x1, 0xff, 0xff,
    0xf0, 0x0, 0x1f, 0xff, 0xff, 0x0, 0x1, 0xff,
    0xff, 0xf0, 0x0, 0x3f, 0xff, 0xff, 0x0, 0x3,
    0xff, 0xff, 0xe0, 0x0, 0x3f, 0xff, 0xfe, 0x0,
    0x3, 0xff, 0xff, 0xe0, 0x0, 0x3f, 0xff, 0xfe,
    0x0, 0x7, 0xff, 0xff, 0xe0, 0x0, 0x7f, 0xff,
    0xfe, 0x0, 0x7, 0xff, 0xff, 0xc0, 0x0, 0x7f,
    0xff, 0xfc, 0x0, 0x7, 0xff, 0xff, 0xc0, 0x0,
    0x7f, 0xff, 0xfc, 0x0, 0xf, 0xff, 0xff, 0xc0,
    0x0, 0xff, 0xff, 0xf8, 0x0, 0xf, 0xff, 0xff,
    0x80, 0x0, 0xff, 0xff, 0xf8, 0x0, 0xf, 0xff,
    0xff, 0x80, 0x0, 0xff, 0xff, 0xf8, 0x0, 0x1f,
    0xff, 0xff, 0x80, 0x1, 0xff, 0xff, 0xf0, 0x0,
    0x1f, 0xff, 0xff, 0x0, 0x1, 0xff, 0xff, 0xf0,
    0x0, 0x1f, 0xff, 0xff, 0x0, 0x1, 0xff, 0xff,
    0xe0, 0x0, 0x1f, 0xff, 0xfe, 0x0, 0x0, 0xff,
    0xff, 0x80, 0x0,

    /* U+0032 "2" */
    0x0, 0x0, 0xff, 0xff, 0xff, 0xff, 0xff, 0xff,
    0xf8, 0x0, 0x0, 0x0, 0xff, 0xff, 0xff, 0xff,
    0xff, 0xff, 0xff, 0xc0, 0x0, 0x0, 0x7f, 0xff,
    0xff, 0xff, 0xff, 0xff, 0xff, 0xf8, 0x0, 0x0,
    0x1f, 0xff, 0xff, 0xff, 0xff, 0xff, 0xff, 0xff,
    0x80, 0x0, 0x7, 0xff, 0xff, 0xff, 0xff, 0xff,
    0xff, 0xff, 0xf0, 0x0, 0x1, 0xff, 0xff, 0xff,
    0xff, 0xff, 0xff, 0xff, 0xfe, 0x0, 0x0, 0x7f,
    0xff, 0xff, 0xff, 0xff, 0xff, 0xff, 0xff, 0xc0,
    0x0, 0x3f, 0xff, 0xff, 0xff, 0xff, 0xff, 0xff,
    0xff, 0xf0, 0x0, 0xf, 0xff, 0xff, 0xff, 0xff,
    0xff, 0xff, 0xff, 0xfe, 0x0, 0x3, 0xff, 0xff,
    0xff, 0xff, 0xff, 0xff, 0xff, 0xff, 0x80, 0x0,
    0xff, 0xff, 0xff, 0xff, 0xff, 0xff, 0xff, 0xff,
    0xf0, 0x0, 0x3f, 0xff, 0xff, 0xff, 0xff, 0xff,
    0xff, 0xff, 0xfc, 0x0, 0x1f, 0xff, 0xff, 0xff,
    0xff, 0xff, 0xff, 0xff, 0xff, 0x0, 0x7, 0xff,
    0xff, 0xff, 0xff, 0xff, 0xff, 0xff, 0xff, 0xc0,
    0x1, 0xff, 0xff, 0xff, 0xff, 0xff, 0xff, 0xff,
    0xff, 0xf0, 0x0, 0x3f, 0xff, 0xff, 0xff, 0xff,
    0xff, 0xff, 0xff, 0xfc, 0x0, 0x7, 0xff, 0xff,
    0xff, 0xff, 0xff, 0xff, 0xff, 0xff, 0x0, 0x0,
    0x0, 0x0, 0x0, 0x0, 0x0, 0x7, 0xff, 0xff,
    0xc0, 0x0, 0x0, 0x0, 0x0, 0x0, 0x0, 0x1,
    0xff, 0xff, 0xf0, 0x0, 0x0, 0x0, 0x0, 0x0,
    0x0, 0x0, 0x7f, 0xff, 0xfc, 0x0, 0x0, 0x0,
    0x0, 0x0, 0x0, 0x0, 0x1f, 0xff, 0xff, 0x0,
    0x0, 0x0, 0x0, 0x0, 0x0, 0x0, 0x7, 0xff,
    0xff, 0xc0, 0x0, 0x0, 0x0, 0x0, 0x0, 0x0,
    0x1, 0xff, 0xff, 0xe0, 0x0, 0x0, 0x0, 0x0,
    0x0, 0x0, 0x0, 0x7f, 0xff, 0xf8, 0x0, 0x0,
    0x0, 0x0, 0x0, 0x0, 0x0, 0x1f, 0xff, 0xfe,
    0x0, 0x0, 0x0, 0x0, 0x0, 0x0, 0x0, 0xf,
    0xff, 0xff, 0x80, 0x0, 0x0, 0x0, 0x0, 0x0,
    0x0, 0x7, 0xff, 0xff, 0xe0, 0x0, 0x0, 0x3f,
    0xff, 0xff, 0xff, 0xff, 0xff, 0xff, 0xf0, 0x0,
    0x0, 0x7f, 0xff, 0xff, 0xff, 0xff, 0xff, 0xff,
    0xfc, 0x0, 0x0, 0xff, 0xff, 0xff, 0xff, 0xff,
    0xff, 0xff, 0xff, 0x0, 0x0, 0x7f, 0xff, 0xff,
    0xff, 0xff, 0xff, 0xff, 0xff, 0x80, 0x0, 0x7f,
    0xff, 0xff, 0xff, 0xff, 0xff, 0xff, 0xff, 0xe0,
    0x0, 0x3f, 0xff, 0xff, 0xff, 0xff, 0xff, 0xff,
    0xff, 0xf0, 0x0, 0x1f, 0xff, 0xff, 0xff, 0xff,
    0xff, 0xff, 0xff, 0xfc, 0x0, 0xf, 0xff, 0xff,
    0xff, 0xff, 0xff, 0xff, 0xff, 0xfe, 0x0, 0x7,
    0xff, 0xff, 0xff, 0xff, 0xff, 0xff, 0xff, 0xff,
    0x0, 0x3, 0xff, 0xff, 0xff, 0xff, 0xff, 0xff,
    0xff, 0xff, 0x80, 0x0, 0xff, 0xff, 0xff, 0xff,
    0xff, 0xff, 0xff, 0xff, 0xc0, 0x0, 0x7f, 0xff,
    0xff, 0xff, 0xff, 0xff, 0xff, 0xff, 0xe0, 0x0,
    0x3f, 0xff, 0xff, 0xff, 0xff, 0xff, 0xff, 0xff,
    0xf0, 0x0, 0xf, 0xff, 0xff, 0xff, 0xff, 0xff,
    0xff, 0xff, 0xf8, 0x0, 0x3, 0xff, 0xff, 0xff,
    0xff, 0xff, 0xff, 0xff, 0xf8, 0x0, 0x1, 0xff,
    0xff, 0xff, 0xff, 0xff, 0xff, 0xff, 0xf8, 0x0,
    0x0, 0x7f, 0xff, 0xff, 0xff, 0xff, 0xff, 0xff,
    0xf0, 0x0, 0x0, 0x1f, 0xff, 0xff, 0x0, 0x0,
    0x0, 0x0, 0x0, 0x0, 0x0, 0xf, 0xff, 0xff,
    0x80, 0x0, 0x0, 0x0, 0x0, 0x0, 0x0, 0x3,
    0xff, 0xff, 0xe0, 0x0, 0x0, 0x0, 0x0, 0x0,
    0x0, 0x0, 0xff, 0xff, 0xf0, 0x0, 0x0, 0x0,
    0x0, 0x0, 0x0, 0x0, 0x3f, 0xff, 0xfc, 0x0,
    0x0, 0x0, 0x0, 0x0, 0x0, 0x0, 0xf, 0xff,
    0xff, 0x0, 0x0, 0x0, 0x0, 0x0, 0x0, 0x0,
    0x3, 0xff, 0xff, 0xc0, 0x0, 0x0, 0x0, 0x0,
    0x0, 0x0, 0x1, 0xff, 0xff, 0xf0, 0x0, 0x0,
    0x0, 0x0, 0x0, 0x0, 0x0, 0x7f, 0xff, 0xfe,
    0x0, 0x0, 0x0, 0x0, 0x0, 0x0, 0x0, 0x1f,
    0xff, 0xff, 0xff, 0xff, 0xff, 0xff, 0xff, 0xff,
    0x0, 0x7, 0xff, 0xff, 0xff, 0xff, 0xff, 0xff,
    0xff, 0xff, 0xe0, 0x1, 0xff, 0xff, 0xff, 0xff,
    0xff, 0xff, 0xff, 0xff, 0xf8, 0x0, 0x7f, 0xff,
    0xff, 0xff, 0xff, 0xff, 0xff, 0xff, 0xfe, 0x0,
    0x1f, 0xff, 0xff, 0xff, 0xff, 0xff, 0xff, 0xff,
    0xff, 0x80, 0x7, 0xff, 0xff, 0xff, 0xff, 0xff,
    0xff, 0xff, 0xff, 0xe0, 0x0, 0xff, 0xff, 0xff,
    0xff, 0xff, 0xff, 0xff, 0xff, 0xf8, 0x0, 0x3f,
    0xff, 0xff, 0xff, 0xff, 0xff, 0xff, 0xff, 0xfe,
    0x0, 0xf, 0xff, 0xff, 0xff, 0xff, 0xff, 0xff,
    0xff, 0xff, 0x0, 0x1, 0xff, 0xff, 0xff, 0xff,
    0xff, 0xff, 0xff, 0xff, 0xc0, 0x0, 0x3f, 0xff,
    0xff, 0xff, 0xff, 0xff, 0xff, 0xff, 0xf0, 0x0,
    0xf, 0xff, 0xff, 0xff, 0xff, 0xff, 0xff, 0xff,
    0xfc, 0x0, 0x1, 0xff, 0xff, 0xff, 0xff, 0xff,
    0xff, 0xff, 0xff, 0x0, 0x0, 0x3f, 0xff, 0xff,
    0xff, 0xff, 0xff, 0xff, 0xff, 0x80, 0x0, 0x3,
    0xff, 0xff, 0xff, 0xff, 0xff, 0xff, 0xff, 0xe0,
    0x0, 0x0, 0x3f, 0xff, 0xff, 0xff, 0xff, 0xff,
    0xff, 0xf0, 0x0, 0x0, 0x1, 0xff, 0xff, 0xff,
    0xff, 0xff, 0xff, 0xf8, 0x0, 0x0,

    /* U+0033 "3" */
    0x0, 0x3, 0xff, 0xff, 0xff, 0xff, 0xff, 0xff,
    0xe0, 0x0, 0x0, 0x7, 0xff, 0xff, 0xff, 0xff,
    0xff, 0xff, 0xfc, 0x0, 0x0, 0xf, 0xff, 0xff,
    0xff, 0xff, 0xff, 0xff, 0xff, 0x0, 0x0, 0xf,
    0xff, 0xff, 0xff, 0xff, 0xff, 0xff, 0xff, 0x80,
    0x0, 0x1f, 0xff, 0xff, 0xff, 0xff, 0xff, 0xff,
    0xff, 0xe0, 0x0, 0x1f, 0xff, 0xff, 0xff, 0xff,
    0xff, 0xff, 0xff, 0xf0, 0x0, 0x1f, 0xff, 0xff,
    0xff, 0xff, 0xff, 0xff, 0xff, 0xf0, 0x0, 0x1f,
    0xff, 0xff, 0xff, 0xff, 0xff, 0xff, 0xff, 0xf8,
    0x0, 0x1f, 0xff, 0xff, 0xff, 0xff, 0xff, 0xff,
    0xff, 0xf8, 0x0, 0x1f, 0xff, 0xff, 0xff, 0xff,
    0xff, 0xff, 0xff, 0xfc, 0x0, 0x3f, 0xff, 0xff,
    0xff, 0xff, 0xff, 0xff, 0xff, 0xfc, 0x0, 0x3f,
    0xff, 0xff, 0xff, 0xff, 0xff, 0xff, 0xff, 0xfc,
    0x0, 0x3f, 0xff, 0xff, 0xff, 0xff, 0xff, 0xff,
    0xff, 0xfe, 0x0, 0x3f, 0xff, 0xff, 0xff, 0xff,
    0xff, 0xff, 0xff, 0xfe, 0x0, 0x3f, 0xff, 0xff,
    0xff, 0xff, 0xff, 0xff, 0xff, 0xfe, 0x0, 0x3f,
    0xff, 0xff, 0xff, 0xff, 0xff, 0xff, 0xff, 0xfe,
    0x0, 0x1f, 0xff, 0xff, 0xff, 0xff, 0xff, 0xff,
    0xff, 0xfe, 0x0, 0x0, 0x0, 0x0, 0x0, 0x0,
    0x0, 0x7f, 0xff, 0xfe, 0x0, 0x0, 0x0, 0x0,
    0x0, 0x0, 0x0, 0x3f, 0xff, 0xfe, 0x0, 0x0,
    0x0, 0x0, 0x0, 0x0, 0x0, 0x3f, 0xff, 0xfc,
    0x0, 0x0, 0x0, 0x0, 0x0, 0x0, 0x0, 0x3f,
    0xff, 0xfc, 0x0, 0x0, 0x0, 0x0, 0x0, 0x0,
    0x0, 0x3f, 0xff, 0xfc, 0x0, 0x0, 0x0, 0x0,
    0x0, 0x0, 0x0, 0x3f, 0xff, 0xfc, 0x0, 0x0,
    0x0, 0x0, 0x0, 0x0, 0x0, 0x7f, 0xff, 0xfc,
    0x0, 0x0, 0x0, 0x0, 0x0, 0x0, 0x0, 0x7f,
    0xff, 0xfc, 0x0, 0x0, 0x0, 0x0, 0x0, 0x0,
    0x0, 0x7f, 0xff, 0xf8, 0x0, 0x0, 0x0, 0x0,
    0x0, 0x0, 0x0, 0xff, 0xff, 0xf8, 0x0, 0x0,
    0x0, 0x7, 0xff, 0xff, 0xff, 0xff, 0xff, 0xf8,
    0x0, 0x0, 0x0, 0x1f, 0xff, 0xff, 0xff, 0xff,
    0xff, 0xf8, 0x0, 0x0, 0x0, 0x1f, 0xff, 0xff,
    0xff, 0xff, 0xff, 0xf0, 0x0, 0x0, 0x0, 0x3f,
    0xff, 0xff, 0xff, 0xff, 0xff, 0xf0, 0x0, 0x0,
    0x0, 0x3f, 0xff, 0xff, 0xff, 0xff, 0xff, 0xe0,
    0x0, 0x0, 0x0, 0x3f, 0xff, 0xff, 0xff, 0xff,
    0xff, 0xe0, 0x0, 0x0, 0x0, 0x3f, 0xff, 0xff,
    0xff, 0xff, 0xff, 0xc0, 0x0, 0x0, 0x0, 0x3f,
    0xff, 0xff, 0xff, 0xff, 0xff, 0x80, 0x0, 0x0,
    0x0, 0x7f, 0xff, 0xff, 0xff, 0xff, 0xff, 0x80,
    0x0, 0x0, 0x0, 0x7f, 0xff, 0xff, 0xff, 0xff,
    0xff, 0x80, 0x0, 0x0, 0x0, 0x7f, 0xff, 0xff,
    0xff, 0xff, 0xff, 0xc0, 0x0, 0x0, 0x0, 0x7f,
    0xff, 0xff, 0xff, 0xff, 0xff, 0xc0, 0x0, 0x0,
    0x0, 0x7f, 0xff, 0xff, 0xff, 0xff, 0xff, 0xc0,
    0x0, 0x0, 0x0, 0x7f, 0xff, 0xff, 0xff, 0xff,
    0xff, 0xc0, 0x0, 0x0, 0x0, 0x7f, 0xff, 0xff,
    0xff, 0xff, 0xff, 0xc0, 0x0, 0x0, 0x0, 0x3f,
    0xff, 0xff, 0xff, 0xff, 0xff, 0xc0, 0x0, 0x0,
    0x0, 0x0, 0x0, 0x0, 0x7, 0xff, 0xff, 0xc0,
    0x0, 0x0, 0x0, 0x0, 0x0, 0x0, 0x3, 0xff,
    0xff, 0xc0, 0x0, 0x0, 0x0, 0x0, 0x0, 0x0,
    0x3, 0xff, 0xff, 0xc0, 0x0, 0x0, 0x0, 0x0,
    0x0, 0x0, 0x7, 0xff, 0xff, 0xc0, 0x0, 0x0,
    0x0, 0x0, 0x0, 0x0, 0x7, 0xff, 0xff, 0x80,
    0x0, 0x0, 0x0, 0x0, 0x0, 0x0, 0x7, 0xff,
    0xff, 0x80, 0x0, 0x0, 0x0, 0x0, 0x0, 0x0,
    0x7, 0xff, 0xff, 0x80, 0x0, 0x0, 0x0, 0x0,
    0x0, 0x0, 0x7, 0xff, 0xff, 0x80, 0x0, 0x0,
    0x0, 0x0, 0x0, 0x0, 0xf, 0xff, 0xff, 0x80,
    0x0, 0x0, 0x0, 0x0, 0x0, 0x0, 0x1f, 0xff,
    0xff, 0x80, 0x7, 0xff, 0xff, 0xff, 0xff, 0xff,
    0xff, 0xff, 0xff, 0x0, 0xf, 0xff, 0xff, 0xff,
    0xff, 0xff, 0xff, 0xff, 0xff, 0x0, 0x1f, 0xff,
    0xff, 0xff, 0xff, 0xff, 0xff, 0xff, 0xff, 0x0,
    0x1f, 0xff, 0xff, 0xff, 0xff, 0xff, 0xff, 0xff,
    0xfe, 0x0, 0x3f, 0xff, 0xff, 0xff, 0xff, 0xff,
    0xff, 0xff, 0xfe, 0x0, 0x3f, 0xff, 0xff, 0xff,
    0xff, 0xff, 0xff, 0xff, 0xfc, 0x0, 0x3f, 0xff,
    0xff, 0xff, 0xff, 0xff, 0xff, 0xff, 0xfc, 0x0,
    0x3f, 0xff, 0xff, 0xff, 0xff, 0xff, 0xff, 0xff,
    0xf8, 0x0, 0x3f, 0xff, 0xff, 0xff, 0xff, 0xff,
    0xff, 0xff, 0xf0, 0x0, 0x7f, 0xff, 0xff, 0xff,
    0xff, 0xff, 0xff, 0xff, 0xe0, 0x0, 0x7f, 0xff,
    0xff, 0xff, 0xff, 0xff, 0xff, 0xff, 0xc0, 0x0,
    0x7f, 0xff, 0xff, 0xff, 0xff, 0xff, 0xff, 0xff,
    0x80, 0x0, 0x7f, 0xff, 0xff, 0xff, 0xff, 0xff,
    0xff, 0xff, 0x0, 0x0, 0x7f, 0xff, 0xff, 0xff,
    0xff, 0xff, 0xff, 0xfc, 0x0, 0x0, 0x7f, 0xff,
    0xff, 0xff, 0xff, 0xff, 0xff, 0xf8, 0x0, 0x0,
    0x7f, 0xff, 0xff, 0xff, 0xff, 0xff, 0xff, 0xe0,
    0x0, 0x0, 0x3f, 0xff, 0xff, 0xff, 0xff, 0xff,
    0xfe, 0x0, 0x0, 0x0,

    /* U+0034 "4" */
    0x0, 0x0, 0x0, 0x0, 0x7, 0xff, 0xff, 0x80,
    0x0, 0x0, 0x0, 0x0, 0x0, 0x0, 0x3f, 0xff,
    0xff, 0x80, 0x0, 0x0, 0x0, 0x0, 0x0, 0x0,
    0x7f, 0xff, 0xff, 0x80, 0x0, 0x0, 0x0, 0x0,
    0x0, 0x1, 0xff, 0xff, 0xff, 0x0, 0x0, 0x0,
    0x0, 0x0, 0x0, 0x7, 0xff, 0xff, 0xfe, 0x0,
    0x0, 0x0, 0x0, 0x0, 0x0, 0x1f, 0xff, 0xff,
    0xfc, 0x0, 0x0, 0x0, 0x0, 0x0, 0x0, 0x3f,
    0xff, 0xff, 0xf0, 0x0, 0x0, 0x0, 0x0, 0x0,
    0x0, 0xff, 0xff, 0xff, 0xc0, 0x0, 0x0, 0x0,
    0x0, 0x0, 0x3, 0xff, 0xff, 0xff, 0x0, 0x0,
    0x0, 0x0, 0x0, 0x0, 0xf, 0xff, 0xff, 0xfe,
    0x0, 0x0, 0x0, 0x0, 0x0, 0x0, 0x1f, 0xff,
    0xff, 0xf8, 0x0, 0x0, 0x0, 0x0, 0x0, 0x0,
    0x7f, 0xff, 0xff, 0xe0, 0x7f, 0xff, 0xc0, 0x0,
    0x0, 0x1, 0xff, 0xff, 0xff, 0xc1, 0xff, 0xff,
    0xc0, 0x0, 0x0, 0x7, 0xff, 0xff, 0xff, 0x7,
    0xff, 0xff, 0x80, 0x0, 0x0, 0xf, 0xff, 0xff,
    0xfc, 0xf, 0xff, 0xff, 0x80, 0x0, 0x0, 0x3f,
    0xff, 0xff, 0xf0, 0x3f, 0xff, 0xfe, 0x0, 0x0,
    0x0, 0xff, 0xff, 0xff, 0xe0, 0x7f, 0xff, 0xfc,
    0x0, 0x0, 0x3, 0xff, 0xff, 0xff, 0x80, 0xff,
    0xff, 0xf8, 0x0, 0x0, 0x7, 0xff, 0xff, 0xfe,
    0x1, 0xff, 0xff, 0xf0, 0x0, 0x0, 0x1f, 0xff,
    0xff, 0xf8, 0x3, 0xff, 0xff, 0xe0, 0x0, 0x0,
    0x7f, 0xff, 0xff, 0xf0, 0xf, 0xff, 0xff, 0xc0,
    0x0, 0x1, 0xff, 0xff, 0xff, 0xc0, 0x1f, 0xff,
    0xff, 0x0, 0x0, 0x3, 0xff, 0xff, 0xff, 0x0,
    0x3f, 0xff, 0xfe, 0x0, 0x0, 0xf, 0xff, 0xff,
    0xfc, 0x0, 0x7f, 0xff, 0xfc, 0x0, 0x0, 0x3f,
    0xff, 0xff, 0xf8, 0x0, 0xff, 0xff, 0xf8, 0x0,
    0x0, 0xff, 0xff, 0xff, 0xe0, 0x1, 0xff, 0xff,
    0xf0, 0x0, 0x1, 0xff, 0xff, 0xff, 0x80, 0x7,
    0xff, 0xff, 0xe0, 0x0, 0x7, 0xff, 0xff, 0xfe,
    0x0, 0xf, 0xff, 0xff, 0x80, 0x0, 0x1f, 0xff,
    0xff, 0xfc, 0x0, 0x1f, 0xff, 0xff, 0x0, 0x0,
    0x7f, 0xff, 0xff, 0xf0, 0x0, 0x3f, 0xff, 0xfe,
    0x0, 0x0, 0xff, 0xff, 0xff, 0xc0, 0x0, 0x7f,
    0xff, 0xfc, 0x0, 0x3, 0xff, 0xff, 0xff, 0x0,
    0x1, 0xff, 0xff, 0xf8, 0x0, 0xf, 0xff, 0xff,
    0xfe, 0x0, 0x3, 0xff, 0xff, 0xe0, 0x0, 0x3f,
    0xff, 0xff, 0xf8, 0x0, 0x7, 0xff, 0xff, 0xc0,
    0x0, 0x7f, 0xff, 0xff, 0xe0, 0x0, 0xf, 0xff,
    0xff, 0x80, 0x1, 0xff, 0xff, 0xff, 0x80, 0x0,
    0x1f, 0xff, 0xff, 0x0, 0x7, 0xff, 0xff, 0xff,
    0x0, 0x0, 0x3f, 0xff, 0xfe, 0x0, 0x1f, 0xff,
    0xff, 0xfc, 0x0, 0x0, 0xff, 0xff, 0xfc, 0x0,
    0x3f, 0xff, 0xff, 0xf0, 0x0, 0x1, 0xff, 0xff,
    0xf0, 0x0, 0xff, 0xff, 0xff, 0xe0, 0x0, 0x3,
    0xff, 0xff, 0xe0, 0x3, 0xff, 0xff, 0xff, 0x80,
    0x0, 0x7, 0xff, 0xff, 0xc0, 0xf, 0xff, 0xff,
    0xfe, 0x0, 0x0, 0xf, 0xff, 0xff, 0x80, 0x3f,
    0xff, 0xff, 0xff, 0xff, 0xff, 0xff, 0xff, 0xff,
    0xc0, 0x7f, 0xff, 0xff, 0xff, 0xff, 0xff, 0xff,
    0xff, 0xff, 0x81, 0xff, 0xff, 0xff, 0xff, 0xff,
    0xff, 0xff, 0xff, 0xff, 0x83, 0xff, 0xff, 0xff,
    0xff, 0xff, 0xff, 0xff, 0xff, 0xff, 0xf, 0xff,
    0xff, 0xff, 0xff, 0xff, 0xff, 0xff, 0xff, 0xfe,
    0x1f, 0xff, 0xff, 0xff, 0xff, 0xff, 0xff, 0xff,
    0xff, 0xf8, 0x7f, 0xff, 0xff, 0xff, 0xff, 0xff,
    0xff, 0xff, 0xff, 0xf0, 0xff, 0xff, 0xff, 0xff,
    0xff, 0xff, 0xff, 0xff, 0xff, 0xe1, 0xff, 0xff,
    0xff, 0xff, 0xff, 0xff, 0xff, 0xff, 0xff, 0xc3,
    0xff, 0xff, 0xff, 0xff, 0xff, 0xff, 0xff, 0xff,
    0xff, 0x87, 0xff, 0xff, 0xff, 0xff, 0xff, 0xff,
    0xff, 0xff, 0xff, 0x1f, 0xff, 0xff, 0xff, 0xff,
    0xff, 0xff, 0xff, 0xff, 0xfc, 0x3f, 0xff, 0xff,
    0xff, 0xff, 0xff, 0xff, 0xff, 0xff, 0xf8, 0x7f,
    0xff, 0xff, 0xff, 0xff, 0xff, 0xff, 0xff, 0xff,
    0xf0, 0xff, 0xff, 0xff, 0xff, 0xff, 0xff, 0xff,
    0xff, 0xff, 0xe0, 0xff, 0xff, 0xff, 0xff, 0xff,
    0xff, 0xff, 0xff, 0xff, 0x81, 0xff, 0xff, 0xff,
    0xff, 0xff, 0xff, 0xff, 0xff, 0xfe, 0x0, 0x0,
    0x0, 0x0, 0x0, 0x0, 0x3, 0xff, 0xff, 0xe0,
    0x0, 0x0, 0x0, 0x0, 0x0, 0x0, 0x7, 0xff,
    0xff, 0xc0, 0x0, 0x0, 0x0, 0x0, 0x0, 0x0,
    0xf, 0xff, 0xff, 0x80, 0x0, 0x0, 0x0, 0x0,
    0x0, 0x0, 0x1f, 0xff, 0xff, 0x0, 0x0, 0x0,
    0x0, 0x0, 0x0, 0x0, 0x3f, 0xff, 0xfe, 0x0,
    0x0, 0x0, 0x0, 0x0, 0x0, 0x0, 0xff, 0xff,
    0xfc, 0x0, 0x0, 0x0, 0x0, 0x0, 0x0, 0x1,
    0xff, 0xff, 0xf0, 0x0, 0x0, 0x0, 0x0, 0x0,
    0x0, 0x3, 0xff, 0xff, 0xe0, 0x0, 0x0, 0x0,
    0x0, 0x0, 0x0, 0x7, 0xff, 0xff, 0xc0, 0x0,
    0x0, 0x0, 0x0, 0x0, 0x0, 0x7, 0xff, 0xff,
    0x0, 0x0, 0x0, 0x0, 0x0, 0x0, 0x0, 0x7,
    0xff, 0xfc, 0x0, 0x0,

    /* U+0035 "5" */
    0x0, 0x0, 0x3f, 0xff, 0xff, 0xff, 0xff, 0xff,
    0xff, 0xff, 0x0, 0x0, 0x3f, 0xff, 0xff, 0xff,
    0xff, 0xff, 0xff, 0xff, 0xf0, 0x0, 0x1f, 0xff,
    0xff, 0xff, 0xff, 0xff, 0xff, 0xff, 0xfc, 0x0,
    0xf, 0xff, 0xff, 0xff, 0xff, 0xff, 0xff, 0xff,
    0xff, 0x0, 0x7, 0xff, 0xff, 0xff, 0xff, 0xff,
    0xff, 0xff, 0xff, 0xc0, 0x1, 0xff, 0xff, 0xff,
    0xff, 0xff, 0xff, 0xff, 0xff, 0xf0, 0x0, 0x7f,
    0xff, 0xff, 0xff, 0xff, 0xff, 0xff, 0xff, 0xf8,
    0x0, 0x3f, 0xff, 0xff, 0xff, 0xff, 0xff, 0xff,
    0xff, 0xfe, 0x0, 0xf, 0xff, 0xff, 0xff, 0xff,
    0xff, 0xff, 0xff, 0xff, 0x80, 0x3, 0xff, 0xff,
    0xff, 0xff, 0xff, 0xff, 0xff, 0xff, 0xe0, 0x0,
    0xff, 0xff, 0xff, 0xff, 0xff, 0xff, 0xff, 0xff,
    0xf8, 0x0, 0x3f, 0xff, 0xff, 0xff, 0xff, 0xff,
    0xff, 0xff, 0xfc, 0x0, 0xf, 0xff, 0xff, 0xff,
    0xff, 0xff, 0xff, 0xff, 0xff, 0x0, 0x7, 0xff,
    0xff, 0xff, 0xff, 0xff, 0xff, 0xff, 0xff, 0xc0,
    0x1, 0xff, 0xff, 0xff, 0xff, 0xff, 0xff, 0xff,
    0xff, 0xf0, 0x0, 0x7f, 0xff, 0xff, 0xff, 0xff,
    0xff, 0xff, 0xff, 0xf8, 0x0, 0x1f, 0xff, 0xff,
    0xff, 0xff, 0xff, 0xff, 0xff, 0xf8, 0x0, 0x7,
    0xff, 0xff, 0xc0, 0x0, 0x0, 0x0, 0x0, 0x0,
    0x0, 0x1, 0xff, 0xff, 0xe0, 0x0, 0x0, 0x0,
    0x0, 0x0, 0x0, 0x0, 0xff, 0xff, 0xf0, 0x0,
    0x0, 0x0, 0x0, 0x0, 0x0, 0x0, 0x3f, 0xff,
    0xfc, 0x0, 0x0, 0x0, 0x0, 0x0, 0x0, 0x0,
    0xf, 0xff, 0xff, 0x0, 0x0, 0x0, 0x0, 0x0,
    0x0, 0x0, 0x3, 0xff, 0xff, 0xc0, 0x0, 0x0,
    0x0, 0x0, 0x0, 0x0, 0x0, 0xff, 0xff, 0xf0,
    0x0, 0x0, 0x0, 0x0, 0x0, 0x0, 0x0, 0x7f,
    0xff, 0xfc, 0x0, 0x0, 0x0, 0x0, 0x0, 0x0,
    0x0, 0x1f, 0xff, 0xff, 0x0, 0x0, 0x0, 0x0,
    0x0, 0x0, 0x0, 0x7, 0xff, 0xff, 0xff, 0xff,
    0xff, 0xff, 0xfc, 0x0, 0x0, 0x1, 0xff, 0xff,
    0xff, 0xff, 0xff, 0xff, 0xff, 0xe0, 0x0, 0x0,
    0x7f, 0xff, 0xff, 0xff, 0xff, 0xff, 0xff, 0xfc,
    0x0, 0x0, 0x1f, 0xff, 0xff, 0xff, 0xff, 0xff,
    0xff, 0xff, 0xc0, 0x0, 0xf, 0xff, 0xff, 0xff,
    0xff, 0xff, 0xff, 0xff, 0xf8, 0x0, 0x3, 0xff,
    0xff, 0xff, 0xff, 0xff, 0xff, 0xff, 0xff, 0x0,
    0x0, 0xff, 0xff, 0xff, 0xff, 0xff, 0xff, 0xff,
    0xff, 0xc0, 0x0, 0x3f, 0xff, 0xff, 0xff, 0xff,
    0xff, 0xff, 0xff, 0xf8, 0x0, 0xf, 0xff, 0xff,
    0xff, 0xff, 0xff, 0xff, 0xff, 0xff, 0x0, 0x3,
    0xff, 0xff, 0xff, 0xff, 0xff, 0xff, 0xff, 0xff,
    0xc0, 0x1, 0xff, 0xff, 0xff, 0xff, 0xff, 0xff,
    0xff, 0xff, 0xf0, 0x0, 0x7f, 0xff, 0xff, 0xff,
    0xff, 0xff, 0xff, 0xff, 0xfe, 0x0, 0x1f, 0xff,
    0xff, 0xff, 0xff, 0xff, 0xff, 0xff, 0xff, 0x80,
    0x7, 0xff, 0xff, 0xff, 0xff, 0xff, 0xff, 0xff,
    0xff, 0xe0, 0x1, 0xff, 0xff, 0xff, 0xff, 0xff,
    0xff, 0xff, 0xff, 0xf8, 0x0, 0x3f, 0xff, 0xff,
    0xff, 0xff, 0xff, 0xff, 0xff, 0xfe, 0x0, 0x7,
    0xff, 0xff, 0xff, 0xff, 0xff, 0xff, 0xff, 0xff,
    0x80, 0x0, 0x0, 0x0, 0x0, 0x0, 0x0, 0x3,
    0xff, 0xff, 0xe0, 0x0, 0x0, 0x0, 0x0, 0x0,
    0x0, 0x0, 0xff, 0xff, 0xf8, 0x0, 0x0, 0x0,
    0x0, 0x0, 0x0, 0x0, 0x3f, 0xff, 0xfe, 0x0,
    0x0, 0x0, 0x0, 0x0, 0x0, 0x0, 0xf, 0xff,
    0xff, 0x0, 0x0, 0x0, 0x0, 0x0, 0x0, 0x0,
    0x3, 0xff, 0xff, 0xc0, 0x0, 0x0, 0x0, 0x0,
    0x0, 0x0, 0x0, 0xff, 0xff, 0xf0, 0x0, 0x0,
    0x0, 0x0, 0x0, 0x0, 0x0, 0x3f, 0xff, 0xfc,
    0x0, 0x0, 0x0, 0x0, 0x0, 0x0, 0x0, 0xf,
    0xff, 0xff, 0x0, 0x0, 0x0, 0x0, 0x0, 0x0,
    0x0, 0x7, 0xff, 0xff, 0xc0, 0x0, 0x0, 0x0,
    0x0, 0x0, 0x0, 0x3, 0xff, 0xff, 0xe0, 0x1,
    0xff, 0xff, 0xff, 0xff, 0xff, 0xff, 0xff, 0xff,
    0xf8, 0x1, 0xff, 0xff, 0xff, 0xff, 0xff, 0xff,
    0xff, 0xff, 0xfe, 0x0, 0xff, 0xff, 0xff, 0xff,
    0xff, 0xff, 0xff, 0xff, 0xff, 0x0, 0x3f, 0xff,
    0xff, 0xff, 0xff, 0xff, 0xff, 0xff, 0xff, 0xc0,
    0xf, 0xff, 0xff, 0xff, 0xff, 0xff, 0xff, 0xff,
    0xff, 0xe0, 0x3, 0xff, 0xff, 0xff, 0xff, 0xff,
    0xff, 0xff, 0xff, 0xf8, 0x1, 0xff, 0xff, 0xff,
    0xff, 0xff, 0xff, 0xff, 0xff, 0xfc, 0x0, 0x7f,
    0xff, 0xff, 0xff, 0xff, 0xff, 0xff, 0xff, 0xff,
    0x0, 0x1f, 0xff, 0xff, 0xff, 0xff, 0xff, 0xff,
    0xff, 0xff, 0x80, 0x7, 0xff, 0xff, 0xff, 0xff,
    0xff, 0xff, 0xff, 0xff, 0xc0, 0x1, 0xff, 0xff,
    0xff, 0xff, 0xff, 0xff, 0xff, 0xff, 0xe0, 0x0,
    0xff, 0xff, 0xff, 0xff, 0xff, 0xff, 0xff, 0xff,
    0xf0, 0x0, 0x3f, 0xff, 0xff, 0xff, 0xff, 0xff,
    0xff, 0xff, 0xf8, 0x0, 0xf, 0xff, 0xff, 0xff,
    0xff, 0xff, 0xff, 0xff, 0xf8, 0x0, 0x3, 0xff,
    0xff, 0xff, 0xff, 0xff, 0xff, 0xff, 0xf8, 0x0,
    0x0, 0xff, 0xff, 0xff, 0xff, 0xff, 0xff, 0xff,
    0xf8, 0x0, 0x0, 0xf, 0xff, 0xff, 0xff, 0xff,
    0xff, 0xff, 0xf0, 0x0, 0x0, 0x0,

    /* U+0036 "6" */
    0x0, 0x0, 0x0, 0xff, 0xff, 0xff, 0xff, 0xff,
    0xff, 0xf8, 0x0, 0x0, 0xf, 0xff, 0xff, 0xff,
    0xff, 0xff, 0xff, 0xf8, 0x0, 0x0, 0xff, 0xff,
    0xff, 0xff, 0xff, 0xff, 0xff, 0xf8, 0x0, 0x3,
    0xff, 0xff, 0xff, 0xff, 0xff, 0xff, 0xff, 0xf0,
    0x0, 0x1f, 0xff, 0xff, 0xff, 0xff, 0xff, 0xff,
    0xff, 0xc0, 0x0, 0x7f, 0xff, 0xff, 0xff, 0xff,
    0xff, 0xff, 0xff, 0x80, 0x1, 0xff, 0xff, 0xff,
    0xff, 0xff, 0xff, 0xff, 0xff, 0x0, 0x7, 0xff,
    0xff, 0xff, 0xff, 0xff, 0xff, 0xff, 0xfe, 0x0,
    0x1f, 0xff, 0xff, 0xff, 0xff, 0xff, 0xff, 0xff,
    0xfc, 0x0, 0x7f, 0xff, 0xff, 0xff, 0xff, 0xff,
    0xff, 0xff, 0xf0, 0x1, 0xff, 0xff, 0xff, 0xff,
    0xff, 0xff, 0xff, 0xff, 0xe0, 0x3, 0xff, 0xff,
    0xff, 0xff, 0xff, 0xff, 0xff, 0xff, 0xc0, 0xf,
    0xff, 0xff, 0xff, 0xff, 0xff, 0xff, 0xff, 0xff,
    0x80, 0x1f, 0xff, 0xff, 0xff, 0xff, 0xff, 0xff,
    0xff, 0xff, 0x0, 0x7f, 0xff, 0xff, 0xff, 0xff,
    0xff, 0xff, 0xff, 0xfc, 0x0, 0xff, 0xff, 0xff,
    0xff, 0xff, 0xff, 0xff, 0xff, 0xf0, 0x1, 0xff,
    0xff, 0xff, 0xff, 0xff, 0xff, 0xff, 0xff, 0xc0,
    0x7, 0xff, 0xff, 0xe0, 0x0, 0x0, 0x0, 0x0,
    0x0, 0x0, 0xf, 0xff, 0xff, 0x80, 0x0, 0x0,
    0x0, 0x0, 0x0, 0x0, 0x1f, 0xff, 0xfe, 0x0,
    0x0, 0x0, 0x0, 0x0, 0x0, 0x0, 0x3f, 0xff,
    0xfc, 0x0, 0x0, 0x0, 0x0, 0x0, 0x0, 0x0,
    0x7f, 0xff, 0xf8, 0x0, 0x0, 0x0, 0x0, 0x0,
    0x0, 0x0, 0xff, 0xff, 0xf0, 0x0, 0x0, 0x0,
    0x0, 0x0, 0x0, 0x3, 0xff, 0xff, 0xc0, 0x0,
    0x0, 0x0, 0x0, 0x0, 0x0, 0x7, 0xff, 0xff,
    0xc0, 0x0, 0x0, 0x0, 0x0, 0x0, 0x0, 0xf,
    0xff, 0xff, 0x80, 0x0, 0x0, 0x0, 0x0, 0x0,
    0x0, 0x1f, 0xff, 0xff, 0xff, 0xff, 0xff, 0xff,
    0xf8, 0x0, 0x0, 0x3f, 0xff, 0xff, 0xff, 0xff,
    0xff, 0xff, 0xfe, 0x0, 0x0, 0xff, 0xff, 0xff,
    0xff, 0xff, 0xff, 0xff, 0xff, 0x0, 0x1, 0xff,
    0xff, 0xff, 0xff, 0xff, 0xff, 0xff, 0xff, 0x0,
    0x3, 0xff, 0xff, 0xff, 0xff, 0xff, 0xff, 0xff,
    0xff, 0x80, 0x7, 0xff, 0xff, 0xff, 0xff, 0xff,
    0xff, 0xff, 0xff, 0x0, 0xf, 0xff, 0xff, 0xff,
    0xff, 0xff, 0xff, 0xff, 0xff, 0x0, 0x3f, 0xff,
    0xff, 0xff, 0xff, 0xff, 0xff, 0xff, 0xff, 0x0,
    0x7f, 0xff, 0xff, 0xff, 0xff, 0xff, 0xff, 0xff,
    0xfe, 0x0, 0xff, 0xff, 0xff, 0xff, 0xff, 0xff,
    0xff, 0xff, 0xfe, 0x1, 0xff, 0xff, 0xff, 0xff,
    0xff, 0xff, 0xff, 0xff, 0xfc, 0x3, 0xff, 0xff,
    0xff, 0xff, 0xff, 0xff, 0xff, 0xff, 0xf8, 0x7,
    0xff, 0xff, 0xff, 0xff, 0xff, 0xff, 0xff, 0xff,
    0xf8, 0x1f, 0xff, 0xff, 0xff, 0xff, 0xff, 0xff,
    0xff, 0xff, 0xf0, 0x3f, 0xff, 0xff, 0xff, 0xff,
    0xff, 0xff, 0xff, 0xff, 0xe0, 0x7f, 0xff, 0xff,
    0xff, 0xff, 0xff, 0xff, 0xff, 0xff, 0xc0, 0xff,
    0xff, 0xff, 0xff, 0xff, 0xff, 0xff, 0xff, 0xff,
    0x81, 0xff, 0xff, 0xf0, 0x0, 0x0, 0x0, 0x3f,
    0xff, 0xff, 0x7, 0xff, 0xff, 0xc0, 0x0, 0x0,
    0x0, 0x3f, 0xff, 0xfc, 0xf, 0xff, 0xff, 0x0,
    0x0, 0x0, 0x0, 0x7f, 0xff, 0xf8, 0x1f, 0xff,
    0xfe, 0x0, 0x0, 0x0, 0x0, 0xff, 0xff, 0xf0,
    0x3f, 0xff, 0xfc, 0x0, 0x0, 0x0, 0x1, 0xff,
    0xff, 0xe0, 0x7f, 0xff, 0xf8, 0x0, 0x0, 0x0,
    0x7, 0xff, 0xff, 0xc0, 0xff, 0xff, 0xf0, 0x0,
    0x0, 0x0, 0xf, 0xff, 0xff, 0x83, 0xff, 0xff,
    0xe0, 0x0, 0x0, 0x0, 0x1f, 0xff, 0xfe, 0x7,
    0xff, 0xff, 0xc0, 0x0, 0x0, 0x0, 0x3f, 0xff,
    0xfc, 0xf, 0xff, 0xff, 0x80, 0x0, 0x0, 0x0,
    0xff, 0xff, 0xf8, 0x1f, 0xff, 0xff, 0xff, 0xff,
    0xff, 0xff, 0xff, 0xff, 0xf0, 0x3f, 0xff, 0xff,
    0xff, 0xff, 0xff, 0xff, 0xff, 0xff, 0xc0, 0x7f,
    0xff, 0xff, 0xff, 0xff, 0xff, 0xff, 0xff, 0xff,
    0x80, 0xff, 0xff, 0xff, 0xff, 0xff, 0xff, 0xff,
    0xff, 0xff, 0x1, 0xff, 0xff, 0xff, 0xff, 0xff,
    0xff, 0xff, 0xff, 0xfc, 0x3, 0xff, 0xff, 0xff,
    0xff, 0xff, 0xff, 0xff, 0xff, 0xf8, 0x3, 0xff,
    0xff, 0xff, 0xff, 0xff, 0xff, 0xff, 0xff, 0xe0,
    0x7, 0xff, 0xff, 0xff, 0xff, 0xff, 0xff, 0xff,
    0xff, 0x80, 0xf, 0xff, 0xff, 0xff, 0xff, 0xff,
    0xff, 0xff, 0xff, 0x0, 0xf, 0xff, 0xff, 0xff,
    0xff, 0xff, 0xff, 0xff, 0xfc, 0x0, 0x1f, 0xff,
    0xff, 0xff, 0xff, 0xff, 0xff, 0xff, 0xf0, 0x0,
    0x1f, 0xff, 0xff, 0xff, 0xff, 0xff, 0xff, 0xff,
    0xc0, 0x0, 0x1f, 0xff, 0xff, 0xff, 0xff, 0xff,
    0xff, 0xfe, 0x0, 0x0, 0x1f, 0xff, 0xff, 0xff,
    0xff, 0xff, 0xff, 0xf8, 0x0, 0x0, 0x1f, 0xff,
    0xff, 0xff, 0xff, 0xff, 0xff, 0xc0, 0x0, 0x0,
    0xf, 0xff, 0xff, 0xff, 0xff, 0xff, 0xfe, 0x0,
    0x0, 0x0, 0x3, 0xff, 0xff, 0xff, 0xff, 0xff,
    0xe0, 0x0, 0x0, 0x0,

    /* U+0037 "7" */
    0xf, 0xff, 0xff, 0xff, 0xff, 0xff, 0xff, 0xff,
    0xf0, 0x7f, 0xff, 0xff, 0xff, 0xff, 0xff, 0xff,
    0xff, 0xe3, 0xff, 0xff, 0xff, 0xff, 0xff, 0xff,
    0xff, 0xff, 0xcf, 0xff, 0xff, 0xff, 0xff, 0xff,
    0xff, 0xff, 0xff, 0x3f, 0xff, 0xff, 0xff, 0xff,
    0xff, 0xff, 0xff, 0xfc, 0xff, 0xff, 0xff, 0xff,
    0xff, 0xff, 0xff, 0xff, 0xe7, 0xff, 0xff, 0xff,
    0xff, 0xff, 0xff, 0xff, 0xff, 0x9f, 0xff, 0xff,
    0xff, 0xff, 0xff, 0xff, 0xff, 0xfc, 0x7f, 0xff,
    0xff, 0xff, 0xff, 0xff, 0xff, 0xff, 0xf1, 0xff,
    0xff, 0xff, 0xff, 0xff, 0xff, 0xff, 0xff, 0x87,
    0xff, 0xff, 0xff, 0xff, 0xff, 0xff, 0xff, 0xfc,
    0x3f, 0xff, 0xff, 0xff, 0xff, 0xff, 0xff, 0xff,
    0xf0, 0xff, 0xff, 0xff, 0xff, 0xff, 0xff, 0xff,
    0xff, 0x83, 0xff, 0xff, 0xff, 0xff, 0xff, 0xff,
    0xff, 0xfc, 0xf, 0xff, 0xff, 0xff, 0xff, 0xff,
    0xff, 0xff, 0xf0, 0x3f, 0xff, 0xff, 0xff, 0xff,
    0xff, 0xff, 0xff, 0x80, 0x7f, 0xff, 0xff, 0xff,
    0xff, 0xff, 0xff, 0xfc, 0x0, 0x0, 0x0, 0x0,
    0x0, 0x7f, 0xff, 0xff, 0xf0, 0x0, 0x0, 0x0,
    0x0, 0x3, 0xff, 0xff, 0xff, 0x80, 0x0, 0x0,
    0x0, 0x0, 0x1f, 0xff, 0xff, 0xfc, 0x0, 0x0,
    0x0, 0x0, 0x0, 0x7f, 0xff, 0xff, 0xf0, 0x0,
    0x0, 0x0, 0x0, 0x3, 0xff, 0xff, 0xff, 0x80,
    0x0, 0x0, 0x0, 0x0, 0x1f, 0xff, 0xff, 0xfc,
    0x0, 0x0, 0x0, 0x0, 0x0, 0x7f, 0xff, 0xff,
    0xf0, 0x0, 0x0, 0x0, 0x0, 0x3, 0xff, 0xff,
    0xff, 0x80, 0x0, 0x0, 0x0, 0x0, 0x1f, 0xff,
    0xff, 0xfc, 0x0, 0x0, 0x0, 0x0, 0x0, 0x7f,
    0xff, 0xff, 0xf0, 0x0, 0x0, 0x0, 0x0, 0x3,
    0xff, 0xff, 0xff, 0x80, 0x0, 0x0, 0x0, 0x0,
    0xf, 0xff, 0xff, 0xfc, 0x0, 0x0, 0x0, 0x0,
    0x0, 0x7f, 0xff, 0xff, 0xf0, 0x0, 0x0, 0x0,
    0x0, 0x3, 0xff, 0xff, 0xff, 0x80, 0x0, 0x0,
    0x0, 0x0, 0xf, 0xff, 0xff, 0xfc, 0x0, 0x0,
    0x0, 0x0, 0x0, 0x7f, 0xff, 0xff, 0xf0, 0x0,
    0x0, 0x0, 0x0, 0x3, 0xff, 0xff, 0xff, 0x80,
    0x0, 0x0, 0x0, 0x0, 0xf, 0xff, 0xff, 0xfc,
    0x0, 0x0, 0x0, 0x0, 0x0, 0x7f, 0xff, 0xff,
    0xf0, 0x0, 0x0, 0x0, 0x0, 0x3, 0xff, 0xff,
    0xff, 0x80, 0x0, 0x0, 0x0, 0x0, 0xf, 0xff,
    0xff, 0xfc, 0x0, 0x0, 0x0, 0x0, 0x0, 0x7f,
    0xff, 0xff, 0xf0, 0x0, 0x0, 0x0, 0x0, 0x3,
    0xff, 0xff, 0xff, 0x80, 0x0, 0x0, 0x0, 0x0,
    0xf, 0xff, 0xff, 0xfe, 0x0, 0x0, 0x0, 0x0,
    0x0, 0x7f, 0xff, 0xff, 0xf0, 0x0, 0x0, 0x0,
    0x0, 0x1, 0xff, 0xff, 0xff, 0x80, 0x0, 0x0,
    0x0, 0x0, 0xf, 0xff, 0xff, 0xfe, 0x0, 0x0,
    0x0, 0x0, 0x0, 0x7f, 0xff, 0xff, 0xf0, 0x0,
    0x0, 0x0, 0x0, 0x1, 0xff, 0xff, 0xff, 0x80,
    0x0, 0x0, 0x0, 0x0, 0xf, 0xff, 0xff, 0xfe,
    0x0, 0x0, 0x0, 0x0, 0x0, 0x7f, 0xff, 0xff,
    0xf0, 0x0, 0x0, 0x0, 0x0, 0x1, 0xff, 0xff,
    0xff, 0x80, 0x0, 0x0, 0x0, 0x0, 0xf, 0xff,
    0xff, 0xfe, 0x0, 0x0, 0x0, 0x0, 0x0, 0x7f,
    0xff, 0xff, 0xf0, 0x0, 0x0, 0x0, 0x0, 0x1,
    0xff, 0xff, 0xff, 0x80, 0x0, 0x0, 0x0, 0x0,
    0xf, 0xff, 0xff, 0xfe, 0x0, 0x0, 0x0, 0x0,
    0x0, 0x3f, 0xff, 0xff, 0xf0, 0x0, 0x0, 0x0,
    0x0, 0x1, 0xff, 0xff, 0xff, 0x80, 0x0, 0x0,
    0x0, 0x0, 0xf, 0xff, 0xff, 0xfe, 0x0, 0x0,
    0x0, 0x0, 0x0, 0x3f, 0xff, 0xff, 0xf0, 0x0,
    0x0, 0x0, 0x0, 0x1, 0xff, 0xff, 0xff, 0x80,
    0x0, 0x0, 0x0, 0x0, 0xf, 0xff, 0xff, 0xfe,
    0x0, 0x0, 0x0, 0x0, 0x0, 0x3f, 0xff, 0xff,
    0xf0, 0x0, 0x0, 0x0, 0x0, 0x1, 0xff, 0xff,
    0xff, 0x80, 0x0, 0x0, 0x0, 0x0, 0xf, 0xff,
    0xff, 0xfe, 0x0, 0x0, 0x0, 0x0, 0x0, 0x3f,
    0xff, 0xff, 0xf0, 0x0, 0x0, 0x0, 0x0, 0x1,
    0xff, 0xff, 0xff, 0x80, 0x0, 0x0, 0x0, 0x0,
    0xf, 0xff, 0xff, 0xfe, 0x0, 0x0, 0x0, 0x0,
    0x0, 0x3f, 0xff, 0xff, 0xf0, 0x0, 0x0, 0x0,
    0x0, 0x1, 0xff, 0xff, 0xff, 0x80, 0x0, 0x0,
    0x0, 0x0, 0x7, 0xff, 0xff, 0xfe, 0x0, 0x0,
    0x0, 0x0, 0x0, 0x1f, 0xff, 0xff, 0xf0, 0x0,
    0x0, 0x0, 0x0, 0x0, 0x3f, 0xff, 0xff, 0x80,
    0x0, 0x0, 0x0, 0x0, 0x0,

    /* U+0038 "8" */
    0x0, 0x0, 0x0, 0xff, 0xff, 0xff, 0xff, 0xff,
    0xe0, 0x0, 0x0, 0x0, 0xf, 0xff, 0xff, 0xff,
    0xff, 0xff, 0xf8, 0x0, 0x0, 0x0, 0x7f, 0xff,
    0xff, 0xff, 0xff, 0xff, 0xfc, 0x0, 0x0, 0x3,
    0xff, 0xff, 0xff, 0xff, 0xff, 0xff, 0xfc, 0x0,
    0x0, 0xf, 0xff, 0xff, 0xff, 0xff, 0xff, 0xff,
    0xfc, 0x0, 0x0, 0x3f, 0xff, 0xff, 0xff, 0xff,
    0xff, 0xff, 0xfc, 0x0, 0x0, 0xff, 0xff, 0xff,
    0xff, 0xff, 0xff, 0xff, 0xfc, 0x0, 0x3, 0xff,
    0xff, 0xff, 0xff, 0xff, 0xff, 0xff, 0xf8, 0x0,
    0xf, 0xff, 0xff, 0xff, 0xff, 0xff, 0xff, 0xff,
    0xf8, 0x0, 0x3f, 0xff, 0xff, 0xff, 0xff, 0xff,
    0xff, 0xff, 0xf0, 0x0, 0x7f, 0xff, 0xff, 0xff,
    0xff, 0xff, 0xff, 0xff, 0xf0, 0x1, 0xff, 0xff,
    0xff, 0xff, 0xff, 0xff, 0xff, 0xff, 0xe0, 0x3,
    0xff, 0xff, 0xff, 0xff, 0xff, 0xff, 0xff, 0xff,
    0xc0, 0xf, 0xff, 0xff, 0xff, 0xff, 0xff, 0xff,
    0xff, 0xff, 0x80, 0x1f, 0xff, 0xff, 0xff, 0xff,
    0xff, 0xff, 0xff, 0xff, 0x0, 0x7f, 0xff, 0xff,
    0xff, 0xff, 0xff, 0xff, 0xff, 0xfe, 0x0, 0xff,
    0xff, 0xff, 0xff, 0xff, 0xff, 0xff, 0xff, 0xfc,
    0x1, 0xff, 0xff, 0xfc, 0x0, 0x0, 0x3, 0xff,
    0xff, 0xf8, 0x3, 0xff, 0xff, 0xf0, 0x0, 0x0,
    0x3, 0xff, 0xff, 0xf0, 0x7, 0xff, 0xff, 0xc0,
    0x0, 0x0, 0x7, 0xff, 0xff, 0xc0, 0xf, 0xff,
    0xff, 0x80, 0x0, 0x0, 0xf, 0xff, 0xff, 0x80,
    0x3f, 0xff, 0xff, 0x0, 0x0, 0x0, 0x1f, 0xff,
    0xff, 0x0, 0x7f, 0xff, 0xfe, 0x0, 0x0, 0x0,
    0x3f, 0xff, 0xfe, 0x0, 0xff, 0xff, 0xf8, 0x0,
    0x0, 0x0, 0x7f, 0xff, 0xfc, 0x1, 0xff, 0xff,
    0xf0, 0x0, 0x0, 0x1, 0xff, 0xff, 0xf8, 0x3,
    0xff, 0xff, 0xf0, 0x0, 0x0, 0x3, 0xff, 0xff,
    0xe0, 0x7, 0xff, 0xff, 0xf0, 0x0, 0x0, 0x1f,
    0xff, 0xff, 0xc0, 0xf, 0xff, 0xff, 0xff, 0xff,
    0xff, 0xff, 0xff, 0xff, 0x80, 0x1f, 0xff, 0xff,
    0xff, 0xff, 0xff, 0xff, 0xff, 0xfe, 0x0, 0x3f,
    0xff, 0xff, 0xff, 0xff, 0xff, 0xff, 0xff, 0xfc,
    0x0, 0x7f, 0xff, 0xff, 0xff, 0xff, 0xff, 0xff,
    0xff, 0xf0, 0x0, 0xff, 0xff, 0xff, 0xff, 0xff,
    0xff, 0xff, 0xff, 0xe0, 0x0, 0xff, 0xff, 0xff,
    0xff, 0xff, 0xff, 0xff, 0xff, 0x80, 0x1, 0xff,
    0xff, 0xff, 0xff, 0xff, 0xff, 0xff, 0xfe, 0x0,
    0x3, 0xff, 0xff, 0xff, 0xff, 0xff, 0xff, 0xff,
    0xfc, 0x0, 0xf, 0xff, 0xff, 0xff, 0xff, 0xff,
    0xff, 0xff, 0xfc, 0x0, 0x3f, 0xff, 0xff, 0xff,
    0xff, 0xff, 0xff, 0xff, 0xf8, 0x0, 0xff, 0xff,
    0xff, 0xff, 0xff, 0xff, 0xff, 0xff, 0xf8, 0x1,
    0xff, 0xff, 0xff, 0xff, 0xff, 0xff, 0xff, 0xff,
    0xf0, 0x7, 0xff, 0xff, 0xff, 0xff, 0xff, 0xff,
    0xff, 0xff, 0xe0, 0x1f, 0xff, 0xff, 0xff, 0xff,
    0xff, 0xff, 0xff, 0xff, 0xc0, 0x3f, 0xff, 0xff,
    0xff, 0xff, 0xff, 0xff, 0xff, 0xff, 0x80, 0xff,
    0xff, 0xff, 0xff, 0xff, 0xff, 0xff, 0xff, 0xff,
    0x1, 0xff, 0xff, 0xfc, 0x0, 0x0, 0x0, 0x7f,
    0xff, 0xfe, 0x3, 0xff, 0xff, 0xf0, 0x0, 0x0,
    0x0, 0x7f, 0xff, 0xfc, 0xf, 0xff, 0xff, 0xc0,
    0x0, 0x0, 0x0, 0xff, 0xff, 0xf8, 0x1f, 0xff,
    0xff, 0x80, 0x0, 0x0, 0x1, 0xff, 0xff, 0xf0,
    0x3f, 0xff, 0xff, 0x0, 0x0, 0x0, 0x3, 0xff,
    0xff, 0xe0, 0x7f, 0xff, 0xfc, 0x0, 0x0, 0x0,
    0x7, 0xff, 0xff, 0xc0, 0xff, 0xff, 0xf8, 0x0,
    0x0, 0x0, 0xf, 0xff, 0xff, 0x81, 0xff, 0xff,
    0xf0, 0x0, 0x0, 0x0, 0x3f, 0xff, 0xfe, 0x7,
    0xff, 0xff, 0xf0, 0x0, 0x0, 0x0, 0x7f, 0xff,
    0xfc, 0xf, 0xff, 0xff, 0xf0, 0x0, 0x0, 0x3,
    0xff, 0xff, 0xf8, 0x1f, 0xff, 0xff, 0xff, 0xff,
    0xff, 0xff, 0xff, 0xff, 0xf0, 0x3f, 0xff, 0xff,
    0xff, 0xff, 0xff, 0xff, 0xff, 0xff, 0xe0, 0x7f,
    0xff, 0xff, 0xff, 0xff, 0xff, 0xff, 0xff, 0xff,
    0x80, 0xff, 0xff, 0xff, 0xff, 0xff, 0xff, 0xff,
    0xff, 0xff, 0x1, 0xff, 0xff, 0xff, 0xff, 0xff,
    0xff, 0xff, 0xff, 0xfc, 0x3, 0xff, 0xff, 0xff,
    0xff, 0xff, 0xff, 0xff, 0xff, 0xf8, 0x3, 0xff,
    0xff, 0xff, 0xff, 0xff, 0xff, 0xff, 0xff, 0xe0,
    0x7, 0xff, 0xff, 0xff, 0xff, 0xff, 0xff, 0xff,
    0xff, 0x80, 0xf, 0xff, 0xff, 0xff, 0xff, 0xff,
    0xff, 0xff, 0xff, 0x0, 0xf, 0xff, 0xff, 0xff,
    0xff, 0xff, 0xff, 0xff, 0xfc, 0x0, 0x1f, 0xff,
    0xff, 0xff, 0xff, 0xff, 0xff, 0xff, 0xf0, 0x0,
    0x1f, 0xff, 0xff, 0xff, 0xff, 0xff, 0xff, 0xff,
    0xc0, 0x0, 0x1f, 0xff, 0xff, 0xff, 0xff, 0xff,
    0xff, 0xff, 0x0, 0x0, 0x1f, 0xff, 0xff, 0xff,
    0xff, 0xff, 0xff, 0xf8, 0x0, 0x0, 0xf, 0xff,
    0xff, 0xff, 0xff, 0xff, 0xff, 0xc0, 0x0, 0x0,
    0xf, 0xff, 0xff, 0xff, 0xff, 0xff, 0xfe, 0x0,
    0x0, 0x0, 0x3, 0xff, 0xff, 0xff, 0xff, 0xff,
    0xe0, 0x0, 0x0, 0x0,

    /* U+0039 "9" */
    0x0, 0x0, 0x1, 0xff, 0xff, 0xff, 0xff, 0xff,
    0xe0, 0x0, 0x0, 0x0, 0xf, 0xff, 0xff, 0xff,
    0xff, 0xff, 0xfc, 0x0, 0x0, 0x0, 0x7f, 0xff,
    0xff, 0xff, 0xff, 0xff, 0xff, 0x0, 0x0, 0x0,
    0xff, 0xff, 0xff, 0xff, 0xff, 0xff, 0xff, 0x80,
    0x0, 0x3, 0xff, 0xff, 0xff, 0xff, 0xff, 0xff,
    0xff, 0xc0, 0x0, 0x7, 0xff, 0xff, 0xff, 0xff,
    0xff, 0xff, 0xff, 0xe0, 0x0, 0xf, 0xff, 0xff,
    0xff, 0xff, 0xff, 0xff, 0xff, 0xf0, 0x0, 0x1f,
    0xff, 0xff, 0xff, 0xff, 0xff, 0xff, 0xff, 0xf8,
    0x0, 0x3f, 0xff, 0xff, 0xff, 0xff, 0xff, 0xff,
    0xff, 0xf8, 0x0, 0x7f, 0xff, 0xff, 0xff, 0xff,
    0xff, 0xff, 0xff, 0xfc, 0x0, 0xff, 0xff, 0xff,
    0xff, 0xff, 0xff, 0xff, 0xff, 0xfc, 0x0, 0xff,
    0xff, 0xff, 0xff, 0xff, 0xff, 0xff, 0xff, 0xfc,
    0x1, 0xff, 0xff, 0xff, 0xff, 0xff, 0xff, 0xff,
    0xff, 0xfc, 0x1, 0xff, 0xff, 0xff, 0xff, 0xff,
    0xff, 0xff, 0xff, 0xfc, 0x3, 0xff, 0xff, 0xff,
    0xff, 0xff, 0xff, 0xff, 0xff, 0xfc, 0x3, 0xff,
    0xff, 0xff, 0xff, 0xff, 0xff, 0xff, 0xff, 0xfc,
    0x3, 0xff, 0xff, 0xff, 0xff, 0xff, 0xff, 0xff,
    0xff, 0xfc, 0x7, 0xff, 0xff, 0xe0, 0x0, 0x0,
    0x0, 0x7f, 0xff, 0xfc, 0x7, 0xff, 0xff, 0xc0,
    0x0, 0x0, 0x0, 0x7f, 0xff, 0xfc, 0x7, 0xff,
    0xff, 0x80, 0x0, 0x0, 0x0, 0x3f, 0xff, 0xfc,
    0x7, 0xff, 0xff, 0x80, 0x0, 0x0, 0x0, 0x7f,
    0xff, 0xfc, 0x7, 0xff, 0xff, 0x80, 0x0, 0x0,
    0x0, 0x7f, 0xff, 0xfc, 0x7, 0xff, 0xff, 0x80,
    0x0, 0x0, 0x0, 0x7f, 0xff, 0xf8, 0xf, 0xff,
    0xff, 0x80, 0x0, 0x0, 0x0, 0x7f, 0xff, 0xf8,
    0xf, 0xff, 0xff, 0x0, 0x0, 0x0, 0x0, 0x7f,
    0xff, 0xf8, 0xf, 0xff, 0xff, 0x0, 0x0, 0x0,
    0x0, 0xff, 0xff, 0xf8, 0xf, 0xff, 0xff, 0x80,
    0x0, 0x0, 0x1, 0xff, 0xff, 0xf8, 0xf, 0xff,
    0xff, 0xff, 0xff, 0xff, 0xff, 0xff, 0xff, 0xf8,
    0xf, 0xff, 0xff, 0xff, 0xff, 0xff, 0xff, 0xff,
    0xff, 0xf0, 0xf, 0xff, 0xff, 0xff, 0xff, 0xff,
    0xff, 0xff, 0xff, 0xf0, 0xf, 0xff, 0xff, 0xff,
    0xff, 0xff, 0xff, 0xff, 0xff, 0xf0, 0xf, 0xff,
    0xff, 0xff, 0xff, 0xff, 0xff, 0xff, 0xff, 0xf0,
    0xf, 0xff, 0xff, 0xff, 0xff, 0xff, 0xff, 0xff,
    0xff, 0xf0, 0xf, 0xff, 0xff, 0xff, 0xff, 0xff,
    0xff, 0xff, 0xff, 0xe0, 0x7, 0xff, 0xff, 0xff,
    0xff, 0xff, 0xff, 0xff, 0xff, 0xe0, 0x7, 0xff,
    0xff, 0xff, 0xff, 0xff, 0xff, 0xff, 0xff, 0xe0,
    0x3, 0xff, 0xff, 0xff, 0xff, 0xff, 0xff, 0xff,
    0xff, 0xe0, 0x3, 0xff, 0xff, 0xff, 0xff, 0xff,
    0xff, 0xff, 0xff, 0xe0, 0x1, 0xff, 0xff, 0xff,
    0xff, 0xff, 0xff, 0xff, 0xff, 0xe0, 0x0, 0xff,
    0xff, 0xff, 0xff, 0xff, 0xff, 0xff, 0xff, 0xc0,
    0x0, 0x7f, 0xff, 0xff, 0xff, 0xff, 0xff, 0xff,
    0xff, 0xc0, 0x0, 0x3f, 0xff, 0xff, 0xff, 0xff,
    0xff, 0xff, 0xff, 0xc0, 0x0, 0xf, 0xff, 0xff,
    0xff, 0xff, 0xff, 0xff, 0xff, 0xc0, 0x0, 0x1,
    0xff, 0xff, 0xff, 0xff, 0xff, 0xff, 0xff, 0xc0,
    0x0, 0x0, 0x0, 0x0, 0x0, 0x0, 0xf, 0xff,
    0xff, 0xc0, 0x0, 0x0, 0x0, 0x0, 0x0, 0x0,
    0x7, 0xff, 0xff, 0x80, 0x0, 0x0, 0x0, 0x0,
    0x0, 0x0, 0x7, 0xff, 0xff, 0x80, 0x0, 0x0,
    0x0, 0x0, 0x0, 0x0, 0x7, 0xff, 0xff, 0x80,
    0x0, 0x0, 0x0, 0x0, 0x0, 0x0, 0x7, 0xff,
    0xff, 0x80, 0x0, 0x0, 0x0, 0x0, 0x0, 0x0,
    0x7, 0xff, 0xff, 0x80, 0x0, 0x0, 0x0, 0x0,
    0x0, 0x0, 0xf, 0xff, 0xff, 0x0, 0x0, 0x0,
    0x0, 0x0, 0x0, 0x0, 0xf, 0xff, 0xff, 0x0,
    0x0, 0x0, 0x0, 0x0, 0x0, 0x0, 0x1f, 0xff,
    0xff, 0x0, 0xf, 0xff, 0xff, 0xff, 0xff, 0xff,
    0xff, 0xff, 0xff, 0x0, 0x1f, 0xff, 0xff, 0xff,
    0xff, 0xff, 0xff, 0xff, 0xfe, 0x0, 0x3f, 0xff,
    0xff, 0xff, 0xff, 0xff, 0xff, 0xff, 0xfe, 0x0,
    0x3f, 0xff, 0xff, 0xff, 0xff, 0xff, 0xff, 0xff,
    0xfe, 0x0, 0x3f, 0xff, 0xff, 0xff, 0xff, 0xff,
    0xff, 0xff, 0xfc, 0x0, 0x3f, 0xff, 0xff, 0xff,
    0xff, 0xff, 0xff, 0xff, 0xfc, 0x0, 0x7f, 0xff,
    0xff, 0xff, 0xff, 0xff, 0xff, 0xff, 0xf8, 0x0,
    0x7f, 0xff, 0xff, 0xff, 0xff, 0xff, 0xff, 0xff,
    0xf0, 0x0, 0x7f, 0xff, 0xff, 0xff, 0xff, 0xff,
    0xff, 0xff, 0xf0, 0x0, 0x7f, 0xff, 0xff, 0xff,
    0xff, 0xff, 0xff, 0xff, 0xe0, 0x0, 0x7f, 0xff,
    0xff, 0xff, 0xff, 0xff, 0xff, 0xff, 0xc0, 0x0,
    0xff, 0xff, 0xff, 0xff, 0xff, 0xff, 0xff, 0xff,
    0x80, 0x0, 0xff, 0xff, 0xff, 0xff, 0xff, 0xff,
    0xff, 0xfe, 0x0, 0x0, 0xff, 0xff, 0xff, 0xff,
    0xff, 0xff, 0xff, 0xfc, 0x0, 0x0, 0xff, 0xff,
    0xff, 0xff, 0xff, 0xff, 0xff, 0xf0, 0x0, 0x0,
    0xff, 0xff, 0xff, 0xff, 0xff, 0xff, 0xff, 0xc0,
    0x0, 0x0, 0x7f, 0xff, 0xff, 0xff, 0xff, 0xff,
    0xfe, 0x0, 0x0, 0x0,

    /* U+003A ":" */
    0x0, 0x1f, 0xff, 0xc0, 0x7, 0xff, 0xfc, 0x1,
    0xff, 0xff, 0x80, 0x3f, 0xff, 0xf0, 0xf, 0xff,
    0xfe, 0x1, 0xff, 0xff, 0xc0, 0x3f, 0xff, 0xf0,
    0x7, 0xff, 0xfe, 0x0, 0xff, 0xff, 0xc0, 0x3f,
    0xff, 0xf8, 0x7, 0xff, 0xff, 0x0, 0xff, 0xff,
    0xe0, 0x1f, 0xff, 0xf8, 0x3, 0xff, 0xff, 0x0,
    0x7f, 0xff, 0xe0, 0xf, 0xff, 0xf8, 0x0, 0xff,
    0xfe, 0x0, 0x0, 0x0, 0x0, 0x0, 0x0, 0x0,
    0x0, 0x0, 0x0, 0x0, 0x0, 0x0, 0x0, 0x0,
    0x0, 0x0, 0x0, 0x0, 0x0, 0x0, 0x0, 0x0,
    0x0, 0x0, 0x0, 0x0, 0x0, 0x0, 0x0, 0x0,
    0x0, 0x0, 0x0, 0x0, 0x0, 0x0, 0x0, 0x0,
    0x0, 0x0, 0x0, 0x0, 0x0, 0x0, 0x0, 0x0,
    0x0, 0x0, 0x0, 0x0, 0x0, 0x0, 0x0, 0x0,
    0x0, 0x0, 0x0, 0x0, 0x0, 0x0, 0x3, 0xff,
    0xf8, 0x1, 0xff, 0xff, 0x80, 0x3f, 0xff, 0xf0,
    0xf, 0xff, 0xfe, 0x1, 0xff, 0xff, 0xc0, 0x3f,
    0xff, 0xf8, 0x7, 0xff, 0xfe, 0x0, 0xff, 0xff,
    0xc0, 0x3f, 0xff, 0xf8, 0x7, 0xff, 0xff, 0x0,
    0xff, 0xff, 0xe0, 0x1f, 0xff, 0xf8, 0x3, 0xff,
    0xff, 0x0, 0x7f, 0xff, 0xe0, 0x1f, 0xff, 0xfc,
    0x1, 0xff, 0xff, 0x0, 0x1f, 0xff, 0xc0, 0x0,

    /* U+003B ";" */
    0x0, 0xf, 0xff, 0xe0, 0x0, 0xff, 0xff, 0x80,
    0xf, 0xff, 0xfc, 0x0, 0x7f, 0xff, 0xe0, 0x3,
    0xff, 0xff, 0x0, 0x3f, 0xff, 0xf8, 0x1, 0xff,
    0xff, 0xc0, 0xf, 0xff, 0xfe, 0x0, 0x7f, 0xff,
    0xe0, 0x3, 0xff, 0xff, 0x0, 0x1f, 0xff, 0xf8,
    0x1, 0xff, 0xff, 0xc0, 0xf, 0xff, 0xfe, 0x0,
    0x7f, 0xff, 0xe0, 0x3, 0xff, 0xff, 0x0, 0x1f,
    0xff, 0xf0, 0x0, 0x7f, 0xff, 0x0, 0x0, 0x0,
    0x0, 0x0, 0x0, 0x0, 0x0, 0x0, 0x0, 0x0,
    0x0, 0x0, 0x0, 0x0, 0x0, 0x0, 0x0, 0x0,
    0x0, 0x0, 0x0, 0x0, 0x0, 0x0, 0x0, 0x0,
    0x0, 0x0, 0x0, 0x0, 0x0, 0x0, 0x0, 0x0,
    0x0, 0x0, 0x0, 0x0, 0x0, 0x0, 0x0, 0x0,
    0x0, 0x0, 0x0, 0x0, 0x0, 0x0, 0x0, 0x0,
    0x0, 0x0, 0x0, 0x0, 0x0, 0x0, 0x0, 0x0,
    0x0, 0x0, 0x0, 0x0, 0x0, 0x0, 0x0, 0x7,
    0xff, 0xc0, 0x0, 0x7f, 0xff, 0x0, 0x7, 0xff,
    0xfc, 0x0, 0x3f, 0xff, 0xe0, 0x3, 0xff, 0xff,
    0x0, 0x1f, 0xff, 0xf0, 0x0, 0xff, 0xff, 0x80,
    0x7, 0xff, 0xfc, 0x0, 0x3f, 0xff, 0xc0, 0x1,
    0xff, 0xfe, 0x0, 0x1f, 0xff, 0xe0, 0x0, 0xff,
    0xff, 0x0, 0x7, 0xff, 0xf0, 0x0, 0x3f, 0xff,
    0x80, 0x1, 0xff, 0xfc, 0x0, 0x1f, 0xff, 0xc0,
    0x0, 0xff, 0xfe, 0x0, 0x7, 0xff, 0xe0, 0x0,
    0x3f, 0xff, 0x0, 0x1, 0xff, 0xf8, 0x0, 0xf,
    0xff, 0x80, 0x0, 0xff, 0xfc, 0x0, 0x7, 0xff,
    0xc0, 0x0, 0x3f, 0xfe, 0x0, 0x1, 0xff, 0xe0,
    0x0, 0x7, 0xfe, 0x0, 0x0, 0x0,

    /* U+003C "<" */
    0x0, 0x0, 0x0, 0x0, 0x0, 0x0, 0x0, 0x0,
    0x0, 0x0, 0x0, 0x0, 0x0, 0x0, 0x38, 0x0,
    0x0, 0x0, 0x0, 0x0, 0x0, 0x1f, 0x80, 0x0,
    0x0, 0x0, 0x0, 0x0, 0xf, 0xf0, 0x0, 0x0,
    0x0, 0x0, 0x0, 0x7, 0xfe, 0x0, 0x0, 0x0,
    0x0, 0x0, 0x7, 0xff, 0x80, 0x0, 0x0, 0x0,
    0x0, 0x3, 0xff, 0xf0, 0x0, 0x0, 0x0, 0x0,
    0x1, 0xff, 0xfe, 0x0, 0x0, 0x0, 0x0, 0x0,
    0xff, 0xff, 0xc0, 0x0, 0x0, 0x0, 0x0, 0x7f,
    0xff, 0xf8, 0x0, 0x0, 0x0, 0x0, 0x3f, 0xff,
    0xff, 0x0, 0x0, 0x0, 0x0, 0x1f, 0xff, 0xff,
    0xc0, 0x0, 0x0, 0x0, 0xf, 0xff, 0xff, 0xf8,
    0x0, 0x0, 0x0, 0xf, 0xff, 0xff, 0xff, 0x0,
    0x0, 0x0, 0x7, 0xff, 0xff, 0xff, 0xe0, 0x0,
    0x0, 0x3, 0xff, 0xff, 0xff, 0xfc, 0x0, 0x0,
    0x1, 0xff, 0xff, 0xff, 0xff, 0x0, 0x0, 0x0,
    0xff, 0xff, 0xff, 0xff, 0xe0, 0x0, 0x0, 0x7f,
    0xff, 0xff, 0xff, 0xfc, 0x0, 0x0, 0x3f, 0xff,
    0xff, 0xff, 0xff, 0x80, 0x0, 0x3f, 0xff, 0xff,
    0xff, 0xff, 0xe0, 0x0, 0x1f, 0xff, 0xff, 0xff,
    0xff, 0xfc, 0x0, 0xf, 0xff, 0xff, 0xff, 0xff,
    0xff, 0x0, 0x7, 0xff, 0xff, 0xff, 0xff, 0xff,
    0x80, 0x3, 0xff, 0xff, 0xff, 0xff, 0xff, 0x80,
    0x1, 0xff, 0xff, 0xff, 0xff, 0xff, 0xc0, 0x0,
    0xff, 0xff, 0xff, 0xff, 0xff, 0xe0, 0x0, 0x3f,
    0xff, 0xff, 0xff, 0xff, 0xf0, 0x0, 0x7, 0xff,
    0xff, 0xff, 0xff, 0xf8, 0x0, 0x0, 0xff, 0xff,
    0xff, 0xff, 0xfc, 0x0, 0x0, 0x1f, 0xff, 0xff,
    0xff, 0xfe, 0x0, 0x0, 0x3, 0xff, 0xff, 0xff,
    0xff, 0xc0, 0x0, 0x0, 0x1f, 0xff, 0xff, 0xff,
    0xfe, 0x0, 0x0, 0x0, 0xff, 0xff, 0xff, 0xff,
    0xf0, 0x0, 0x0, 0xf, 0xff, 0xff, 0xff, 0xff,
    0x80, 0x0, 0x0, 0x7f, 0xff, 0xff, 0xff, 0xf8,
    0x0, 0x0, 0x3, 0xff, 0xff, 0xff, 0xff, 0xc0,
    0x0, 0x0, 0x1f, 0xff, 0xff, 0xff, 0xfe, 0x0,
    0x0, 0x1, 0xff, 0xff, 0xff, 0xff, 0xf0, 0x0,
    0x0, 0xf, 0xff, 0xff, 0xff, 0xff, 0x0, 0x0,
    0x0, 0x7f, 0xff, 0xff, 0xff, 0xf0, 0x0, 0x0,
    0x3, 0xff, 0xff, 0xff, 0xfe, 0x0, 0x0, 0x0,
    0x3f, 0xff, 0xff, 0xff, 0xc0, 0x0, 0x0, 0x1,
    0xff, 0xff, 0xff, 0xf8, 0x0, 0x0, 0x0, 0xf,
    0xff, 0xff, 0xff, 0x0, 0x0, 0x0, 0x0, 0x7f,
    0xff, 0xff, 0xc0, 0x0, 0x0, 0x0, 0x3, 0xff,
    0xff, 0xf8, 0x0, 0x0, 0x0, 0x0, 0x3f, 0xff,
    0xff, 0x0, 0x0, 0x0, 0x0, 0x1, 0xff, 0xff,
    0xe0, 0x0, 0x0, 0x0, 0x0, 0xf, 0xff, 0xfc,
    0x0, 0x0, 0x0, 0x0, 0x0, 0x7f, 0xff, 0x0,
    0x0, 0x0, 0x0, 0x0, 0x7, 0xff, 0xe0, 0x0,
    0x0, 0x0, 0x0, 0x0, 0x3f, 0xfc, 0x0, 0x0,
    0x0, 0x0, 0x0, 0x1, 0xff, 0x80, 0x0, 0x0,
    0x0, 0x0, 0x0, 0xf, 0xf0, 0x0, 0x0, 0x0,
    0x0, 0x0, 0x0, 0x7e, 0x0, 0x0, 0x0, 0x0,
    0x0, 0x0, 0x7, 0x80, 0x0, 0x0, 0x0, 0x0,
    0x0, 0x0, 0x0, 0x0,

    /* U+003D "=" */
    0x0, 0x7f, 0xff, 0xff, 0xff, 0xfe, 0x0, 0x7f,
    0xff, 0xff, 0xff, 0xff, 0x80, 0x7f, 0xff, 0xff,
    0xff, 0xff, 0xc0, 0x3f, 0xff, 0xff, 0xff, 0xff,
    0xe0, 0x3f, 0xff, 0xff, 0xff, 0xff, 0xf0, 0x1f,
    0xff, 0xff, 0xff, 0xff, 0xf8, 0xf, 0xff, 0xff,
    0xff, 0xff, 0xfc, 0x7, 0xff, 0xff, 0xff, 0xff,
    0xfc, 0x3, 0xff, 0xff, 0xff, 0xff, 0xfe, 0x3,
    0xff, 0xff, 0xff, 0xff, 0xff, 0x1, 0xff, 0xff,
    0xff, 0xff, 0xff, 0x80, 0xff, 0xff, 0xff, 0xff,
    0xff, 0xc0, 0x7f, 0xff, 0xff, 0xff, 0xff, 0xe0,
    0x3f, 0xff, 0xff, 0xff, 0xff, 0xe0, 0x1f, 0xff,
    0xff, 0xff, 0xff, 0xf0, 0xf, 0xff, 0xff, 0xff,
    0xff, 0xf0, 0x3, 0xff, 0xff, 0xff, 0xff, 0xf0,
    0x0, 0x0, 0x0, 0x0, 0x0, 0x0, 0x0, 0x0,
    0x0, 0x0, 0x0, 0x0, 0x0, 0x0, 0x0, 0x0,
    0x0, 0x0, 0x0, 0x0, 0x0, 0x0, 0x0, 0x0,
    0x0, 0x0, 0x0, 0x0, 0x0, 0x0, 0x0, 0x0,
    0x0, 0x0, 0x0, 0x0, 0x0, 0x0, 0x0, 0x0,
    0x0, 0x0, 0x0, 0x0, 0x0, 0x0, 0x0, 0x0,
    0x0, 0x0, 0x0, 0x0, 0x0, 0x0, 0x0, 0x0,
    0x0, 0x0, 0x0, 0x0, 0x0, 0x0, 0x0, 0x0,
    0x0, 0x0, 0x0, 0x0, 0x7f, 0xff, 0xff, 0xff,
    0xfe, 0x0, 0x7f, 0xff, 0xff, 0xff, 0xff, 0x80,
    0x7f, 0xff, 0xff, 0xff, 0xff, 0xc0, 0x3f, 0xff,
    0xff, 0xff, 0xff, 0xe0, 0x3f, 0xff, 0xff, 0xff,
    0xff, 0xf0, 0x1f, 0xff, 0xff, 0xff, 0xff, 0xf8,
    0xf, 0xff, 0xff, 0xff, 0xff, 0xfc, 0x7, 0xff,
    0xff, 0xff, 0xff, 0xfc, 0x3, 0xff, 0xff, 0xff,
    0xff, 0xfe, 0x3, 0xff, 0xff, 0xff, 0xff, 0xff,
    0x1, 0xff, 0xff, 0xff, 0xff, 0xff, 0x80, 0xff,
    0xff, 0xff, 0xff, 0xff, 0xc0, 0x7f, 0xff, 0xff,
    0xff, 0xff, 0xe0, 0x3f, 0xff, 0xff, 0xff, 0xff,
    0xe0, 0x1f, 0xff, 0xff, 0xff, 0xff, 0xf0, 0xf,
    0xff, 0xff, 0xff, 0xff, 0xf0, 0x3, 0xff, 0xff,
    0xff, 0xff, 0xf0, 0x0,

    /* U+003E ">" */
    0x0, 0x30, 0x0, 0x0, 0x0, 0x0, 0x0, 0x0,
    0xf, 0x80, 0x0, 0x0, 0x0, 0x0, 0x0, 0x1,
    0xfc, 0x0, 0x0, 0x0, 0x0, 0x0, 0x0, 0x3f,
    0xe0, 0x0, 0x0, 0x0, 0x0, 0x0, 0x7, 0xfe,
    0x0, 0x0, 0x0, 0x0, 0x0, 0x0, 0xff, 0xf0,
    0x0, 0x0, 0x0, 0x0, 0x0, 0x1f, 0xff, 0x80,
    0x0, 0x0, 0x0, 0x0, 0x7, 0xff, 0xfc, 0x0,
    0x0, 0x0, 0x0, 0x0, 0xff, 0xff, 0xe0, 0x0,
    0x0, 0x0, 0x0, 0x1f, 0xff, 0xfe, 0x0, 0x0,
    0x0, 0x0, 0x3, 0xff, 0xff, 0xf0, 0x0, 0x0,
    0x0, 0x0, 0x7f, 0xff, 0xff, 0x80, 0x0, 0x0,
    0x0, 0x1f, 0xff, 0xff, 0xfc, 0x0, 0x0, 0x0,
    0x3, 0xff, 0xff, 0xff, 0xe0, 0x0, 0x0, 0x0,
    0x7f, 0xff, 0xff, 0xfe, 0x0, 0x0, 0x0, 0xf,
    0xff, 0xff, 0xff, 0xf0, 0x0, 0x0, 0x1, 0xff,
    0xff, 0xff, 0xff, 0x80, 0x0, 0x0, 0x1f, 0xff,
    0xff, 0xff, 0xfc, 0x0, 0x0, 0x3, 0xff, 0xff,
    0xff, 0xff, 0xe0, 0x0, 0x0, 0x1f, 0xff, 0xff,
    0xff, 0xfe, 0x0, 0x0, 0x0, 0xff, 0xff, 0xff,
    0xff, 0xf0, 0x0, 0x0, 0x7, 0xff, 0xff, 0xff,
    0xff, 0x80, 0x0, 0x0, 0x7f, 0xff, 0xff, 0xff,
    0xfc, 0x0, 0x0, 0x3, 0xff, 0xff, 0xff, 0xff,
    0xc0, 0x0, 0x0, 0x1f, 0xff, 0xff, 0xff, 0xfe,
    0x0, 0x0, 0x0, 0xff, 0xff, 0xff, 0xff, 0xf0,
    0x0, 0x0, 0xf, 0xff, 0xff, 0xff, 0xff, 0x0,
    0x0, 0x3, 0xff, 0xff, 0xff, 0xff, 0xe0, 0x0,
    0x1, 0xff, 0xff, 0xff, 0xff, 0xfc, 0x0, 0x0,
    0xff, 0xff, 0xff, 0xff, 0xff, 0x80, 0x0, 0x7f,
    0xff, 0xff, 0xff, 0xff, 0xf0, 0x0, 0x3f, 0xff,
    0xff, 0xff, 0xff, 0xf8, 0x0, 0x1f, 0xff, 0xff,
    0xff, 0xff, 0xfc, 0x0, 0x1f, 0xff, 0xff, 0xff,
    0xff, 0xfe, 0x0, 0xf, 0xff, 0xff, 0xff, 0xff,
    0xff, 0x0, 0x3, 0xff, 0xff, 0xff, 0xff, 0xff,
    0x80, 0x0, 0xff, 0xff, 0xff, 0xff, 0xff, 0xc0,
    0x0, 0x3f, 0xff, 0xff, 0xff, 0xff, 0xc0, 0x0,
    0x7, 0xff, 0xff, 0xff, 0xff, 0xe0, 0x0, 0x0,
    0xff, 0xff, 0xff, 0xff, 0xf0, 0x0, 0x0, 0x1f,
    0xff, 0xff, 0xff, 0xf8, 0x0, 0x0, 0x7, 0xff,
    0xff, 0xff, 0xfc, 0x0, 0x0, 0x0, 0xff, 0xff,
    0xff, 0xfe, 0x0, 0x0, 0x0, 0x1f, 0xff, 0xff,
    0xff, 0x0, 0x0, 0x0, 0x3, 0xff, 0xff, 0xff,
    0x0, 0x0, 0x0, 0x0, 0x7f, 0xff, 0xff, 0x80,
    0x0, 0x0, 0x0, 0x1f, 0xff, 0xff, 0xc0, 0x0,
    0x0, 0x0, 0x3, 0xff, 0xff, 0xe0, 0x0, 0x0,
    0x0, 0x0, 0x7f, 0xff, 0xf0, 0x0, 0x0, 0x0,
    0x0, 0xf, 0xff, 0xf8, 0x0, 0x0, 0x0, 0x0,
    0x1, 0xff, 0xfc, 0x0, 0x0, 0x0, 0x0, 0x0,
    0x3f, 0xfe, 0x0, 0x0, 0x0, 0x0, 0x0, 0xf,
    0xfe, 0x0, 0x0, 0x0, 0x0, 0x0, 0x1, 0xff,
    0x0, 0x0, 0x0, 0x0, 0x0, 0x0, 0x3f, 0x80,
    0x0, 0x0, 0x0, 0x0, 0x0, 0x3, 0xc0, 0x0,
    0x0, 0x0, 0x0, 0x0, 0x0, 0x0, 0x0, 0x0,
    0x0, 0x0, 0x0, 0x0, 0x0,

    /* U+003F "?" */
    0x7, 0xff, 0xff, 0xff, 0xff, 0xff, 0x80, 0x0,
    0x3f, 0xff, 0xff, 0xff, 0xff, 0xff, 0xc0, 0x1,
    0xff, 0xff, 0xff, 0xff, 0xff, 0xff, 0xc0, 0x7,
    0xff, 0xff, 0xff, 0xff, 0xff, 0xff, 0x80, 0x1f,
    0xff, 0xff, 0xff, 0xff, 0xff, 0xff, 0x0, 0xff,
    0xff, 0xff, 0xff, 0xff, 0xff, 0xfe, 0x3, 0xff,
    0xff, 0xff, 0xff, 0xff, 0xff, 0xfc, 0xf, 0xff,
    0xff, 0xff, 0xff, 0xff, 0xff, 0xf0, 0x3f, 0xff,
    0xff, 0xff, 0xff, 0xff, 0xff, 0xe0, 0xff, 0xff,
    0xff, 0xff, 0xff, 0xff, 0xff, 0x87, 0xff, 0xff,
    0xff, 0xff, 0xff, 0xff, 0xff, 0x1f, 0xff, 0xff,
    0xff, 0xff, 0xff, 0xff, 0xfc, 0x7f, 0xff, 0xff,
    0xff, 0xff, 0xff, 0xff, 0xf1, 0xff, 0xff, 0xff,
    0xff, 0xff, 0xff, 0xff, 0xc7, 0xff, 0xff, 0xff,
    0xff, 0xff, 0xff, 0xff, 0x1f, 0xff, 0xff, 0xff,
    0xff, 0xff, 0xff, 0xfc, 0x3f, 0xff, 0xff, 0xff,
    0xff, 0xff, 0xff, 0xf0, 0x0, 0x0, 0x0, 0x0,
    0x7, 0xff, 0xff, 0xc0, 0x0, 0x0, 0x0, 0x0,
    0x1f, 0xff, 0xff, 0x0, 0x0, 0x0, 0x0, 0x0,
    0x3f, 0xff, 0xfc, 0x0, 0x0, 0x0, 0x0, 0x1,
    0xff, 0xff, 0xf0, 0x0, 0x0, 0x0, 0x0, 0x7,
    0xff, 0xff, 0x80, 0x0, 0x0, 0x0, 0x0, 0x1f,
    0xff, 0xfe, 0x0, 0x0, 0x0, 0x0, 0x0, 0x7f,
    0xff, 0xf8, 0x0, 0x0, 0x0, 0x0, 0x1, 0xff,
    0xff, 0xe0, 0x0, 0x0, 0x0, 0x0, 0xf, 0xff,
    0xff, 0x80, 0x0, 0x0, 0x0, 0x0, 0x7f, 0xff,
    0xfc, 0x0, 0x0, 0x0, 0x3, 0xff, 0xff, 0xff,
    0xf0, 0x0, 0x0, 0x0, 0xff, 0xff, 0xff, 0xff,
    0xc0, 0x0, 0x0, 0xf, 0xff, 0xff, 0xff, 0xfe,
    0x0, 0x0, 0x0, 0xff, 0xff, 0xff, 0xff, 0xf8,
    0x0, 0x0, 0x7, 0xff, 0xff, 0xff, 0xff, 0xc0,
    0x0, 0x0, 0x3f, 0xff, 0xff, 0xff, 0xff, 0x0,
    0x0, 0x3, 0xff, 0xff, 0xff, 0xff, 0xf8, 0x0,
    0x0, 0xf, 0xff, 0xff, 0xff, 0xff, 0xc0, 0x0,
    0x0, 0x7f, 0xff, 0xff, 0xff, 0xfe, 0x0, 0x0,
    0x3, 0xff, 0xff, 0xff, 0xff, 0xf0, 0x0, 0x0,
    0x1f, 0xff, 0xff, 0xff, 0xff, 0x80, 0x0, 0x0,
    0x7f, 0xff, 0xff, 0xff, 0xfc, 0x0, 0x0, 0x3,
    0xff, 0xff, 0xff, 0xff, 0xe0, 0x0, 0x0, 0xf,
    0xff, 0xff, 0xff, 0xfe, 0x0, 0x0, 0x0, 0x1f,
    0xff, 0xff, 0xff, 0xe0, 0x0, 0x0, 0x0, 0x3f,
    0xff, 0xff, 0xf8, 0x0, 0x0, 0x0, 0x0, 0x0,
    0x0, 0x0, 0x0, 0x0, 0x0, 0x0, 0x0, 0x0,
    0x0, 0x0, 0x0, 0x0, 0x0, 0x0, 0x0, 0x0,
    0x0, 0x0, 0x0, 0x0, 0x0, 0x0, 0x0, 0x0,
    0x0, 0x0, 0x0, 0x0, 0x0, 0x0, 0x0, 0x0,
    0x0, 0x0, 0x0, 0x0, 0x0, 0x0, 0x0, 0x0,
    0x0, 0x0, 0x0, 0x0, 0x0, 0x3f, 0xff, 0xe0,
    0x0, 0x0, 0x0, 0x0, 0x1, 0xff, 0xff, 0xc0,
    0x0, 0x0, 0x0, 0x0, 0xf, 0xff, 0xff, 0x0,
    0x0, 0x0, 0x0, 0x0, 0x7f, 0xff, 0xfc, 0x0,
    0x0, 0x0, 0x0, 0x1, 0xff, 0xff, 0xf0, 0x0,
    0x0, 0x0, 0x0, 0x7, 0xff, 0xff, 0xc0, 0x0,
    0x0, 0x0, 0x0, 0x1f, 0xff, 0xff, 0x0, 0x0,
    0x0, 0x0, 0x0, 0x7f, 0xff, 0xfc, 0x0, 0x0,
    0x0, 0x0, 0x1, 0xff, 0xff, 0xf0, 0x0, 0x0,
    0x0, 0x0, 0xf, 0xff, 0xff, 0x80, 0x0, 0x0,
    0x0, 0x0, 0x3f, 0xff, 0xfe, 0x0, 0x0, 0x0,
    0x0, 0x0, 0xff, 0xff, 0xf8, 0x0, 0x0, 0x0,
    0x0, 0x3, 0xff, 0xff, 0xe0, 0x0, 0x0, 0x0,
    0x0, 0xf, 0xff, 0xff, 0x80, 0x0, 0x0, 0x0,
    0x0, 0x3f, 0xff, 0xfe, 0x0, 0x0, 0x0, 0x0,
    0x1, 0xff, 0xff, 0xf0, 0x0, 0x0, 0x0, 0x0,
    0x7, 0xff, 0xff, 0xc0, 0x0, 0x0, 0x0, 0x0,
    0x1f, 0xff, 0xff, 0x0, 0x0, 0x0, 0x0, 0x0,
    0x7f, 0xff, 0xfc, 0x0, 0x0, 0x0, 0x0, 0x1,
    0xff, 0xff, 0xe0, 0x0, 0x0, 0x0, 0x0, 0x1,
    0xff, 0xfe, 0x0, 0x0, 0x0, 0x0, 0x0,

    /* U+0040 "@" */
    0x0, 0x0, 0x1, 0xff, 0xff, 0xff, 0xff, 0xfe,
    0x0, 0x0, 0x0, 0x3, 0xff, 0xff, 0xff, 0xff,
    0xff, 0xf8, 0x0, 0x0, 0x1, 0xff, 0xff, 0xff,
    0xff, 0xff, 0xff, 0x80, 0x0, 0x0, 0x7f, 0xff,
    0xff, 0xff, 0xff, 0xff, 0xfc, 0x0, 0x0, 0x3f,
    0xff, 0xff, 0xff, 0xff, 0xff, 0xff, 0xc0, 0x0,
    0xf, 0xff, 0xff, 0xff, 0xff, 0xff, 0xff, 0xfc,
    0x0, 0x3, 0xff, 0xff, 0xff, 0xff, 0xff, 0xff,
    0xff, 0xc0, 0x0, 0xff, 0xff, 0xff, 0xff, 0xff,
    0xff, 0xff, 0xf8, 0x0, 0x3f, 0xff, 0x0, 0x0,
    0x0, 0x0, 0x7, 0xff, 0x80, 0xf, 0xff, 0x0,
    0x0, 0x0, 0x0, 0x0, 0x3f, 0xf0, 0x1, 0xff,
    0xc0, 0x0, 0x0, 0x0, 0x0, 0x1, 0xff, 0x0,
    0x7f, 0xe0, 0x0, 0x0, 0x0, 0x0, 0x0, 0x3f,
    0xe0, 0xf, 0xf8, 0x0, 0x0, 0x0, 0x0, 0x0,
    0x3, 0xfc, 0x3, 0xfe, 0x0, 0x0, 0x0, 0x0,
    0x0, 0x0, 0x7f, 0x80, 0x7f, 0xc0, 0x0, 0x0,
    0x0, 0x0, 0x0, 0x7, 0xf8, 0xf, 0xf0, 0x0,
    0x0, 0x0, 0x0, 0x0, 0x0, 0xff, 0x3, 0xfe,
    0x0, 0xf, 0xff, 0xff, 0xfc, 0x0, 0x1f, 0xe0,
    0x7f, 0x80, 0x7, 0xff, 0xff, 0xff, 0xc0, 0x7,
    0xf8, 0xf, 0xf0, 0x1, 0xff, 0xff, 0xff, 0xfc,
    0x0, 0xff, 0x1, 0xfe, 0x0, 0x7f, 0xff, 0xff,
    0xff, 0x80, 0x1f, 0xe0, 0x3f, 0xc0, 0xf, 0xff,
    0xff, 0xff, 0xf0, 0x3, 0xfc, 0xf, 0xf0, 0x3,
    0xff, 0xff, 0xff, 0xfe, 0x0, 0x7f, 0x81, 0xfe,
    0x0, 0x7f, 0xff, 0xff, 0xff, 0xc0, 0x1f, 0xf0,
    0x3f, 0xc0, 0xf, 0xff, 0xff, 0xff, 0xf8, 0x3,
    0xfc, 0x7, 0xf8, 0x1, 0xfe, 0x0, 0x1, 0xff,
    0x0, 0x7f, 0x80, 0xff, 0x0, 0x7f, 0x80, 0x0,
    0x3f, 0xc0, 0xf, 0xf0, 0x3f, 0xe0, 0xf, 0xf0,
    0x0, 0x7, 0xf8, 0x1, 0xfe, 0x7, 0xf8, 0x1,
    0xfe, 0x0, 0x0, 0xff, 0x0, 0x3f, 0xc0, 0xff,
    0x0, 0x3f, 0xc0, 0x0, 0x1f, 0xe0, 0xf, 0xf0,
    0x1f, 0xe0, 0x7, 0xf8, 0x0, 0x3, 0xfc, 0x1,
    0xfe, 0x3, 0xfc, 0x1, 0xfe, 0x0, 0x0, 0xff,
    0x0, 0x3f, 0xc0, 0x7f, 0x80, 0x3f, 0xc0, 0x0,
    0x1f, 0xe0, 0x7, 0xf8, 0x1f, 0xe0, 0x7, 0xf8,
    0x0, 0x3, 0xfc, 0x0, 0xff, 0x3, 0xfc, 0x0,
    0xff, 0x0, 0x0, 0x7f, 0x80, 0x3f, 0xe0, 0x7f,
    0x80, 0x1f, 0xe0, 0x0, 0xf, 0xf0, 0x7, 0xf8,
    0xf, 0xf0, 0x3, 0xfc, 0x0, 0x3, 0xfe, 0x0,
    0xff, 0x1, 0xfe, 0x0, 0xff, 0x0, 0x0, 0x7f,
    0xc0, 0x1f, 0xe0, 0x7f, 0xc0, 0x1f, 0xe0, 0x0,
    0xf, 0xfc, 0x7, 0xfc, 0xf, 0xf0, 0x3, 0xff,
    0xff, 0xff, 0xff, 0xff, 0xff, 0x81, 0xfe, 0x0,
    0x7f, 0xff, 0xff, 0xff, 0xff, 0xff, 0xf0, 0x3f,
    0xc0, 0xf, 0xff, 0xff, 0xff, 0xff, 0xff, 0xfc,
    0x7, 0xf8, 0x3, 0xff, 0xff, 0xff, 0xff, 0xff,
    0xff, 0x80, 0xff, 0x0, 0x7f, 0xff, 0xff, 0xff,
    0xff, 0xff, 0xe0, 0x3f, 0xc0, 0x7, 0xff, 0xff,
    0xff, 0xff, 0xff, 0xfc, 0x7, 0xf8, 0x0, 0xff,
    0xff, 0xff, 0xfd, 0xff, 0xfe, 0x0, 0xff, 0x0,
    0x7, 0xff, 0xff, 0xfe, 0xf, 0xff, 0x80, 0x1f,
    0xe0, 0x0, 0x0, 0x0, 0x0, 0x0, 0x0, 0x0,
    0x3, 0xfc, 0x0, 0x0, 0x0, 0x0, 0x0, 0x0,
    0x0, 0x0, 0x7f, 0x80, 0x0, 0x0, 0x0, 0x0,
    0x0, 0x0, 0x0, 0xf, 0xf8, 0x0, 0x0, 0x0,
    0x0, 0x0, 0x0, 0x0, 0x0, 0xff, 0x0, 0x0,
    0x0, 0x0, 0x0, 0x0, 0x0, 0x0, 0x1f, 0xf0,
    0x0, 0x0, 0x0, 0x0, 0x0, 0x60, 0x0, 0x3,
    0xff, 0x0, 0x0, 0x0, 0x0, 0x0, 0x3e, 0x0,
    0x0, 0x3f, 0xf8, 0x0, 0x0, 0x0, 0x0, 0x1f,
    0xe0, 0x0, 0x7, 0xff, 0xff, 0xff, 0xff, 0xff,
    0xff, 0xfe, 0x0, 0x0, 0x7f, 0xff, 0xff, 0xff,
    0xff, 0xff, 0xff, 0xe0, 0x0, 0x7, 0xff, 0xff,
    0xff, 0xff, 0xff, 0xff, 0xfc, 0x0, 0x0, 0x7f,
    0xff, 0xff, 0xff, 0xff, 0xff, 0xff, 0x0, 0x0,
    0x7, 0xff, 0xff, 0xff, 0xff, 0xff, 0xff, 0xc0,
    0x0, 0x0, 0x7f, 0xff, 0xff, 0xff, 0xff, 0xff,
    0xe0, 0x0, 0x0, 0x3, 0xff, 0xff, 0xff, 0xff,
    0xff, 0xf0, 0x0, 0x0, 0x0, 0xf, 0xff, 0xff,
    0xff, 0xff, 0xf0, 0x0, 0x0, 0x0,

    /* U+0041 "A" */
    0x0, 0x0, 0x0, 0x0, 0x0, 0x3, 0xff, 0xfc,
    0x0, 0x0, 0x0, 0x0, 0x0, 0x0, 0x0, 0x0,
    0x7f, 0xff, 0xf0, 0x0, 0x0, 0x0, 0x0, 0x0,
    0x0, 0x0, 0x7, 0xff, 0xff, 0xc0, 0x0, 0x0,
    0x0, 0x0, 0x0, 0x0, 0x0, 0x7f, 0xff, 0xff,
    0x0, 0x0, 0x0, 0x0, 0x0, 0x0, 0x0, 0x7,
    0xff, 0xff, 0xf8, 0x0, 0x0, 0x0, 0x0, 0x0,
    0x0, 0x0, 0x7f, 0xff, 0xff, 0xc0, 0x0, 0x0,
    0x0, 0x0, 0x0, 0x0, 0x3, 0xff, 0xff, 0xff,
    0x0, 0x0, 0x0, 0x0, 0x0, 0x0, 0x0, 0x3f,
    0xff, 0xff, 0xf8, 0x0, 0x0, 0x0, 0x0, 0x0,
    0x0, 0x3, 0xff, 0xff, 0xff, 0xc0, 0x0, 0x0,
    0x0, 0x0, 0x0, 0x0, 0x1f, 0xff, 0xff, 0xff,
    0x0, 0x0, 0x0, 0x0, 0x0, 0x0, 0x1, 0xff,
    0xff, 0xff, 0xf8, 0x0, 0x0, 0x0, 0x0, 0x0,
    0x0, 0x1f, 0xff, 0xff, 0xff, 0xc0, 0x0, 0x0,
    0x0, 0x0, 0x0, 0x0, 0xff, 0xff, 0xff, 0xff,
    0x0, 0x0, 0x0, 0x0, 0x0, 0x0, 0xf, 0xff,
    0xff, 0xff, 0xf8, 0x0, 0x0, 0x0, 0x0, 0x0,
    0x0, 0xff, 0xff, 0xff, 0xff, 0xc0, 0x0, 0x0,
    0x0, 0x0, 0x0, 0x7, 0xff, 0xff, 0xff, 0xff,
    0x0, 0x0, 0x0, 0x0, 0x0, 0x0, 0x7f, 0xff,
    0xff, 0xff, 0xf8, 0x0, 0x0, 0x0, 0x0, 0x0,
    0x3, 0xff, 0xff, 0xff, 0xff, 0xc0, 0x0, 0x0,
    0x0, 0x0, 0x0, 0x3f, 0xff, 0xff, 0xff, 0xff,
    0x0, 0x0, 0x0, 0x0, 0x0, 0x3, 0xff, 0xff,
    0xff, 0xff, 0xf8, 0x0, 0x0, 0x0, 0x0, 0x0,
    0x1f, 0xff, 0xff, 0xff, 0xff, 0xc0, 0x0, 0x0,
    0x0, 0x0, 0x1, 0xff, 0xff, 0xff, 0xff, 0xff,
    0x0, 0x0, 0x0, 0x0, 0x0, 0x1f, 0xff, 0xff,
    0xff, 0xff, 0xf8, 0x0, 0x0, 0x0, 0x0, 0x0,
    0xff, 0xff, 0xff, 0xff, 0xff, 0xc0, 0x0, 0x0,
    0x0, 0x0, 0xf, 0xff, 0xff, 0xff, 0xff, 0xfe,
    0x0, 0x0, 0x0, 0x0, 0x0, 0xff, 0xff, 0xff,
    0xff, 0xff, 0xf8, 0x0, 0x0, 0x0, 0x0, 0x7,
    0xff, 0xff, 0xff, 0xff, 0xff, 0xc0, 0x0, 0x0,
    0x0, 0x0, 0x7f, 0xff, 0xff, 0xff, 0xff, 0xfe,
    0x0, 0x0, 0x0, 0x0, 0x7, 0xff, 0xff, 0xff,
    0xff, 0xff, 0xf8, 0x0, 0x0, 0x0, 0x0, 0x3f,
    0xff, 0xff, 0xcf, 0xff, 0xff, 0xc0, 0x0, 0x0,
    0x0, 0x3, 0xff, 0xff, 0xfe, 0x7f, 0xff, 0xfe,
    0x0, 0x0, 0x0, 0x0, 0x3f, 0xff, 0xff, 0xe3,
    0xff, 0xff, 0xf8, 0x0, 0x0, 0x0, 0x1, 0xff,
    0xff, 0xfe, 0xf, 0xff, 0xff, 0xc0, 0x0, 0x0,
    0x0, 0x1f, 0xff, 0xff, 0xf0, 0x7f, 0xff, 0xfe,
    0x0, 0x0, 0x0, 0x1, 0xff, 0xff, 0xff, 0x3,
    0xff, 0xff, 0xf8, 0x0, 0x0, 0x0, 0xf, 0xff,
    0xff, 0xf0, 0xf, 0xff, 0xff, 0xc0, 0x0, 0x0,
    0x0, 0xff, 0xff, 0xff, 0x80, 0x7f, 0xff, 0xfe,
    0x0, 0x0, 0x0, 0xf, 0xff, 0xff, 0xf8, 0x3,
    0xff, 0xff, 0xf8, 0x0, 0x0, 0x0, 0x7f, 0xff,
    0xff, 0x80, 0xf, 0xff, 0xff, 0xc0, 0x0, 0x0,
    0x7, 0xff, 0xff, 0xfc, 0x0, 0x7f, 0xff, 0xfe,
    0x0, 0x0, 0x0, 0x7f, 0xff, 0xff, 0xc0, 0x3,
    0xff, 0xff, 0xf8, 0x0, 0x0, 0x3, 0xff, 0xff,
    0xfc, 0x0, 0xf, 0xff, 0xff, 0xc0, 0x0, 0x0,
    0x3f, 0xff, 0xff, 0xe0, 0x0, 0x7f, 0xff, 0xfe,
    0x0, 0x0, 0x3, 0xff, 0xff, 0xfe, 0x0, 0x3,
    0xff, 0xff, 0xf8, 0x0, 0x0, 0x1f, 0xff, 0xff,
    0xe0, 0x0, 0xf, 0xff, 0xff, 0xc0, 0x0, 0x1,
    0xff, 0xff, 0xff, 0x0, 0x0, 0x7f, 0xff, 0xfe,
    0x0, 0x0, 0x1f, 0xff, 0xff, 0xff, 0xff, 0xff,
    0xff, 0xff, 0xf8, 0x0, 0x0, 0xff, 0xff, 0xff,
    0xff, 0xff, 0xff, 0xff, 0xff, 0xc0, 0x0, 0xf,
    0xff, 0xff, 0xff, 0xff, 0xff, 0xff, 0xff, 0xfe,
    0x0, 0x0, 0x7f, 0xff, 0xff, 0xff, 0xff, 0xff,
    0xff, 0xff, 0xf8, 0x0, 0x7, 0xff, 0xff, 0xff,
    0xff, 0xff, 0xff, 0xff, 0xff, 0xc0, 0x0, 0x7f,
    0xff, 0xff, 0xff, 0xff, 0xff, 0xff, 0xff, 0xfe,
    0x0, 0x3, 0xff, 0xff, 0xff, 0xff, 0xff, 0xff,
    0xff, 0xff, 0xf8, 0x0, 0x3f, 0xff, 0xff, 0xff,
    0xff, 0xff, 0xff, 0xff, 0xff, 0xc0, 0x3, 0xff,
    0xff, 0xff, 0xff, 0xff, 0xff, 0xff, 0xff, 0xfe,
    0x0, 0x1f, 0xff, 0xff, 0xff, 0xff, 0xff, 0xff,
    0xff, 0xff, 0xf8, 0x1, 0xff, 0xff, 0xff, 0xff,
    0xff, 0xff, 0xff, 0xff, 0xff, 0xc0, 0x1f, 0xff,
    0xff, 0xff, 0xff, 0xff, 0xff, 0xff, 0xff, 0xfe,
    0x0, 0xff, 0xff, 0xff, 0xff, 0xff, 0xff, 0xff,
    0xff, 0xff, 0xf8, 0xf, 0xff, 0xff, 0xff, 0xff,
    0xff, 0xff, 0xff, 0xff, 0xff, 0xc0, 0xff, 0xff,
    0xff, 0xff, 0xff, 0xff, 0xff, 0xff, 0xff, 0xfe,
    0x7, 0xff, 0xff, 0xff, 0xff, 0xff, 0xff, 0xff,
    0xff, 0xff, 0xf8, 0x7f, 0xff, 0xff, 0x80, 0x0,
    0x0, 0x0, 0x1f, 0xff, 0xff, 0xc7, 0xff, 0xff,
    0xfc, 0x0, 0x0, 0x0, 0x0, 0x7f, 0xff, 0xfe,
    0x3f, 0xff, 0xff, 0xc0, 0x0, 0x0, 0x0, 0x3,
    0xff, 0xff, 0xf3, 0xff, 0xff, 0xfc, 0x0, 0x0,
    0x0, 0x0, 0x1f, 0xff, 0xff, 0xdf, 0xff, 0xff,
    0xe0, 0x0, 0x0, 0x0, 0x0, 0xff, 0xff, 0xff,
    0xff, 0xff, 0xfe, 0x0, 0x0, 0x0, 0x0, 0x3,
    0xff, 0xff, 0xf7, 0xff, 0xff, 0xe0, 0x0, 0x0,
    0x0, 0x0, 0x1f, 0xff, 0xff, 0x1f, 0xff, 0xfe,
    0x0, 0x0, 0x0, 0x0, 0x0, 0x7f, 0xff, 0xf0,

    /* U+0042 "B" */
    0x0, 0x1, 0xff, 0xff, 0xff, 0xff, 0xff, 0xff,
    0xfe, 0x0, 0x0, 0x0, 0x7f, 0xff, 0xff, 0xff,
    0xff, 0xff, 0xff, 0xfc, 0x0, 0x0, 0x7, 0xff,
    0xff, 0xff, 0xff, 0xff, 0xff, 0xff, 0xf0, 0x0,
    0x0, 0xff, 0xff, 0xff, 0xff, 0xff, 0xff, 0xff,
    0xff, 0x80, 0x0, 0xf, 0xff, 0xff, 0xff, 0xff,
    0xff, 0xff, 0xff, 0xfc, 0x0, 0x0, 0xff, 0xff,
    0xff, 0xff, 0xff, 0xff, 0xff, 0xff, 0xe0, 0x0,
    0xf, 0xff, 0xff, 0xff, 0xff, 0xff, 0xff, 0xff,
    0xff, 0x0, 0x0, 0xff, 0xff, 0xff, 0xff, 0xff,
    0xff, 0xff, 0xff, 0xf0, 0x0, 0x1f, 0xff, 0xff,
    0xff, 0xff, 0xff, 0xff, 0xff, 0xff, 0x80, 0x1,
    0xff, 0xff, 0xff, 0xff, 0xff, 0xff, 0xff, 0xff,
    0xf8, 0x0, 0x1f, 0xff, 0xff, 0xff, 0xff, 0xff,
    0xff, 0xff, 0xff, 0xc0, 0x1, 0xff, 0xff, 0xff,
    0xff, 0xff, 0xff, 0xff, 0xff, 0xfc, 0x0, 0x1f,
    0xff, 0xff, 0xff, 0xff, 0xff, 0xff, 0xff, 0xff,
    0xc0, 0x3, 0xff, 0xff, 0xff, 0xff, 0xff, 0xff,
    0xff, 0xff, 0xfc, 0x0, 0x3f, 0xff, 0xff, 0xff,
    0xff, 0xff, 0xff, 0xff, 0xff, 0xc0, 0x3, 0xff,
    0xff, 0xff, 0xff, 0xff, 0xff, 0xff, 0xff, 0xfc,
    0x0, 0x3f, 0xff, 0xff, 0xff, 0xff, 0xff, 0xff,
    0xff, 0xff, 0xc0, 0x3, 0xff, 0xff, 0xe0, 0x0,
    0x0, 0x1, 0xff, 0xff, 0xfc, 0x0, 0x3f, 0xff,
    0xfe, 0x0, 0x0, 0x0, 0xf, 0xff, 0xff, 0xc0,
    0x7, 0xff, 0xff, 0xc0, 0x0, 0x0, 0x0, 0xff,
    0xff, 0xfc, 0x0, 0x7f, 0xff, 0xfc, 0x0, 0x0,
    0x0, 0xf, 0xff, 0xff, 0xc0, 0x7, 0xff, 0xff,
    0xc0, 0x0, 0x0, 0x0, 0xff, 0xff, 0xf8, 0x0,
    0x7f, 0xff, 0xfc, 0x0, 0x0, 0x0, 0xf, 0xff,
    0xff, 0x80, 0x7, 0xff, 0xff, 0xc0, 0x0, 0x0,
    0x0, 0xff, 0xff, 0xf8, 0x0, 0xff, 0xff, 0xfc,
    0x0, 0x0, 0x0, 0x1f, 0xff, 0xff, 0x80, 0xf,
    0xff, 0xff, 0x80, 0x0, 0x0, 0x1, 0xff, 0xff,
    0xf8, 0x0, 0xff, 0xff, 0xf8, 0x0, 0x0, 0x0,
    0x3f, 0xff, 0xff, 0x0, 0xf, 0xff, 0xff, 0xff,
    0xff, 0xff, 0xff, 0xff, 0xff, 0xf0, 0x0, 0xff,
    0xff, 0xff, 0xff, 0xff, 0xff, 0xff, 0xff, 0xff,
    0x0, 0xf, 0xff, 0xff, 0xff, 0xff, 0xff, 0xff,
    0xff, 0xff, 0xe0, 0x1, 0xff, 0xff, 0xff, 0xff,
    0xff, 0xff, 0xff, 0xff, 0xfc, 0x0, 0x1f, 0xff,
    0xff, 0xff, 0xff, 0xff, 0xff, 0xff, 0xff, 0xc0,
    0x1, 0xff, 0xff, 0xff, 0xff, 0xff, 0xff, 0xff,
    0xff, 0xf8, 0x0, 0x1f, 0xff, 0xff, 0xff, 0xff,
    0xff, 0xff, 0xff, 0xff, 0x0, 0x1, 0xff, 0xff,
    0xff, 0xff, 0xff, 0xff, 0xff, 0xff, 0xf0, 0x0,
    0x3f, 0xff, 0xff, 0xff, 0xff, 0xff, 0xff, 0xff,
    0xff, 0x80, 0x3, 0xff, 0xff, 0xff, 0xff, 0xff,
    0xff, 0xff, 0xff, 0xf8, 0x0, 0x3f, 0xff, 0xff,
    0xff, 0xff, 0xff, 0xff, 0xff, 0xff, 0xc0, 0x3,
    0xff, 0xff, 0xff, 0xff, 0xff, 0xff, 0xff, 0xff,
    0xfc, 0x0, 0x3f, 0xff, 0xff, 0xff, 0xff, 0xff,
    0xff, 0xff, 0xff, 0xe0, 0x3, 0xff, 0xff, 0xff,
    0xff, 0xff, 0xff, 0xff, 0xff, 0xfe, 0x0, 0x7f,
    0xff, 0xff, 0xff, 0xff, 0xff, 0xff, 0xff, 0xff,
    0xe0, 0x7, 0xff, 0xff, 0xff, 0xff, 0xff, 0xff,
    0xff, 0xff, 0xfe, 0x0, 0x7f, 0xff, 0xfc, 0x0,
    0x0, 0x0, 0xf, 0xff, 0xff, 0xe0, 0x7, 0xff,
    0xff, 0xc0, 0x0, 0x0, 0x0, 0x7f, 0xff, 0xfe,
    0x0, 0x7f, 0xff, 0xfc, 0x0, 0x0, 0x0, 0x7,
    0xff, 0xff, 0xe0, 0xf, 0xff, 0xff, 0xc0, 0x0,
    0x0, 0x0, 0x3f, 0xff, 0xfe, 0x0, 0xff, 0xff,
    0xf8, 0x0, 0x0, 0x0, 0x7, 0xff, 0xff, 0xc0,
    0xf, 0xff, 0xff, 0x80, 0x0, 0x0, 0x0, 0x7f,
    0xff, 0xfc, 0x0, 0xff, 0xff, 0xf8, 0x0, 0x0,
    0x0, 0x7, 0xff, 0xff, 0xc0, 0xf, 0xff, 0xff,
    0x80, 0x0, 0x0, 0x0, 0x7f, 0xff, 0xfc, 0x0,
    0xff, 0xff, 0xf8, 0x0, 0x0, 0x0, 0xf, 0xff,
    0xff, 0xc0, 0x1f, 0xff, 0xff, 0x80, 0x0, 0x0,
    0x1, 0xff, 0xff, 0xf8, 0x1, 0xff, 0xff, 0xff,
    0xff, 0xff, 0xff, 0xff, 0xff, 0xff, 0x80, 0x1f,
    0xff, 0xff, 0xff, 0xff, 0xff, 0xff, 0xff, 0xff,
    0xf8, 0x1, 0xff, 0xff, 0xff, 0xff, 0xff, 0xff,
    0xff, 0xff, 0xff, 0x80, 0x1f, 0xff, 0xff, 0xff,
    0xff, 0xff, 0xff, 0xff, 0xff, 0xf0, 0x3, 0xff,
    0xff, 0xff, 0xff, 0xff, 0xff, 0xff, 0xff, 0xff,
    0x0, 0x3f, 0xff, 0xff, 0xff, 0xff, 0xff, 0xff,
    0xff, 0xff, 0xe0, 0x3, 0xff, 0xff, 0xff, 0xff,
    0xff, 0xff, 0xff, 0xff, 0xfe, 0x0, 0x3f, 0xff,
    0xff, 0xff, 0xff, 0xff, 0xff, 0xff, 0xff, 0xc0,
    0x3, 0xff, 0xff, 0xff, 0xff, 0xff, 0xff, 0xff,
    0xff, 0xf8, 0x0, 0x3f, 0xff, 0xff, 0xff, 0xff,
    0xff, 0xff, 0xff, 0xff, 0x80, 0x7, 0xff, 0xff,
    0xff, 0xff, 0xff, 0xff, 0xff, 0xff, 0xf0, 0x0,
    0x7f, 0xff, 0xff, 0xff, 0xff, 0xff, 0xff, 0xff,
    0xfe, 0x0, 0x7, 0xff, 0xff, 0xff, 0xff, 0xff,
    0xff, 0xff, 0xff, 0x80, 0x0, 0x7f, 0xff, 0xff,
    0xff, 0xff, 0xff, 0xff, 0xff, 0xf0, 0x0, 0x7,
    0xff, 0xff, 0xff, 0xff, 0xff, 0xff, 0xff, 0xfc,
    0x0, 0x0, 0x7f, 0xff, 0xff, 0xff, 0xff, 0xff,
    0xff, 0xff, 0x0, 0x0, 0x3, 0xff, 0xff, 0xff,
    0xff, 0xff, 0xff, 0xff, 0x80, 0x0, 0x0,

    /* U+0043 "C" */
    0x0, 0x0, 0x0, 0x7f, 0xff, 0xff, 0xff, 0xff,
    0xfc, 0x0, 0x0, 0x3, 0xff, 0xff, 0xff, 0xff,
    0xff, 0xfe, 0x0, 0x0, 0xf, 0xff, 0xff, 0xff,
    0xff, 0xff, 0xfe, 0x0, 0x0, 0x3f, 0xff, 0xff,
    0xff, 0xff, 0xff, 0xfe, 0x0, 0x0, 0xff, 0xff,
    0xff, 0xff, 0xff, 0xff, 0xfe, 0x0, 0x1, 0xff,
    0xff, 0xff, 0xff, 0xff, 0xff, 0xfe, 0x0, 0x3,
    0xff, 0xff, 0xff, 0xff, 0xff, 0xff, 0xfe, 0x0,
    0x7, 0xff, 0xff, 0xff, 0xff, 0xff, 0xff, 0xfe,
    0x0, 0xf, 0xff, 0xff, 0xff, 0xff, 0xff, 0xff,
    0xfe, 0x0, 0x1f, 0xff, 0xff, 0xff, 0xff, 0xff,
    0xff, 0xfc, 0x0, 0x1f, 0xff, 0xff, 0xff, 0xff,
    0xff, 0xff, 0xfc, 0x0, 0x3f, 0xff, 0xff, 0xff,
    0xff, 0xff, 0xff, 0xfc, 0x0, 0x3f, 0xff, 0xff,
    0xff, 0xff, 0xff, 0xff, 0xfc, 0x0, 0x7f, 0xff,
    0xff, 0xff, 0xff, 0xff, 0xff, 0xfc, 0x0, 0x7f,
    0xff, 0xff, 0xff, 0xff, 0xff, 0xff, 0xf8, 0x0,
    0xff, 0xff, 0xff, 0xff, 0xff, 0xff, 0xff, 0xf0,
    0x0, 0xff, 0xff, 0xff, 0xff, 0xff, 0xff, 0xff,
    0xe0, 0x0, 0xff, 0xff, 0xfc, 0x0, 0x0, 0x0,
    0x0, 0x0, 0x0, 0xff, 0xff, 0xf8, 0x0, 0x0,
    0x0, 0x0, 0x0, 0x1, 0xff, 0xff, 0xf0, 0x0,
    0x0, 0x0, 0x0, 0x0, 0x1, 0xff, 0xff, 0xf0,
    0x0, 0x0, 0x0, 0x0, 0x0, 0x1, 0xff, 0xff,
    0xf0, 0x0, 0x0, 0x0, 0x0, 0x0, 0x1, 0xff,
    0xff, 0xf0, 0x0, 0x0, 0x0, 0x0, 0x0, 0x1,
    0xff, 0xff, 0xf0, 0x0, 0x0, 0x0, 0x0, 0x0,
    0x3, 0xff, 0xff, 0xf0, 0x0, 0x0, 0x0, 0x0,
    0x0, 0x3, 0xff, 0xff, 0xe0, 0x0, 0x0, 0x0,
    0x0, 0x0, 0x3, 0xff, 0xff, 0xe0, 0x0, 0x0,
    0x0, 0x0, 0x0, 0x3, 0xff, 0xff, 0xe0, 0x0,
    0x0, 0x0, 0x0, 0x0, 0x3, 0xff, 0xff, 0xe0,
    0x0, 0x0, 0x0, 0x0, 0x0, 0x3, 0xff, 0xff,
    0xe0, 0x0, 0x0, 0x0, 0x0, 0x0, 0x7, 0xff,
    0xff, 0xe0, 0x0, 0x0, 0x0, 0x0, 0x0, 0x7,
    0xff, 0xff, 0xc0, 0x0, 0x0, 0x0, 0x0, 0x0,
    0x7, 0xff, 0xff, 0xc0, 0x0, 0x0, 0x0, 0x0,
    0x0, 0x7, 0xff, 0xff, 0xc0, 0x0, 0x0, 0x0,
    0x0, 0x0, 0x7, 0xff, 0xff, 0xc0, 0x0, 0x0,
    0x0, 0x0, 0x0, 0xf, 0xff, 0xff, 0xc0, 0x0,
    0x0, 0x0, 0x0, 0x0, 0xf, 0xff, 0xff, 0xc0,
    0x0, 0x0, 0x0, 0x0, 0x0, 0xf, 0xff, 0xff,
    0x80, 0x0, 0x0, 0x0, 0x0, 0x0, 0xf, 0xff,
    0xff, 0x80, 0x0, 0x0, 0x0, 0x0, 0x0, 0xf,
    0xff, 0xff, 0x80, 0x0, 0x0, 0x0, 0x0, 0x0,
    0xf, 0xff, 0xff, 0x80, 0x0, 0x0, 0x0, 0x0,
    0x0, 0x1f, 0xff, 0xff, 0x80, 0x0, 0x0, 0x0,
    0x0, 0x0, 0x1f, 0xff, 0xff, 0x80, 0x0, 0x0,
    0x0, 0x0, 0x0, 0x1f, 0xff, 0xff, 0x0, 0x0,
    0x0, 0x0, 0x0, 0x0, 0x1f, 0xff, 0xff, 0x0,
    0x0, 0x0, 0x0, 0x0, 0x0, 0x1f, 0xff, 0xff,
    0x0, 0x0, 0x0, 0x0, 0x0, 0x0, 0x3f, 0xff,
    0xff, 0x0, 0x0, 0x0, 0x0, 0x0, 0x0, 0x3f,
    0xff, 0xff, 0x0, 0x0, 0x0, 0x0, 0x0, 0x0,
    0x3f, 0xff, 0xff, 0x0, 0x0, 0x0, 0x0, 0x0,
    0x0, 0x3f, 0xff, 0xfe, 0x0, 0x0, 0x0, 0x0,
    0x0, 0x0, 0x3f, 0xff, 0xfe, 0x0, 0x0, 0x0,
    0x0, 0x0, 0x0, 0x3f, 0xff, 0xfe, 0x0, 0x0,
    0x0, 0x0, 0x0, 0x0, 0x7f, 0xff, 0xff, 0x0,
    0x0, 0x0, 0x0, 0x0, 0x0, 0x7f, 0xff, 0xff,
    0xff, 0xff, 0xff, 0xff, 0xf8, 0x0, 0x7f, 0xff,
    0xff, 0xff, 0xff, 0xff, 0xff, 0xfc, 0x0, 0x7f,
    0xff, 0xff, 0xff, 0xff, 0xff, 0xff, 0xfc, 0x0,
    0x7f, 0xff, 0xff, 0xff, 0xff, 0xff, 0xff, 0xfc,
    0x0, 0x7f, 0xff, 0xff, 0xff, 0xff, 0xff, 0xff,
    0xfc, 0x0, 0x7f, 0xff, 0xff, 0xff, 0xff, 0xff,
    0xff, 0xfc, 0x0, 0x3f, 0xff, 0xff, 0xff, 0xff,
    0xff, 0xff, 0xfc, 0x0, 0x3f, 0xff, 0xff, 0xff,
    0xff, 0xff, 0xff, 0xf8, 0x0, 0x3f, 0xff, 0xff,
    0xff, 0xff, 0xff, 0xff, 0xf8, 0x0, 0x1f, 0xff,
    0xff, 0xff, 0xff, 0xff, 0xff, 0xf8, 0x0, 0xf,
    0xff, 0xff, 0xff, 0xff, 0xff, 0xff, 0xf8, 0x0,
    0xf, 0xff, 0xff, 0xff, 0xff, 0xff, 0xff, 0xf8,
    0x0, 0x7, 0xff, 0xff, 0xff, 0xff, 0xff, 0xff,
    0xf0, 0x0, 0x3, 0xff, 0xff, 0xff, 0xff, 0xff,
    0xff, 0xf0, 0x0, 0x0, 0xff, 0xff, 0xff, 0xff,
    0xff, 0xff, 0xf0, 0x0, 0x0, 0x7f, 0xff, 0xff,
    0xff, 0xff, 0xff, 0xe0, 0x0, 0x0, 0x7, 0xff,
    0xff, 0xff, 0xff, 0xff, 0xc0, 0x0,

    /* U+0044 "D" */
    0x0, 0x1, 0xff, 0xff, 0xff, 0xff, 0xff, 0xff,
    0xf0, 0x0, 0x0, 0x3, 0xff, 0xff, 0xff, 0xff,
    0xff, 0xff, 0xff, 0x0, 0x0, 0x1, 0xff, 0xff,
    0xff, 0xff, 0xff, 0xff, 0xff, 0xe0, 0x0, 0x1,
    0xff, 0xff, 0xff, 0xff, 0xff, 0xff, 0xff, 0xf8,
    0x0, 0x0, 0xff, 0xff, 0xff, 0xff, 0xff, 0xff,
    0xff, 0xfe, 0x0, 0x0, 0x7f, 0xff, 0xff, 0xff,
    0xff, 0xff, 0xff, 0xff, 0x80, 0x0, 0x3f, 0xff,
    0xff, 0xff, 0xff, 0xff, 0xff, 0xff, 0xe0, 0x0,
    0x1f, 0xff, 0xff, 0xff, 0xff, 0xff, 0xff, 0xff,
    0xf0, 0x0, 0x1f, 0xff, 0xff, 0xff, 0xff, 0xff,
    0xff, 0xff, 0xfc, 0x0, 0xf, 0xff, 0xff, 0xff,
    0xff, 0xff, 0xff, 0xff, 0xfe, 0x0, 0x7, 0xff,
    0xff, 0xff, 0xff, 0xff, 0xff, 0xff, 0xff, 0x80,
    0x3, 0xff, 0xff, 0xff, 0xff, 0xff, 0xff, 0xff,
    0xff, 0xc0, 0x1, 0xff, 0xff, 0xff, 0xff, 0xff,
    0xff, 0xff, 0xff, 0xe0, 0x1, 0xff, 0xff, 0xff,
    0xff, 0xff, 0xff, 0xff, 0xff, 0xf0, 0x0, 0xff,
    0xff, 0xff, 0xff, 0xff, 0xff, 0xff, 0xff, 0xf8,
    0x0, 0x7f, 0xff, 0xff, 0xff, 0xff, 0xff, 0xff,
    0xff, 0xfc, 0x0, 0x3f, 0xff, 0xff, 0xff, 0xff,
    0xff, 0xff, 0xff, 0xfe, 0x0, 0x1f, 0xff, 0xff,
    0x80, 0x0, 0x0, 0x3f, 0xff, 0xff, 0x0, 0xf,
    0xff, 0xff, 0x80, 0x0, 0x0, 0x1f, 0xff, 0xff,
    0x80, 0xf, 0xff, 0xff, 0x80, 0x0, 0x0, 0xf,
    0xff, 0xff, 0xc0, 0x7, 0xff, 0xff, 0xc0, 0x0,
    0x0, 0x7, 0xff, 0xff, 0xe0, 0x3, 0xff, 0xff,
    0xe0, 0x0, 0x0, 0x3, 0xff, 0xff, 0xe0, 0x1,
    0xff, 0xff, 0xf0, 0x0, 0x0, 0x1, 0xff, 0xff,
    0xf0, 0x0, 0xff, 0xff, 0xf8, 0x0, 0x0, 0x0,
    0xff, 0xff, 0xf8, 0x0, 0xff, 0xff, 0xfc, 0x0,
    0x0, 0x0, 0x7f, 0xff, 0xfc, 0x0, 0x7f, 0xff,
    0xfc, 0x0, 0x0, 0x0, 0x7f, 0xff, 0xfe, 0x0,
    0x3f, 0xff, 0xfe, 0x0, 0x0, 0x0, 0x3f, 0xff,
    0xff, 0x0, 0x1f, 0xff, 0xff, 0x0, 0x0, 0x0,
    0x1f, 0xff, 0xff, 0x0, 0xf, 0xff, 0xff, 0x80,
    0x0, 0x0, 0xf, 0xff, 0xff, 0x80, 0x7, 0xff,
    0xff, 0xc0, 0x0, 0x0, 0x7, 0xff, 0xff, 0xc0,
    0x7, 0xff, 0xff, 0xe0, 0x0, 0x0, 0x3, 0xff,
    0xff, 0xe0, 0x3, 0xff, 0xff, 0xe0, 0x0, 0x0,
    0x3, 0xff, 0xff, 0xf0, 0x1, 0xff, 0xff, 0xf0,
    0x0, 0x0, 0x1, 0xff, 0xff, 0xf0, 0x0, 0xff,
    0xff, 0xf8, 0x0, 0x0, 0x0, 0xff, 0xff, 0xf8,
    0x0, 0x7f, 0xff, 0xfc, 0x0, 0x0, 0x0, 0x7f,
    0xff, 0xfc, 0x0, 0x7f, 0xff, 0xfe, 0x0, 0x0,
    0x0, 0x3f, 0xff, 0xfe, 0x0, 0x3f, 0xff, 0xff,
    0x0, 0x0, 0x0, 0x1f, 0xff, 0xff, 0x0, 0x1f,
    0xff, 0xff, 0x0, 0x0, 0x0, 0x1f, 0xff, 0xff,
    0x80, 0xf, 0xff, 0xff, 0x80, 0x0, 0x0, 0xf,
    0xff, 0xff, 0x80, 0x7, 0xff, 0xff, 0xc0, 0x0,
    0x0, 0x7, 0xff, 0xff, 0xc0, 0x3, 0xff, 0xff,
    0xe0, 0x0, 0x0, 0x3, 0xff, 0xff, 0xe0, 0x3,
    0xff, 0xff, 0xf0, 0x0, 0x0, 0x1, 0xff, 0xff,
    0xf0, 0x1, 0xff, 0xff, 0xf8, 0x0, 0x0, 0x0,
    0xff, 0xff, 0xf8, 0x0, 0xff, 0xff, 0xf8, 0x0,
    0x0, 0x0, 0xff, 0xff, 0xf8, 0x0, 0x7f, 0xff,
    0xfc, 0x0, 0x0, 0x0, 0x7f, 0xff, 0xfc, 0x0,
    0x3f, 0xff, 0xfe, 0x0, 0x0, 0x0, 0x3f, 0xff,
    0xfe, 0x0, 0x3f, 0xff, 0xff, 0x0, 0x0, 0x0,
    0x1f, 0xff, 0xff, 0x0, 0x1f, 0xff, 0xff, 0x80,
    0x0, 0x0, 0xf, 0xff, 0xff, 0x80, 0xf, 0xff,
    0xff, 0xc0, 0x0, 0x0, 0x7, 0xff, 0xff, 0xc0,
    0x7, 0xff, 0xff, 0xc0, 0x0, 0x0, 0x7, 0xff,
    0xff, 0xc0, 0x3, 0xff, 0xff, 0xe0, 0x0, 0x0,
    0x3, 0xff, 0xff, 0xe0, 0x1, 0xff, 0xff, 0xf0,
    0x0, 0x0, 0x1, 0xff, 0xff, 0xf0, 0x1, 0xff,
    0xff, 0xfc, 0x0, 0x0, 0x1, 0xff, 0xff, 0xf8,
    0x0, 0xff, 0xff, 0xff, 0xff, 0xff, 0xff, 0xff,
    0xff, 0xfc, 0x0, 0x7f, 0xff, 0xff, 0xff, 0xff,
    0xff, 0xff, 0xff, 0xfc, 0x0, 0x3f, 0xff, 0xff,
    0xff, 0xff, 0xff, 0xff, 0xff, 0xfe, 0x0, 0x1f,
    0xff, 0xff, 0xff, 0xff, 0xff, 0xff, 0xff, 0xfe,
    0x0, 0x1f, 0xff, 0xff, 0xff, 0xff, 0xff, 0xff,
    0xff, 0xff, 0x0, 0xf, 0xff, 0xff, 0xff, 0xff,
    0xff, 0xff, 0xff, 0xff, 0x0, 0x7, 0xff, 0xff,
    0xff, 0xff, 0xff, 0xff, 0xff, 0xff, 0x80, 0x3,
    0xff, 0xff, 0xff, 0xff, 0xff, 0xff, 0xff, 0xff,
    0x80, 0x1, 0xff, 0xff, 0xff, 0xff, 0xff, 0xff,
    0xff, 0xff, 0x80, 0x0, 0xff, 0xff, 0xff, 0xff,
    0xff, 0xff, 0xff, 0xff, 0x80, 0x0, 0xff, 0xff,
    0xff, 0xff, 0xff, 0xff, 0xff, 0xff, 0xc0, 0x0,
    0x7f, 0xff, 0xff, 0xff, 0xff, 0xff, 0xff, 0xff,
    0x80, 0x0, 0x3f, 0xff, 0xff, 0xff, 0xff, 0xff,
    0xff, 0xff, 0x80, 0x0, 0x1f, 0xff, 0xff, 0xff,
    0xff, 0xff, 0xff, 0xff, 0x80, 0x0, 0xf, 0xff,
    0xff, 0xff, 0xff, 0xff, 0xff, 0xff, 0x0, 0x0,
    0x7, 0xff, 0xff, 0xff, 0xff, 0xff, 0xff, 0xfe,
    0x0, 0x0, 0x1, 0xff, 0xff, 0xff, 0xff, 0xff,
    0xff, 0xf0, 0x0, 0x0, 0x0,

    /* U+0045 "E" */
    0x0, 0x1, 0xff, 0xff, 0xff, 0xff, 0xff, 0xff,
    0xff, 0xf8, 0x0, 0x1f, 0xff, 0xff, 0xff, 0xff,
    0xff, 0xff, 0xff, 0xf0, 0x0, 0x7f, 0xff, 0xff,
    0xff, 0xff, 0xff, 0xff, 0xff, 0xc0, 0x3, 0xff,
    0xff, 0xff, 0xff, 0xff, 0xff, 0xff, 0xfe, 0x0,
    0xf, 0xff, 0xff, 0xff, 0xff, 0xff, 0xff, 0xff,
    0xf8, 0x0, 0x3f, 0xff, 0xff, 0xff, 0xff, 0xff,
    0xff, 0xff, 0xe0, 0x0, 0xff, 0xff, 0xff, 0xff,
    0xff, 0xff, 0xff, 0xff, 0x80, 0x3, 0xff, 0xff,
    0xff, 0xff, 0xff, 0xff, 0xff, 0xfe, 0x0, 0x1f,
    0xff, 0xff, 0xff, 0xff, 0xff, 0xff, 0xff, 0xf8,
    0x0, 0x7f, 0xff, 0xff, 0xff, 0xff, 0xff, 0xff,
    0xff, 0xc0, 0x1, 0xff, 0xff, 0xff, 0xff, 0xff,
    0xff, 0xff, 0xff, 0x0, 0x7, 0xff, 0xff, 0xff,
    0xff, 0xff, 0xff, 0xff, 0xfc, 0x0, 0x1f, 0xff,
    0xff, 0xff, 0xff, 0xff, 0xff, 0xff, 0xf0, 0x0,
    0xff, 0xff, 0xff, 0xff, 0xff, 0xff, 0xff, 0xff,
    0xc0, 0x3, 0xff, 0xff, 0xff, 0xff, 0xff, 0xff,
    0xff, 0xfe, 0x0, 0xf, 0xff, 0xff, 0xff, 0xff,
    0xff, 0xff, 0xff, 0xf8, 0x0, 0x3f, 0xff, 0xff,
    0xff, 0xff, 0xff, 0xff, 0xff, 0xc0, 0x0, 0xff,
    0xff, 0xf8, 0x0, 0x0, 0x0, 0x0, 0x0, 0x0,
    0x3, 0xff, 0xff, 0xe0, 0x0, 0x0, 0x0, 0x0,
    0x0, 0x0, 0x1f, 0xff, 0xff, 0x0, 0x0, 0x0,
    0x0, 0x0, 0x0, 0x0, 0x7f, 0xff, 0xfc, 0x0,
    0x0, 0x0, 0x0, 0x0, 0x0, 0x1, 0xff, 0xff,
    0xf0, 0x0, 0x0, 0x0, 0x0, 0x0, 0x0, 0x7,
    0xff, 0xff, 0xc0, 0x0, 0x0, 0x0, 0x0, 0x0,
    0x0, 0x1f, 0xff, 0xff, 0x0, 0x0, 0x0, 0x0,
    0x0, 0x0, 0x0, 0xff, 0xff, 0xfc, 0x0, 0x0,
    0x0, 0x0, 0x0, 0x0, 0x3, 0xff, 0xff, 0xf0,
    0x0, 0x0, 0x0, 0x0, 0x0, 0x0, 0xf, 0xff,
    0xff, 0x80, 0x0, 0x0, 0x0, 0x0, 0x0, 0x0,
    0x3f, 0xff, 0xff, 0xff, 0xff, 0xff, 0xff, 0xc0,
    0x0, 0x0, 0xff, 0xff, 0xff, 0xff, 0xff, 0xff,
    0xff, 0x80, 0x0, 0x3, 0xff, 0xff, 0xff, 0xff,
    0xff, 0xff, 0xfe, 0x0, 0x0, 0x1f, 0xff, 0xff,
    0xff, 0xff, 0xff, 0xff, 0xf8, 0x0, 0x0, 0x7f,
    0xff, 0xff, 0xff, 0xff, 0xff, 0xff, 0xc0, 0x0,
    0x1, 0xff, 0xff, 0xff, 0xff, 0xff, 0xff, 0xff,
    0x0, 0x0, 0x7, 0xff, 0xff, 0xff, 0xff, 0xff,
    0xff, 0xfc, 0x0, 0x0, 0x1f, 0xff, 0xff, 0xff,
    0xff, 0xff, 0xff, 0xf0, 0x0, 0x0, 0xff, 0xff,
    0xff, 0xff, 0xff, 0xff, 0xff, 0xc0, 0x0, 0x3,
    0xff, 0xff, 0xff, 0xff, 0xff, 0xff, 0xff, 0x0,
    0x0, 0xf, 0xff, 0xff, 0xff, 0xff, 0xff, 0xff,
    0xf8, 0x0, 0x0, 0x3f, 0xff, 0xff, 0xff, 0xff,
    0xff, 0xff, 0xe0, 0x0, 0x0, 0xff, 0xff, 0xff,
    0xff, 0xff, 0xff, 0xff, 0x80, 0x0, 0x3, 0xff,
    0xff, 0xff, 0xff, 0xff, 0xff, 0xfe, 0x0, 0x0,
    0x1f, 0xff, 0xff, 0xff, 0xff, 0xff, 0xff, 0xf0,
    0x0, 0x0, 0x7f, 0xff, 0xff, 0xff, 0xff, 0xff,
    0xff, 0x80, 0x0, 0x1, 0xff, 0xff, 0xf0, 0x0,
    0x0, 0x0, 0x0, 0x0, 0x0, 0x7, 0xff, 0xff,
    0xc0, 0x0, 0x0, 0x0, 0x0, 0x0, 0x0, 0x1f,
    0xff, 0xff, 0x0, 0x0, 0x0, 0x0, 0x0, 0x0,
    0x0, 0xff, 0xff, 0xfc, 0x0, 0x0, 0x0, 0x0,
    0x0, 0x0, 0x3, 0xff, 0xff, 0xe0, 0x0, 0x0,
    0x0, 0x0, 0x0, 0x0, 0xf, 0xff, 0xff, 0x80,
    0x0, 0x0, 0x0, 0x0, 0x0, 0x0, 0x3f, 0xff,
    0xfe, 0x0, 0x0, 0x0, 0x0, 0x0, 0x0, 0x0,
    0xff, 0xff, 0xf8, 0x0, 0x0, 0x0, 0x0, 0x0,
    0x0, 0x3, 0xff, 0xff, 0xe0, 0x0, 0x0, 0x0,
    0x0, 0x0, 0x0, 0x1f, 0xff, 0xff, 0x80, 0x0,
    0x0, 0x0, 0x0, 0x0, 0x0, 0x7f, 0xff, 0xff,
    0xff, 0xff, 0xff, 0xff, 0xff, 0xc0, 0x1, 0xff,
    0xff, 0xff, 0xff, 0xff, 0xff, 0xff, 0xff, 0x0,
    0x7, 0xff, 0xff, 0xff, 0xff, 0xff, 0xff, 0xff,
    0xfc, 0x0, 0x1f, 0xff, 0xff, 0xff, 0xff, 0xff,
    0xff, 0xff, 0xf0, 0x0, 0xff, 0xff, 0xff, 0xff,
    0xff, 0xff, 0xff, 0xff, 0xc0, 0x3, 0xff, 0xff,
    0xff, 0xff, 0xff, 0xff, 0xff, 0xff, 0x0, 0xf,
    0xff, 0xff, 0xff, 0xff, 0xff, 0xff, 0xff, 0xfc,
    0x0, 0x3f, 0xff, 0xff, 0xff, 0xff, 0xff, 0xff,
    0xff, 0xe0, 0x0, 0xff, 0xff, 0xff, 0xff, 0xff,
    0xff, 0xff, 0xff, 0x80, 0x3, 0xff, 0xff, 0xff,
    0xff, 0xff, 0xff, 0xff, 0xfe, 0x0, 0x1f, 0xff,
    0xff, 0xff, 0xff, 0xff, 0xff, 0xff, 0xf8, 0x0,
    0x7f, 0xff, 0xff, 0xff, 0xff, 0xff, 0xff, 0xff,
    0xe0, 0x1, 0xff, 0xff, 0xff, 0xff, 0xff, 0xff,
    0xff, 0xff, 0x0, 0x7, 0xff, 0xff, 0xff, 0xff,
    0xff, 0xff, 0xff, 0xfc, 0x0, 0x1f, 0xff, 0xff,
    0xff, 0xff, 0xff, 0xff, 0xff, 0xf0, 0x0, 0x7f,
    0xff, 0xff, 0xff, 0xff, 0xff, 0xff, 0xff, 0xc0,
    0x0, 0xff, 0xff, 0xff, 0xff, 0xff, 0xff, 0xff,
    0xfe, 0x0, 0x0,

    /* U+0046 "F" */
    0x0, 0x1, 0xff, 0xff, 0xff, 0xff, 0xff, 0xff,
    0xff, 0xf8, 0x0, 0x1f, 0xff, 0xff, 0xff, 0xff,
    0xff, 0xff, 0xff, 0xf0, 0x0, 0x7f, 0xff, 0xff,
    0xff, 0xff, 0xff, 0xff, 0xff, 0xc0, 0x3, 0xff,
    0xff, 0xff, 0xff, 0xff, 0xff, 0xff, 0xfe, 0x0,
    0xf, 0xff, 0xff, 0xff, 0xff, 0xff, 0xff, 0xff,
    0xf8, 0x0, 0x3f, 0xff, 0xff, 0xff, 0xff, 0xff,
    0xff, 0xff, 0xe0, 0x0, 0xff, 0xff, 0xff, 0xff,
    0xff, 0xff, 0xff, 0xff, 0x80, 0x3, 0xff, 0xff,
    0xff, 0xff, 0xff, 0xff, 0xff, 0xfe, 0x0, 0x1f,
    0xff, 0xff, 0xff, 0xff, 0xff, 0xff, 0xff, 0xf0,
    0x0, 0x7f, 0xff, 0xff, 0xff, 0xff, 0xff, 0xff,
    0xff, 0xc0, 0x1, 0xff, 0xff, 0xff, 0xff, 0xff,
    0xff, 0xff, 0xff, 0x0, 0x7, 0xff, 0xff, 0xff,
    0xff, 0xff, 0xff, 0xff, 0xfc, 0x0, 0x1f, 0xff,
    0xff, 0xff, 0xff, 0xff, 0xff, 0xff, 0xf0, 0x0,
    0xff, 0xff, 0xff, 0xff, 0xff, 0xff, 0xff, 0xff,
    0x80, 0x3, 0xff, 0xff, 0xff, 0xff, 0xff, 0xff,
    0xff, 0xfe, 0x0, 0xf, 0xff, 0xff, 0xff, 0xff,
    0xff, 0xff, 0xff, 0xf8, 0x0, 0x3f, 0xff, 0xff,
    0xff, 0xff, 0xff, 0xff, 0xff, 0xc0, 0x0, 0xff,
    0xff, 0xf8, 0x0, 0x0, 0x0, 0x0, 0x0, 0x0,
    0x3, 0xff, 0xff, 0xe0, 0x0, 0x0, 0x0, 0x0,
    0x0, 0x0, 0x1f, 0xff, 0xff, 0x0, 0x0, 0x0,
    0x0, 0x0, 0x0, 0x0, 0x7f, 0xff, 0xfc, 0x0,
    0x0, 0x0, 0x0, 0x0, 0x0, 0x1, 0xff, 0xff,
    0xf0, 0x0, 0x0, 0x0, 0x0, 0x0, 0x0, 0x7,
    0xff, 0xff, 0xc0, 0x0, 0x0, 0x0, 0x0, 0x0,
    0x0, 0x1f, 0xff, 0xff, 0x0, 0x0, 0x0, 0x0,
    0x0, 0x0, 0x0, 0xff, 0xff, 0xfc, 0x0, 0x0,
    0x0, 0x0, 0x0, 0x0, 0x3, 0xff, 0xff, 0xe0,
    0x0, 0x0, 0x0, 0x0, 0x0, 0x0, 0xf, 0xff,
    0xff, 0x80, 0x0, 0x0, 0x0, 0x0, 0x0, 0x0,
    0x3f, 0xff, 0xff, 0xff, 0xff, 0xff, 0xff, 0xc0,
    0x0, 0x0, 0xff, 0xff, 0xff, 0xff, 0xff, 0xff,
    0xff, 0x80, 0x0, 0x3, 0xff, 0xff, 0xff, 0xff,
    0xff, 0xff, 0xfe, 0x0, 0x0, 0x1f, 0xff, 0xff,
    0xff, 0xff, 0xff, 0xff, 0xf8, 0x0, 0x0, 0x7f,
    0xff, 0xff, 0xff, 0xff, 0xff, 0xff, 0xc0, 0x0,
    0x1, 0xff, 0xff, 0xff, 0xff, 0xff, 0xff, 0xff,
    0x0, 0x0, 0x7, 0xff, 0xff, 0xff, 0xff, 0xff,
    0xff, 0xfc, 0x0, 0x0, 0x1f, 0xff, 0xff, 0xff,
    0xff, 0xff, 0xff, 0xf0, 0x0, 0x0, 0xff, 0xff,
    0xff, 0xff, 0xff, 0xff, 0xff, 0xc0, 0x0, 0x3,
    0xff, 0xff, 0xff, 0xff, 0xff, 0xff, 0xfe, 0x0,
    0x0, 0xf, 0xff, 0xff, 0xff, 0xff, 0xff, 0xff,
    0xf8, 0x0, 0x0, 0x3f, 0xff, 0xff, 0xff, 0xff,
    0xff, 0xff, 0xe0, 0x0, 0x0, 0xff, 0xff, 0xff,
    0xff, 0xff, 0xff, 0xff, 0x80, 0x0, 0x3, 0xff,
    0xff, 0xff, 0xff, 0xff, 0xff, 0xfe, 0x0, 0x0,
    0x1f, 0xff, 0xff, 0xff, 0xff, 0xff, 0xff, 0xf0,
    0x0, 0x0, 0x7f, 0xff, 0xff, 0xff, 0xff, 0xff,
    0xff, 0x80, 0x0, 0x1, 0xff, 0xff, 0xf0, 0x0,
    0x0, 0x0, 0x0, 0x0, 0x0, 0x7, 0xff, 0xff,
    0xc0, 0x0, 0x0, 0x0, 0x0, 0x0, 0x0, 0x1f,
    0xff, 0xff, 0x0, 0x0, 0x0, 0x0, 0x0, 0x0,
    0x0, 0xff, 0xff, 0xfc, 0x0, 0x0, 0x0, 0x0,
    0x0, 0x0, 0x3, 0xff, 0xff, 0xe0, 0x0, 0x0,
    0x0, 0x0, 0x0, 0x0, 0xf, 0xff, 0xff, 0x80,
    0x0, 0x0, 0x0, 0x0, 0x0, 0x0, 0x3f, 0xff,
    0xfe, 0x0, 0x0, 0x0, 0x0, 0x0, 0x0, 0x0,
    0xff, 0xff, 0xf8, 0x0, 0x0, 0x0, 0x0, 0x0,
    0x0, 0x3, 0xff, 0xff, 0xe0, 0x0, 0x0, 0x0,
    0x0, 0x0, 0x0, 0x1f, 0xff, 0xff, 0x0, 0x0,
    0x0, 0x0, 0x0, 0x0, 0x0, 0x7f, 0xff, 0xfc,
    0x0, 0x0, 0x0, 0x0, 0x0, 0x0, 0x1, 0xff,
    0xff, 0xf0, 0x0, 0x0, 0x0, 0x0, 0x0, 0x0,
    0x7, 0xff, 0xff, 0xc0, 0x0, 0x0, 0x0, 0x0,
    0x0, 0x0, 0x1f, 0xff, 0xff, 0x0, 0x0, 0x0,
    0x0, 0x0, 0x0, 0x0, 0xff, 0xff, 0xfc, 0x0,
    0x0, 0x0, 0x0, 0x0, 0x0, 0x3, 0xff, 0xff,
    0xe0, 0x0, 0x0, 0x0, 0x0, 0x0, 0x0, 0xf,
    0xff, 0xff, 0x80, 0x0, 0x0, 0x0, 0x0, 0x0,
    0x0, 0x3f, 0xff, 0xfe, 0x0, 0x0, 0x0, 0x0,
    0x0, 0x0, 0x0, 0xff, 0xff, 0xf8, 0x0, 0x0,
    0x0, 0x0, 0x0, 0x0, 0x3, 0xff, 0xff, 0xe0,
    0x0, 0x0, 0x0, 0x0, 0x0, 0x0, 0x1f, 0xff,
    0xff, 0x0, 0x0, 0x0, 0x0, 0x0, 0x0, 0x0,
    0x7f, 0xff, 0xfc, 0x0, 0x0, 0x0, 0x0, 0x0,
    0x0, 0x1, 0xff, 0xff, 0xf0, 0x0, 0x0, 0x0,
    0x0, 0x0, 0x0, 0x7, 0xff, 0xff, 0xc0, 0x0,
    0x0, 0x0, 0x0, 0x0, 0x0, 0x1f, 0xff, 0xfe,
    0x0, 0x0, 0x0, 0x0, 0x0, 0x0, 0x0, 0x7f,
    0xff, 0xf8, 0x0, 0x0, 0x0, 0x0, 0x0, 0x0,
    0x0, 0xff, 0xff, 0x80, 0x0, 0x0, 0x0, 0x0,
    0x0, 0x0, 0x0,

    /* U+0047 "G" */
    0x0, 0x0, 0x0, 0x7f, 0xff, 0xff, 0xff, 0xff,
    0xff, 0xff, 0xc0, 0x0, 0x0, 0x3f, 0xff, 0xff,
    0xff, 0xff, 0xff, 0xff, 0xfe, 0x0, 0x0, 0xf,
    0xff, 0xff, 0xff, 0xff, 0xff, 0xff, 0xff, 0xf0,
    0x0, 0x3, 0xff, 0xff, 0xff, 0xff, 0xff, 0xff,
    0xff, 0xff, 0x0, 0x0, 0xff, 0xff, 0xff, 0xff,
    0xff, 0xff, 0xff, 0xff, 0xe0, 0x0, 0x1f, 0xff,
    0xff, 0xff, 0xff, 0xff, 0xff, 0xff, 0xfe, 0x0,
    0x3, 0xff, 0xff, 0xff, 0xff, 0xff, 0xff, 0xff,
    0xff, 0xe0, 0x0, 0x7f, 0xff, 0xff, 0xff, 0xff,
    0xff, 0xff, 0xff, 0xfe, 0x0, 0xf, 0xff, 0xff,
    0xff, 0xff, 0xff, 0xff, 0xff, 0xff, 0xe0, 0x1,
    0xff, 0xff, 0xff, 0xff, 0xff, 0xff, 0xff, 0xff,
    0xfe, 0x0, 0x1f, 0xff, 0xff, 0xff, 0xff, 0xff,
    0xff, 0xff, 0xff, 0xc0, 0x3, 0xff, 0xff, 0xff,
    0xff, 0xff, 0xff, 0xff, 0xff, 0xfc, 0x0, 0x3f,
    0xff, 0xff, 0xff, 0xff, 0xff, 0xff, 0xff, 0xff,
    0xc0, 0x7, 0xff, 0xff, 0xff, 0xff, 0xff, 0xff,
    0xff, 0xff, 0xfc, 0x0, 0x7f, 0xff, 0xff, 0xff,
    0xff, 0xff, 0xff, 0xff, 0xff, 0x80, 0xf, 0xff,
    0xff, 0xff, 0xff, 0xff, 0xff, 0xff, 0xff, 0xf8,
    0x0, 0xff, 0xff, 0xff, 0xff, 0xff, 0xff, 0xff,
    0xff, 0xfe, 0x0, 0xf, 0xff, 0xff, 0xc0, 0x0,
    0x0, 0x0, 0x0, 0x0, 0x0, 0x0, 0xff, 0xff,
    0xf8, 0x0, 0x0, 0x0, 0x0, 0x0, 0x0, 0x0,
    0x1f, 0xff, 0xff, 0x80, 0x0, 0x0, 0x0, 0x0,
    0x0, 0x0, 0x1, 0xff, 0xff, 0xf0, 0x0, 0x0,
    0x0, 0x0, 0x0, 0x0, 0x0, 0x1f, 0xff, 0xff,
    0x0, 0x0, 0x0, 0x0, 0x0, 0x0, 0x0, 0x1,
    0xff, 0xff, 0xf0, 0x0, 0x0, 0x0, 0x0, 0x0,
    0x0, 0x0, 0x1f, 0xff, 0xff, 0x0, 0x0, 0x0,
    0x0, 0x0, 0x0, 0x0, 0x3, 0xff, 0xff, 0xf0,
    0x0, 0x0, 0x0, 0x0, 0x0, 0x0, 0x0, 0x3f,
    0xff, 0xfe, 0x0, 0x0, 0x0, 0x0, 0x0, 0x0,
    0x0, 0x3, 0xff, 0xff, 0xe0, 0x0, 0x0, 0x0,
    0x0, 0x0, 0x0, 0x0, 0x3f, 0xff, 0xfe, 0x0,
    0x7, 0xff, 0xff, 0xff, 0xff, 0x80, 0x3, 0xff,
    0xff, 0xe0, 0x0, 0xff, 0xff, 0xff, 0xff, 0xfc,
    0x0, 0x3f, 0xff, 0xfe, 0x0, 0xf, 0xff, 0xff,
    0xff, 0xff, 0xe0, 0x7, 0xff, 0xff, 0xe0, 0x0,
    0xff, 0xff, 0xff, 0xff, 0xfe, 0x0, 0x7f, 0xff,
    0xfc, 0x0, 0x1f, 0xff, 0xff, 0xff, 0xff, 0xe0,
    0x7, 0xff, 0xff, 0xc0, 0x1, 0xff, 0xff, 0xff,
    0xff, 0xfe, 0x0, 0x7f, 0xff, 0xfc, 0x0, 0x1f,
    0xff, 0xff, 0xff, 0xff, 0xc0, 0x7, 0xff, 0xff,
    0xc0, 0x1, 0xff, 0xff, 0xff, 0xff, 0xfc, 0x0,
    0x7f, 0xff, 0xfc, 0x0, 0x1f, 0xff, 0xff, 0xff,
    0xff, 0xc0, 0xf, 0xff, 0xff, 0xc0, 0x1, 0xff,
    0xff, 0xff, 0xff, 0xfc, 0x0, 0xff, 0xff, 0xf8,
    0x0, 0x3f, 0xff, 0xff, 0xff, 0xff, 0xc0, 0xf,
    0xff, 0xff, 0x80, 0x3, 0xff, 0xff, 0xff, 0xff,
    0xf8, 0x0, 0xff, 0xff, 0xf8, 0x0, 0x3f, 0xff,
    0xff, 0xff, 0xff, 0x80, 0xf, 0xff, 0xff, 0x80,
    0x3, 0xff, 0xff, 0xff, 0xff, 0xf8, 0x1, 0xff,
    0xff, 0xf8, 0x0, 0x3f, 0xff, 0xff, 0xff, 0xff,
    0x80, 0x1f, 0xff, 0xff, 0x80, 0x3, 0xff, 0xff,
    0xff, 0xff, 0xf8, 0x1, 0xff, 0xff, 0xf0, 0x0,
    0x0, 0x0, 0x1f, 0xff, 0xff, 0x80, 0x1f, 0xff,
    0xff, 0x0, 0x0, 0x0, 0x1, 0xff, 0xff, 0xf0,
    0x1, 0xff, 0xff, 0xf0, 0x0, 0x0, 0x0, 0x1f,
    0xff, 0xff, 0x0, 0x1f, 0xff, 0xff, 0x0, 0x0,
    0x0, 0x1, 0xff, 0xff, 0xf0, 0x3, 0xff, 0xff,
    0xf0, 0x0, 0x0, 0x0, 0x1f, 0xff, 0xff, 0x0,
    0x3f, 0xff, 0xff, 0x0, 0x0, 0x0, 0x1, 0xff,
    0xff, 0xf0, 0x3, 0xff, 0xff, 0xe0, 0x0, 0x0,
    0x0, 0x1f, 0xff, 0xfe, 0x0, 0x3f, 0xff, 0xfe,
    0x0, 0x0, 0x0, 0x3, 0xff, 0xff, 0xe0, 0x3,
    0xff, 0xff, 0xe0, 0x0, 0x0, 0x0, 0x3f, 0xff,
    0xfe, 0x0, 0x7f, 0xff, 0xff, 0x0, 0x0, 0x0,
    0x3, 0xff, 0xff, 0xe0, 0x7, 0xff, 0xff, 0xff,
    0xff, 0xff, 0xff, 0xff, 0xff, 0xfe, 0x0, 0x7f,
    0xff, 0xff, 0xff, 0xff, 0xff, 0xff, 0xff, 0xff,
    0xe0, 0x7, 0xff, 0xff, 0xff, 0xff, 0xff, 0xff,
    0xff, 0xff, 0xfc, 0x0, 0x7f, 0xff, 0xff, 0xff,
    0xff, 0xff, 0xff, 0xff, 0xff, 0xc0, 0x7, 0xff,
    0xff, 0xff, 0xff, 0xff, 0xff, 0xff, 0xff, 0xfc,
    0x0, 0x3f, 0xff, 0xff, 0xff, 0xff, 0xff, 0xff,
    0xff, 0xff, 0xc0, 0x3, 0xff, 0xff, 0xff, 0xff,
    0xff, 0xff, 0xff, 0xff, 0xfc, 0x0, 0x3f, 0xff,
    0xff, 0xff, 0xff, 0xff, 0xff, 0xff, 0xff, 0x80,
    0x1, 0xff, 0xff, 0xff, 0xff, 0xff, 0xff, 0xff,
    0xff, 0xf8, 0x0, 0x1f, 0xff, 0xff, 0xff, 0xff,
    0xff, 0xff, 0xff, 0xff, 0x80, 0x0, 0xff, 0xff,
    0xff, 0xff, 0xff, 0xff, 0xff, 0xff, 0xf8, 0x0,
    0xf, 0xff, 0xff, 0xff, 0xff, 0xff, 0xff, 0xff,
    0xff, 0x80, 0x0, 0x7f, 0xff, 0xff, 0xff, 0xff,
    0xff, 0xff, 0xff, 0xf8, 0x0, 0x3, 0xff, 0xff,
    0xff, 0xff, 0xff, 0xff, 0xff, 0xff, 0x0, 0x0,
    0xf, 0xff, 0xff, 0xff, 0xff, 0xff, 0xff, 0xff,
    0xf0, 0x0, 0x0, 0x3f, 0xff, 0xff, 0xff, 0xff,
    0xff, 0xff, 0xfe, 0x0, 0x0, 0x0, 0x7f, 0xff,
    0xff, 0xff, 0xff, 0xff, 0xff, 0xc0, 0x0,

    /* U+0048 "H" */
    0x0, 0x1, 0xff, 0xff, 0x0, 0x0, 0x0, 0x1,
    0xff, 0xff, 0x0, 0x1, 0xff, 0xff, 0xe0, 0x0,
    0x0, 0x0, 0xff, 0xff, 0xe0, 0x0, 0x7f, 0xff,
    0xf8, 0x0, 0x0, 0x0, 0x7f, 0xff, 0xf8, 0x0,
    0x3f, 0xff, 0xfe, 0x0, 0x0, 0x0, 0x3f, 0xff,
    0xff, 0x0, 0xf, 0xff, 0xff, 0x80, 0x0, 0x0,
    0xf, 0xff, 0xff, 0x80, 0x3, 0xff, 0xff, 0xe0,
    0x0, 0x0, 0x3, 0xff, 0xff, 0xe0, 0x0, 0xff,
    0xff, 0xf8, 0x0, 0x0, 0x0, 0xff, 0xff, 0xf8,
    0x0, 0x7f, 0xff, 0xfe, 0x0, 0x0, 0x0, 0x3f,
    0xff, 0xfe, 0x0, 0x1f, 0xff, 0xff, 0x0, 0x0,
    0x0, 0xf, 0xff, 0xff, 0x80, 0x7, 0xff, 0xff,
    0xc0, 0x0, 0x0, 0x7, 0xff, 0xff, 0xc0, 0x1,
    0xff, 0xff, 0xf0, 0x0, 0x0, 0x1, 0xff, 0xff,
    0xf0, 0x0, 0x7f, 0xff, 0xfc, 0x0, 0x0, 0x0,
    0x7f, 0xff, 0xfc, 0x0, 0x1f, 0xff, 0xff, 0x0,
    0x0, 0x0, 0x1f, 0xff, 0xff, 0x0, 0xf, 0xff,
    0xff, 0x80, 0x0, 0x0, 0x7, 0xff, 0xff, 0xc0,
    0x3, 0xff, 0xff, 0xe0, 0x0, 0x0, 0x3, 0xff,
    0xff, 0xf0, 0x0, 0xff, 0xff, 0xf8, 0x0, 0x0,
    0x0, 0xff, 0xff, 0xf8, 0x0, 0x3f, 0xff, 0xfe,
    0x0, 0x0, 0x0, 0x3f, 0xff, 0xfe, 0x0, 0xf,
    0xff, 0xff, 0x80, 0x0, 0x0, 0xf, 0xff, 0xff,
    0x80, 0x7, 0xff, 0xff, 0xe0, 0x0, 0x0, 0x3,
    0xff, 0xff, 0xe0, 0x1, 0xff, 0xff, 0xf0, 0x0,
    0x0, 0x0, 0xff, 0xff, 0xf8, 0x0, 0x7f, 0xff,
    0xfc, 0x0, 0x0, 0x0, 0x7f, 0xff, 0xfc, 0x0,
    0x1f, 0xff, 0xff, 0x0, 0x0, 0x0, 0x1f, 0xff,
    0xff, 0x0, 0x7, 0xff, 0xff, 0xc0, 0x0, 0x0,
    0x7, 0xff, 0xff, 0xc0, 0x1, 0xff, 0xff, 0xf0,
    0x0, 0x0, 0x1, 0xff, 0xff, 0xf0, 0x0, 0xff,
    0xff, 0xfc, 0x0, 0x0, 0x0, 0x7f, 0xff, 0xfc,
    0x0, 0x3f, 0xff, 0xfe, 0x0, 0x0, 0x0, 0x1f,
    0xff, 0xff, 0x0, 0xf, 0xff, 0xff, 0x80, 0x0,
    0x0, 0xf, 0xff, 0xff, 0x80, 0x3, 0xff, 0xff,
    0xff, 0xff, 0xff, 0xff, 0xff, 0xff, 0xe0, 0x0,
    0xff, 0xff, 0xff, 0xff, 0xff, 0xff, 0xff, 0xff,
    0xf8, 0x0, 0x7f, 0xff, 0xff, 0xff, 0xff, 0xff,
    0xff, 0xff, 0xfe, 0x0, 0x1f, 0xff, 0xff, 0xff,
    0xff, 0xff, 0xff, 0xff, 0xff, 0x80, 0x7, 0xff,
    0xff, 0xff, 0xff, 0xff, 0xff, 0xff, 0xff, 0xc0,
    0x1, 0xff, 0xff, 0xff, 0xff, 0xff, 0xff, 0xff,
    0xff, 0xf0, 0x0, 0x7f, 0xff, 0xff, 0xff, 0xff,
    0xff, 0xff, 0xff, 0xfc, 0x0, 0x1f, 0xff, 0xff,
    0xff, 0xff, 0xff, 0xff, 0xff, 0xff, 0x0, 0xf,
    0xff, 0xff, 0xff, 0xff, 0xff, 0xff, 0xff, 0xff,
    0xc0, 0x3, 0xff, 0xff, 0xff, 0xff, 0xff, 0xff,
    0xff, 0xff, 0xf0, 0x0, 0xff, 0xff, 0xff, 0xff,
    0xff, 0xff, 0xff, 0xff, 0xf8, 0x0, 0x3f, 0xff,
    0xff, 0xff, 0xff, 0xff, 0xff, 0xff, 0xfe, 0x0,
    0xf, 0xff, 0xff, 0xff, 0xff, 0xff, 0xff, 0xff,
    0xff, 0x80, 0x7, 0xff, 0xff, 0xff, 0xff, 0xff,
    0xff, 0xff, 0xff, 0xe0, 0x1, 0xff, 0xff, 0xff,
    0xff, 0xff, 0xff, 0xff, 0xff, 0xf8, 0x0, 0x7f,
    0xff, 0xff, 0xff, 0xff, 0xff, 0xff, 0xff, 0xfc,
    0x0, 0x1f, 0xff, 0xff, 0x0, 0x0, 0x0, 0x1f,
    0xff, 0xff, 0x0, 0x7, 0xff, 0xff, 0xc0, 0x0,
    0x0, 0x7, 0xff, 0xff, 0xc0, 0x1, 0xff, 0xff,
    0xf0, 0x0, 0x0, 0x1, 0xff, 0xff, 0xf0, 0x0,
    0xff, 0xff, 0xf8, 0x0, 0x0, 0x0, 0x7f, 0xff,
    0xfc, 0x0, 0x3f, 0xff, 0xfe, 0x0, 0x0, 0x0,
    0x3f, 0xff, 0xff, 0x0, 0xf, 0xff, 0xff, 0x80,
    0x0, 0x0, 0xf, 0xff, 0xff, 0x80, 0x3, 0xff,
    0xff, 0xe0, 0x0, 0x0, 0x3, 0xff, 0xff, 0xe0,
    0x0, 0xff, 0xff, 0xf8, 0x0, 0x0, 0x0, 0xff,
    0xff, 0xf8, 0x0, 0x7f, 0xff, 0xfe, 0x0, 0x0,
    0x0, 0x3f, 0xff, 0xfe, 0x0, 0x1f, 0xff, 0xff,
    0x0, 0x0, 0x0, 0xf, 0xff, 0xff, 0x80, 0x7,
    0xff, 0xff, 0xc0, 0x0, 0x0, 0x7, 0xff, 0xff,
    0xe0, 0x1, 0xff, 0xff, 0xf0, 0x0, 0x0, 0x1,
    0xff, 0xff, 0xf0, 0x0, 0x7f, 0xff, 0xfc, 0x0,
    0x0, 0x0, 0x7f, 0xff, 0xfc, 0x0, 0x1f, 0xff,
    0xff, 0x0, 0x0, 0x0, 0x1f, 0xff, 0xff, 0x0,
    0xf, 0xff, 0xff, 0x80, 0x0, 0x0, 0x7, 0xff,
    0xff, 0xc0, 0x3, 0xff, 0xff, 0xe0, 0x0, 0x0,
    0x3, 0xff, 0xff, 0xf0, 0x0, 0xff, 0xff, 0xf8,
    0x0, 0x0, 0x0, 0xff, 0xff, 0xf8, 0x0, 0x3f,
    0xff, 0xfe, 0x0, 0x0, 0x0, 0x3f, 0xff, 0xfe,
    0x0, 0xf, 0xff, 0xff, 0x80, 0x0, 0x0, 0xf,
    0xff, 0xff, 0x80, 0x7, 0xff, 0xff, 0xe0, 0x0,
    0x0, 0x3, 0xff, 0xff, 0xe0, 0x1, 0xff, 0xff,
    0xf0, 0x0, 0x0, 0x0, 0xff, 0xff, 0xf8, 0x0,
    0x7f, 0xff, 0xfc, 0x0, 0x0, 0x0, 0x7f, 0xff,
    0xfe, 0x0, 0x1f, 0xff, 0xff, 0x0, 0x0, 0x0,
    0x1f, 0xff, 0xff, 0x0, 0x7, 0xff, 0xff, 0xc0,
    0x0, 0x0, 0x7, 0xff, 0xff, 0xc0, 0x1, 0xff,
    0xff, 0xe0, 0x0, 0x0, 0x1, 0xff, 0xff, 0xf0,
    0x0, 0x7f, 0xff, 0xf8, 0x0, 0x0, 0x0, 0x7f,
    0xff, 0xf8, 0x0, 0xf, 0xff, 0xf8, 0x0, 0x0,
    0x0, 0x7, 0xff, 0xfc, 0x0, 0x0,

    /* U+0049 "I" */
    0x0, 0x1, 0xff, 0xff, 0x0, 0x1, 0xff, 0xff,
    0xe0, 0x0, 0x7f, 0xff, 0xf8, 0x0, 0x3f, 0xff,
    0xfe, 0x0, 0xf, 0xff, 0xff, 0x80, 0x3, 0xff,
    0xff, 0xe0, 0x0, 0xff, 0xff, 0xf8, 0x0, 0x7f,
    0xff, 0xfe, 0x0, 0x1f, 0xff, 0xff, 0x0, 0x7,
    0xff, 0xff, 0xc0, 0x1, 0xff, 0xff, 0xf0, 0x0,
    0x7f, 0xff, 0xfc, 0x0, 0x1f, 0xff, 0xff, 0x0,
    0xf, 0xff, 0xff, 0x80, 0x3, 0xff, 0xff, 0xe0,
    0x0, 0xff, 0xff, 0xf8, 0x0, 0x3f, 0xff, 0xfe,
    0x0, 0xf, 0xff, 0xff, 0x80, 0x7, 0xff, 0xff,
    0xe0, 0x1, 0xff, 0xff, 0xf0, 0x0, 0x7f, 0xff,
    0xfc, 0x0, 0x1f, 0xff, 0xff, 0x0, 0x7, 0xff,
    0xff, 0xc0, 0x1, 0xff, 0xff, 0xf0, 0x0, 0xff,
    0xff, 0xf8, 0x0, 0x3f, 0xff, 0xfe, 0x0, 0xf,
    0xff, 0xff, 0x80, 0x3, 0xff, 0xff, 0xe0, 0x0,
    0xff, 0xff, 0xf8, 0x0, 0x7f, 0xff, 0xfe, 0x0,
    0x1f, 0xff, 0xff, 0x0, 0x7, 0xff, 0xff, 0xc0,
    0x1, 0xff, 0xff, 0xf0, 0x0, 0x7f, 0xff, 0xfc,
    0x0, 0x1f, 0xff, 0xff, 0x0, 0xf, 0xff, 0xff,
    0x80, 0x3, 0xff, 0xff, 0xe0, 0x0, 0xff, 0xff,
    0xf8, 0x0, 0x3f, 0xff, 0xfe, 0x0, 0xf, 0xff,
    0xff, 0x80, 0x7, 0xff, 0xff, 0xe0, 0x1, 0xff,
    0xff, 0xf0, 0x0, 0x7f, 0xff, 0xfc, 0x0, 0x1f,
    0xff, 0xff, 0x0, 0x7, 0xff, 0xff, 0xc0, 0x1,
    0xff, 0xff, 0xf0, 0x0, 0xff, 0xff, 0xf8, 0x0,
    0x3f, 0xff, 0xfe, 0x0, 0xf, 0xff, 0xff, 0x80,
    0x3, 0xff, 0xff, 0xe0, 0x0, 0xff, 0xff, 0xf8,
    0x0, 0x7f, 0xff, 0xfe, 0x0, 0x1f, 0xff, 0xff,
    0x0, 0x7, 0xff, 0xff, 0xc0, 0x1, 0xff, 0xff,
    0xf0, 0x0, 0x7f, 0xff, 0xfc, 0x0, 0x1f, 0xff,
    0xff, 0x0, 0xf, 0xff, 0xff, 0x80, 0x3, 0xff,
    0xff, 0xe0, 0x0, 0xff, 0xff, 0xf8, 0x0, 0x3f,
    0xff, 0xfe, 0x0, 0xf, 0xff, 0xff, 0x80, 0x7,
    0xff, 0xff, 0xe0, 0x1, 0xff, 0xff, 0xf0, 0x0,
    0x7f, 0xff, 0xfc, 0x0, 0x1f, 0xff, 0xff, 0x0,
    0x7, 0xff, 0xff, 0xc0, 0x1, 0xff, 0xff, 0xe0,
    0x0, 0x7f, 0xff, 0xf8, 0x0, 0xf, 0xff, 0xf8,
    0x0, 0x0,

    /* U+004A "J" */
    0x0, 0x0, 0x0, 0x0, 0x0, 0x0, 0x7, 0xff,
    0xfc, 0x0, 0x0, 0x0, 0x0, 0x0, 0x0, 0x3f,
    0xff, 0xfc, 0x0, 0x0, 0x0, 0x0, 0x0, 0x0,
    0xff, 0xff, 0xf8, 0x0, 0x0, 0x0, 0x0, 0x0,
    0x1, 0xff, 0xff, 0xf0, 0x0, 0x0, 0x0, 0x0,
    0x0, 0x3, 0xff, 0xff, 0xe0, 0x0, 0x0, 0x0,
    0x0, 0x0, 0x7, 0xff, 0xff, 0xc0, 0x0, 0x0,
    0x0, 0x0, 0x0, 0x1f, 0xff, 0xff, 0x80, 0x0,
    0x0, 0x0, 0x0, 0x0, 0x3f, 0xff, 0xfe, 0x0,
    0x0, 0x0, 0x0, 0x0, 0x0, 0x7f, 0xff, 0xfc,
    0x0, 0x0, 0x0, 0x0, 0x0, 0x0, 0xff, 0xff,
    0xf8, 0x0, 0x0, 0x0, 0x0, 0x0, 0x1, 0xff,
    0xff, 0xf0, 0x0, 0x0, 0x0, 0x0, 0x0, 0x3,
    0xff, 0xff, 0xe0, 0x0, 0x0, 0x0, 0x0, 0x0,
    0xf, 0xff, 0xff, 0x80, 0x0, 0x0, 0x0, 0x0,
    0x0, 0x1f, 0xff, 0xff, 0x0, 0x0, 0x0, 0x0,
    0x0, 0x0, 0x3f, 0xff, 0xfe, 0x0, 0x0, 0x0,
    0x0, 0x0, 0x0, 0x7f, 0xff, 0xfc, 0x0, 0x0,
    0x0, 0x0, 0x0, 0x0, 0xff, 0xff, 0xf8, 0x0,
    0x0, 0x0, 0x0, 0x0, 0x1, 0xff, 0xff, 0xf0,
    0x0, 0x0, 0x0, 0x0, 0x0, 0x7, 0xff, 0xff,
    0xc0, 0x0, 0x0, 0x0, 0x0, 0x0, 0xf, 0xff,
    0xff, 0x80, 0x0, 0x0, 0x0, 0x0, 0x0, 0x1f,
    0xff, 0xff, 0x0, 0x0, 0x0, 0x0, 0x0, 0x0,
    0x3f, 0xff, 0xfe, 0x0, 0x0, 0x0, 0x0, 0x0,
    0x0, 0x7f, 0xff, 0xfc, 0x0, 0x0, 0x0, 0x0,
    0x0, 0x1, 0xff, 0xff, 0xf0, 0x0, 0x0, 0x0,
    0x0, 0x0, 0x3, 0xff, 0xff, 0xe0, 0x0, 0x0,
    0x0, 0x0, 0x0, 0x7, 0xff, 0xff, 0xc0, 0x0,
    0x0, 0x0, 0x0, 0x0, 0xf, 0xff, 0xff, 0x80,
    0x0, 0x0, 0x0, 0x0, 0x0, 0x1f, 0xff, 0xff,
    0x0, 0x0, 0x0, 0x0, 0x0, 0x0, 0x3f, 0xff,
    0xfe, 0x0, 0x0, 0x0, 0x0, 0x0, 0x0, 0xff,
    0xff, 0xf8, 0x0, 0x0, 0x0, 0x0, 0x0, 0x1,
    0xff, 0xff, 0xf0, 0x0, 0x0, 0x0, 0x0, 0x0,
    0x3, 0xff, 0xff, 0xe0, 0x0, 0x0, 0x0, 0x0,
    0x0, 0x7, 0xff, 0xff, 0xc0, 0x0, 0x0, 0x0,
    0x0, 0x0, 0xf, 0xff, 0xff, 0x80, 0x0, 0x0,
    0x0, 0x0, 0x0, 0x1f, 0xff, 0xff, 0x0, 0x0,
    0x0, 0x0, 0x0, 0x0, 0x7f, 0xff, 0xfc, 0x0,
    0x0, 0x0, 0x0, 0x0, 0x0, 0xff, 0xff, 0xf8,
    0x0, 0x0, 0x0, 0x0, 0x0, 0x1, 0xff, 0xff,
    0xf0, 0x0, 0x0, 0x0, 0x0, 0x0, 0x3, 0xff,
    0xff, 0xe0, 0x0, 0x0, 0x0, 0x0, 0x0, 0x7,
    0xff, 0xff, 0xc0, 0x0, 0x0, 0x0, 0x0, 0x0,
    0x1f, 0xff, 0xff, 0x0, 0x0, 0x0, 0x0, 0x0,
    0x0, 0x3f, 0xff, 0xfe, 0x0, 0x0, 0x0, 0x0,
    0x0, 0x0, 0x7f, 0xff, 0xfc, 0x0, 0x0, 0x0,
    0x0, 0x0, 0x0, 0xff, 0xff, 0xf8, 0x0, 0x0,
    0x0, 0x0, 0x0, 0x1, 0xff, 0xff, 0xf0, 0x0,
    0x0, 0x0, 0x0, 0x0, 0x3, 0xff, 0xff, 0xe0,
    0x0, 0x0, 0x0, 0x0, 0x0, 0xf, 0xff, 0xff,
    0x80, 0x0, 0x0, 0x0, 0x0, 0x0, 0x1f, 0xff,
    0xff, 0x0, 0x0, 0x0, 0x0, 0x0, 0x0, 0x3f,
    0xff, 0xfe, 0x0, 0x0, 0x0, 0x0, 0x0, 0x0,
    0x7f, 0xff, 0xfc, 0x0, 0x0, 0x0, 0x0, 0x0,
    0x0, 0xff, 0xff, 0xf8, 0x0, 0x0, 0x0, 0x0,
    0x0, 0x3, 0xff, 0xff, 0xe0, 0x0, 0x0, 0x0,
    0x0, 0x0, 0xf, 0xff, 0xff, 0xc0, 0x0, 0xff,
    0xff, 0xff, 0xff, 0xff, 0xff, 0xff, 0x80, 0x7,
    0xff, 0xff, 0xff, 0xff, 0xff, 0xff, 0xff, 0x0,
    0x1f, 0xff, 0xff, 0xff, 0xff, 0xff, 0xff, 0xfc,
    0x0, 0x3f, 0xff, 0xff, 0xff, 0xff, 0xff, 0xff,
    0xf8, 0x0, 0x7f, 0xff, 0xff, 0xff, 0xff, 0xff,
    0xff, 0xe0, 0x0, 0xff, 0xff, 0xff, 0xff, 0xff,
    0xff, 0xff, 0xc0, 0x1, 0xff, 0xff, 0xff, 0xff,
    0xff, 0xff, 0xff, 0x0, 0x7, 0xff, 0xff, 0xff,
    0xff, 0xff, 0xff, 0xfe, 0x0, 0xf, 0xff, 0xff,
    0xff, 0xff, 0xff, 0xff, 0xf8, 0x0, 0x1f, 0xff,
    0xff, 0xff, 0xff, 0xff, 0xff, 0xe0, 0x0, 0x3f,
    0xff, 0xff, 0xff, 0xff, 0xff, 0xff, 0x80, 0x0,
    0x7f, 0xff, 0xff, 0xff, 0xff, 0xff, 0xfe, 0x0,
    0x1, 0xff, 0xff, 0xff, 0xff, 0xff, 0xff, 0xf8,
    0x0, 0x3, 0xff, 0xff, 0xff, 0xff, 0xff, 0xff,
    0xc0, 0x0, 0x7, 0xff, 0xff, 0xff, 0xff, 0xff,
    0xfe, 0x0, 0x0, 0xf, 0xff, 0xff, 0xff, 0xff,
    0xff, 0xf0, 0x0, 0x0, 0x7, 0xff, 0xff, 0xff,
    0xff, 0xff, 0x0, 0x0, 0x0, 0x0,

    /* U+004B "K" */
    0x0, 0x1, 0xff, 0xff, 0x0, 0x0, 0x0, 0x1f,
    0xff, 0xff, 0xe0, 0x0, 0x7f, 0xff, 0xf8, 0x0,
    0x0, 0x3, 0xff, 0xff, 0xfe, 0x0, 0x7, 0xff,
    0xff, 0x80, 0x0, 0x0, 0x7f, 0xff, 0xff, 0xe0,
    0x0, 0xff, 0xff, 0xf8, 0x0, 0x0, 0xf, 0xff,
    0xff, 0xfc, 0x0, 0xf, 0xff, 0xff, 0x80, 0x0,
    0x1, 0xff, 0xff, 0xff, 0x80, 0x0, 0xff, 0xff,
    0xf8, 0x0, 0x0, 0x3f, 0xff, 0xff, 0xf0, 0x0,
    0xf, 0xff, 0xff, 0x80, 0x0, 0x7, 0xff, 0xff,
    0xfe, 0x0, 0x0, 0xff, 0xff, 0xf8, 0x0, 0x0,
    0xff, 0xff, 0xff, 0xc0, 0x0, 0x1f, 0xff, 0xff,
    0x0, 0x0, 0x1f, 0xff, 0xff, 0xf8, 0x0, 0x1,
    0xff, 0xff, 0xf0, 0x0, 0x3, 0xff, 0xff, 0xff,
    0x0, 0x0, 0x1f, 0xff, 0xff, 0x0, 0x0, 0x7f,
    0xff, 0xff, 0xe0, 0x0, 0x1, 0xff, 0xff, 0xf0,
    0x0, 0xf, 0xff, 0xff, 0xfc, 0x0, 0x0, 0x1f,
    0xff, 0xff, 0x0, 0x1, 0xff, 0xff, 0xff, 0x80,
    0x0, 0x3, 0xff, 0xff, 0xf0, 0x0, 0x3f, 0xff,
    0xff, 0xf0, 0x0, 0x0, 0x3f, 0xff, 0xfe, 0x0,
    0xf, 0xff, 0xff, 0xfe, 0x0, 0x0, 0x3, 0xff,
    0xff, 0xe0, 0x1, 0xff, 0xff, 0xff, 0x80, 0x0,
    0x0, 0x3f, 0xff, 0xfe, 0x0, 0x3f, 0xff, 0xff,
    0xf0, 0x0, 0x0, 0x3, 0xff, 0xff, 0xe0, 0x7,
    0xff, 0xff, 0xfe, 0x0, 0x0, 0x0, 0x3f, 0xff,
    0xfe, 0x0, 0xff, 0xff, 0xff, 0xc0, 0x0, 0x0,
    0x7, 0xff, 0xff, 0xc0, 0x1f, 0xff, 0xff, 0xf8,
    0x0, 0x0, 0x0, 0x7f, 0xff, 0xfc, 0x3, 0xff,
    0xff, 0xff, 0x0, 0x0, 0x0, 0x7, 0xff, 0xff,
    0xc0, 0x7f, 0xff, 0xff, 0xe0, 0x0, 0x0, 0x0,
    0x7f, 0xff, 0xfc, 0xf, 0xff, 0xff, 0xfc, 0x0,
    0x0, 0x0, 0x7, 0xff, 0xff, 0xc1, 0xff, 0xff,
    0xff, 0x80, 0x0, 0x0, 0x0, 0xff, 0xff, 0xfc,
    0x3f, 0xff, 0xff, 0xf0, 0x0, 0x0, 0x0, 0xf,
    0xff, 0xff, 0x87, 0xff, 0xff, 0xfe, 0x0, 0x0,
    0x0, 0x0, 0xff, 0xff, 0xf8, 0xff, 0xff, 0xff,
    0xc0, 0x0, 0x0, 0x0, 0xf, 0xff, 0xff, 0x9f,
    0xff, 0xff, 0xf8, 0x0, 0x0, 0x0, 0x0, 0xff,
    0xff, 0xfb, 0xff, 0xff, 0xff, 0x0, 0x0, 0x0,
    0x0, 0xf, 0xff, 0xff, 0xff, 0xff, 0xff, 0xe0,
    0x0, 0x0, 0x0, 0x1, 0xff, 0xff, 0xff, 0xff,
    0xff, 0xfc, 0x0, 0x0, 0x0, 0x0, 0x1f, 0xff,
    0xff, 0xff, 0xff, 0xff, 0x80, 0x0, 0x0, 0x0,
    0x1, 0xff, 0xff, 0xff, 0xff, 0xff, 0xf0, 0x0,
    0x0, 0x0, 0x0, 0x1f, 0xff, 0xff, 0xff, 0xff,
    0xfe, 0x0, 0x0, 0x0, 0x0, 0x1, 0xff, 0xff,
    0xff, 0xff, 0xff, 0xc0, 0x0, 0x0, 0x0, 0x0,
    0x3f, 0xff, 0xff, 0xff, 0xff, 0xf8, 0x0, 0x0,
    0x0, 0x0, 0x3, 0xff, 0xff, 0xff, 0xff, 0xff,
    0xc0, 0x0, 0x0, 0x0, 0x0, 0x3f, 0xff, 0xff,
    0xff, 0xff, 0xfe, 0x0, 0x0, 0x0, 0x0, 0x3,
    0xff, 0xff, 0xff, 0xff, 0xff, 0xe0, 0x0, 0x0,
    0x0, 0x0, 0x3f, 0xff, 0xff, 0xff, 0xff, 0xff,
    0x0, 0x0, 0x0, 0x0, 0x3, 0xff, 0xff, 0xff,
    0xff, 0xff, 0xf8, 0x0, 0x0, 0x0, 0x0, 0x7f,
    0xff, 0xff, 0xff, 0xff, 0xff, 0x80, 0x0, 0x0,
    0x0, 0x7, 0xff, 0xff, 0xff, 0xff, 0xff, 0xfc,
    0x0, 0x0, 0x0, 0x0, 0x7f, 0xff, 0xff, 0xff,
    0xff, 0xff, 0xe0, 0x0, 0x0, 0x0, 0x7, 0xff,
    0xff, 0xff, 0xff, 0xff, 0xfe, 0x0, 0x0, 0x0,
    0x0, 0x7f, 0xff, 0xff, 0xff, 0xff, 0xff, 0xf0,
    0x0, 0x0, 0x0, 0xf, 0xff, 0xff, 0xff, 0xff,
    0xff, 0xff, 0x80, 0x0, 0x0, 0x0, 0xff, 0xff,
    0xff, 0xff, 0xff, 0xff, 0xf8, 0x0, 0x0, 0x0,
    0xf, 0xff, 0xff, 0xff, 0xff, 0xff, 0xff, 0xc0,
    0x0, 0x0, 0x0, 0xff, 0xff, 0xff, 0xff, 0xff,
    0xff, 0xfe, 0x0, 0x0, 0x0, 0xf, 0xff, 0xff,
    0xff, 0xbf, 0xff, 0xff, 0xe0, 0x0, 0x0, 0x0,
    0xff, 0xff, 0xff, 0xf3, 0xff, 0xff, 0xff, 0x0,
    0x0, 0x0, 0x1f, 0xff, 0xff, 0xfe, 0x1f, 0xff,
    0xff, 0xf8, 0x0, 0x0, 0x1, 0xff, 0xff, 0xff,
    0xc0, 0xff, 0xff, 0xff, 0xc0, 0x0, 0x0, 0x1f,
    0xff, 0xff, 0xf8, 0xf, 0xff, 0xff, 0xfc, 0x0,
    0x0, 0x1, 0xff, 0xff, 0xff, 0x0, 0x7f, 0xff,
    0xff, 0xe0, 0x0, 0x0, 0x1f, 0xff, 0xff, 0xe0,
    0x3, 0xff, 0xff, 0xff, 0x0, 0x0, 0x3, 0xff,
    0xff, 0xfc, 0x0, 0x3f, 0xff, 0xff, 0xf0, 0x0,
    0x0, 0x3f, 0xff, 0xff, 0x80, 0x1, 0xff, 0xff,
    0xff, 0x80, 0x0, 0x3, 0xff, 0xff, 0xf0, 0x0,
    0xf, 0xff, 0xff, 0xfc, 0x0, 0x0, 0x3f, 0xff,
    0xfe, 0x0, 0x0, 0xff, 0xff, 0xff, 0xc0, 0x0,
    0x3, 0xff, 0xff, 0xe0, 0x0, 0x7, 0xff, 0xff,
    0xfe, 0x0, 0x0, 0x3f, 0xff, 0xfe, 0x0, 0x0,
    0x3f, 0xff, 0xff, 0xf0, 0x0, 0x7, 0xff, 0xff,
    0xc0, 0x0, 0x3, 0xff, 0xff, 0xff, 0x0, 0x0,
    0x7f, 0xff, 0xfc, 0x0, 0x0, 0x1f, 0xff, 0xff,
    0xf8, 0x0, 0x7, 0xff, 0xff, 0xc0, 0x0, 0x0,
    0xff, 0xff, 0xff, 0xc0, 0x0, 0x7f, 0xff, 0xfc,
    0x0, 0x0, 0x7, 0xff, 0xff, 0xfc, 0x0, 0x7,
    0xff, 0xff, 0xc0, 0x0, 0x0, 0x7f, 0xff, 0xff,
    0xe0, 0x0, 0x7f, 0xff, 0xf8, 0x0, 0x0, 0x3,
    0xff, 0xff, 0xfe, 0x0, 0x3, 0xff, 0xfe, 0x0,
    0x0, 0x0, 0x1f, 0xff, 0xff, 0xe0, 0x0,

    /* U+004C "L" */
    0x0, 0x1, 0xff, 0xff, 0x0, 0x0, 0x0, 0x0,
    0x0, 0xf, 0xff, 0xff, 0x0, 0x0, 0x0, 0x0,
    0x0, 0x1f, 0xff, 0xfe, 0x0, 0x0, 0x0, 0x0,
    0x0, 0x7f, 0xff, 0xfc, 0x0, 0x0, 0x0, 0x0,
    0x0, 0xff, 0xff, 0xf8, 0x0, 0x0, 0x0, 0x0,
    0x1, 0xff, 0xff, 0xf0, 0x0, 0x0, 0x0, 0x0,
    0x3, 0xff, 0xff, 0xe0, 0x0, 0x0, 0x0, 0x0,
    0xf, 0xff, 0xff, 0xc0, 0x0, 0x0, 0x0, 0x0,
    0x1f, 0xff, 0xff, 0x0, 0x0, 0x0, 0x0, 0x0,
    0x3f, 0xff, 0xfe, 0x0, 0x0, 0x0, 0x0, 0x0,
    0x7f, 0xff, 0xfc, 0x0, 0x0, 0x0, 0x0, 0x0,
    0xff, 0xff, 0xf8, 0x0, 0x0, 0x0, 0x0, 0x1,
    0xff, 0xff, 0xf0, 0x0, 0x0, 0x0, 0x0, 0x7,
    0xff, 0xff, 0xe0, 0x0, 0x0, 0x0, 0x0, 0xf,
    0xff, 0xff, 0x80, 0x0, 0x0, 0x0, 0x0, 0x1f,
    0xff, 0xff, 0x0, 0x0, 0x0, 0x0, 0x0, 0x3f,
    0xff, 0xfe, 0x0, 0x0, 0x0, 0x0, 0x0, 0x7f,
    0xff, 0xfc, 0x0, 0x0, 0x0, 0x0, 0x1, 0xff,
    0xff, 0xf8, 0x0, 0x0, 0x0, 0x0, 0x3, 0xff,
    0xff, 0xe0, 0x0, 0x0, 0x0, 0x0, 0x7, 0xff,
    0xff, 0xc0, 0x0, 0x0, 0x0, 0x0, 0xf, 0xff,
    0xff, 0x80, 0x0, 0x0, 0x0, 0x0, 0x1f, 0xff,
    0xff, 0x0, 0x0, 0x0, 0x0, 0x0, 0x3f, 0xff,
    0xfe, 0x0, 0x0, 0x0, 0x0, 0x0, 0xff, 0xff,
    0xfc, 0x0, 0x0, 0x0, 0x0, 0x1, 0xff, 0xff,
    0xf0, 0x0, 0x0, 0x0, 0x0, 0x3, 0xff, 0xff,
    0xe0, 0x0, 0x0, 0x0, 0x0, 0x7, 0xff, 0xff,
    0xc0, 0x0, 0x0, 0x0, 0x0, 0xf, 0xff, 0xff,
    0x80, 0x0, 0x0, 0x0, 0x0, 0x3f, 0xff, 0xff,
    0x0, 0x0, 0x0, 0x0, 0x0, 0x7f, 0xff, 0xfc,
    0x0, 0x0, 0x0, 0x0, 0x0, 0xff, 0xff, 0xf8,
    0x0, 0x0, 0x0, 0x0, 0x1, 0xff, 0xff, 0xf0,
    0x0, 0x0, 0x0, 0x0, 0x3, 0xff, 0xff, 0xe0,
    0x0, 0x0, 0x0, 0x0, 0x7, 0xff, 0xff, 0xc0,
    0x0, 0x0, 0x0, 0x0, 0x1f, 0xff, 0xff, 0x80,
    0x0, 0x0, 0x0, 0x0, 0x3f, 0xff, 0xfe, 0x0,
    0x0, 0x0, 0x0, 0x0, 0x7f, 0xff, 0xfc, 0x0,
    0x0, 0x0, 0x0, 0x0, 0xff, 0xff, 0xf8, 0x0,
    0x0, 0x0, 0x0, 0x1, 0xff, 0xff, 0xf0, 0x0,
    0x0, 0x0, 0x0, 0x7, 0xff, 0xff, 0xe0, 0x0,
    0x0, 0x0, 0x0, 0xf, 0xff, 0xff, 0xc0, 0x0,
    0x0, 0x0, 0x0, 0x1f, 0xff, 0xff, 0x0, 0x0,
    0x0, 0x0, 0x0, 0x3f, 0xff, 0xfe, 0x0, 0x0,
    0x0, 0x0, 0x0, 0x7f, 0xff, 0xfc, 0x0, 0x0,
    0x0, 0x0, 0x0, 0xff, 0xff, 0xf8, 0x0, 0x0,
    0x0, 0x0, 0x3, 0xff, 0xff, 0xf0, 0x0, 0x0,
    0x0, 0x0, 0x7, 0xff, 0xff, 0xc0, 0x0, 0x0,
    0x0, 0x0, 0xf, 0xff, 0xff, 0x80, 0x0, 0x0,
    0x0, 0x0, 0x1f, 0xff, 0xff, 0x0, 0x0, 0x0,
    0x0, 0x0, 0x3f, 0xff, 0xfe, 0x0, 0x0, 0x0,
    0x0, 0x0, 0xff, 0xff, 0xfc, 0x0, 0x0, 0x0,
    0x0, 0x1, 0xff, 0xff, 0xfc, 0x0, 0x0, 0x0,
    0x0, 0x3, 0xff, 0xff, 0xff, 0xff, 0xff, 0xff,
    0xff, 0x7, 0xff, 0xff, 0xff, 0xff, 0xff, 0xff,
    0xff, 0xf, 0xff, 0xff, 0xff, 0xff, 0xff, 0xff,
    0xfe, 0x1f, 0xff, 0xff, 0xff, 0xff, 0xff, 0xff,
    0xfc, 0x7f, 0xff, 0xff, 0xff, 0xff, 0xff, 0xff,
    0xf8, 0xff, 0xff, 0xff, 0xff, 0xff, 0xff, 0xff,
    0xf1, 0xff, 0xff, 0xff, 0xff, 0xff, 0xff, 0xff,
    0xe3, 0xff, 0xff, 0xff, 0xff, 0xff, 0xff, 0xff,
    0xc7, 0xff, 0xff, 0xff, 0xff, 0xff, 0xff, 0xff,
    0x1f, 0xff, 0xff, 0xff, 0xff, 0xff, 0xff, 0xfe,
    0x3f, 0xff, 0xff, 0xff, 0xff, 0xff, 0xff, 0xfc,
    0x7f, 0xff, 0xff, 0xff, 0xff, 0xff, 0xff, 0xf8,
    0xff, 0xff, 0xff, 0xff, 0xff, 0xff, 0xff, 0xf1,
    0xff, 0xff, 0xff, 0xff, 0xff, 0xff, 0xff, 0xc3,
    0xff, 0xff, 0xff, 0xff, 0xff, 0xff, 0xff, 0x87,
    0xff, 0xff, 0xff, 0xff, 0xff, 0xff, 0xfe, 0x7,
    0xff, 0xff, 0xff, 0xff, 0xff, 0xff, 0xf8, 0x0,

    /* U+004D "M" */
    0x0, 0x1, 0xff, 0xff, 0xc0, 0x0, 0x0, 0x0,
    0x0, 0x0, 0xff, 0xff, 0xe0, 0x0, 0x3f, 0xff,
    0xff, 0x0, 0x0, 0x0, 0x0, 0x0, 0xf, 0xff,
    0xff, 0x80, 0x1, 0xff, 0xff, 0xf8, 0x0, 0x0,
    0x0, 0x0, 0x0, 0xff, 0xff, 0xfc, 0x0, 0x1f,
    0xff, 0xff, 0xe0, 0x0, 0x0, 0x0, 0x0, 0xf,
    0xff, 0xff, 0xf0, 0x0, 0xff, 0xff, 0xff, 0x0,
    0x0, 0x0, 0x0, 0x0, 0x7f, 0xff, 0xff, 0x0,
    0x7, 0xff, 0xff, 0xf8, 0x0, 0x0, 0x0, 0x0,
    0x7, 0xff, 0xff, 0xf8, 0x0, 0x3f, 0xff, 0xff,
    0xc0, 0x0, 0x0, 0x0, 0x0, 0x7f, 0xff, 0xff,
    0xc0, 0x3, 0xff, 0xff, 0xff, 0x0, 0x0, 0x0,
    0x0, 0x3, 0xff, 0xff, 0xfe, 0x0, 0x1f, 0xff,
    0xff, 0xf8, 0x0, 0x0, 0x0, 0x0, 0x3f, 0xff,
    0xff, 0xf0, 0x0, 0xff, 0xff, 0xff, 0xc0, 0x0,
    0x0, 0x0, 0x3, 0xff, 0xff, 0xff, 0x80, 0x7,
    0xff, 0xff, 0xfe, 0x0, 0x0, 0x0, 0x0, 0x3f,
    0xff, 0xff, 0xf8, 0x0, 0x3f, 0xff, 0xff, 0xf8,
    0x0, 0x0, 0x0, 0x1, 0xff, 0xff, 0xff, 0xc0,
    0x1, 0xff, 0xff, 0xff, 0xc0, 0x0, 0x0, 0x0,
    0x1f, 0xff, 0xff, 0xfe, 0x0, 0x1f, 0xff, 0xff,
    0xfe, 0x0, 0x0, 0x0, 0x1, 0xff, 0xff, 0xff,
    0xf0, 0x0, 0xff, 0xff, 0xff, 0xf8, 0x0, 0x0,
    0x0, 0xf, 0xff, 0xff, 0xff, 0x80, 0x7, 0xff,
    0xff, 0xff, 0xc0, 0x0, 0x0, 0x0, 0xff, 0xff,
    0xff, 0xf8, 0x0, 0x3f, 0xff, 0xff, 0xfe, 0x0,
    0x0, 0x0, 0xf, 0xff, 0xff, 0xff, 0xc0, 0x1,
    0xff, 0xff, 0xff, 0xf0, 0x0, 0x0, 0x0, 0x7f,
    0xff, 0xff, 0xfe, 0x0, 0x1f, 0xff, 0xff, 0xff,
    0xc0, 0x0, 0x0, 0x7, 0xff, 0xff, 0xff, 0xf0,
    0x0, 0xff, 0xff, 0xff, 0xfe, 0x0, 0x0, 0x0,
    0x7f, 0xff, 0xff, 0xff, 0x80, 0x7, 0xff, 0xff,
    0xff, 0xf0, 0x0, 0x0, 0x3, 0xff, 0xff, 0xff,
    0xfc, 0x0, 0x3f, 0xff, 0xff, 0xff, 0xc0, 0x0,
    0x0, 0x3f, 0xff, 0xff, 0xff, 0xc0, 0x1, 0xff,
    0xff, 0xff, 0xfe, 0x0, 0x0, 0x3, 0xff, 0xff,
    0xff, 0xfe, 0x0, 0xf, 0xff, 0xff, 0xff, 0xf0,
    0x0, 0x0, 0x1f, 0xff, 0xff, 0xff, 0xf0, 0x0,
    0xff, 0xff, 0xff, 0xff, 0x80, 0x0, 0x1, 0xff,
    0xff, 0xff, 0xff, 0x80, 0x7, 0xff, 0xff, 0xff,
    0xfe, 0x0, 0x0, 0x1f, 0xff, 0xff, 0xff, 0xfc,
    0x0, 0x3f, 0xff, 0xff, 0xff, 0xf0, 0x0, 0x0,
    0xff, 0xff, 0xff, 0xff, 0xc0, 0x1, 0xff, 0xff,
    0xff, 0xff, 0x80, 0x0, 0xf, 0xff, 0xff, 0xff,
    0xfe, 0x0, 0xf, 0xff, 0xff, 0xff, 0xfc, 0x0,
    0x0, 0xff, 0xff, 0xff, 0xff, 0xf0, 0x0, 0xff,
    0xff, 0xff, 0xff, 0xf0, 0x0, 0x7, 0xff, 0xff,
    0xff, 0xff, 0x80, 0x7, 0xff, 0xff, 0xff, 0xff,
    0x80, 0x0, 0x7f, 0xff, 0xff, 0xff, 0xfc, 0x0,
    0x3f, 0xff, 0xff, 0xff, 0xfc, 0x0, 0x7, 0xff,
    0xff, 0xff, 0xff, 0xe0, 0x1, 0xff, 0xff, 0xff,
    0xff, 0xf0, 0x0, 0x3f, 0xff, 0xff, 0xff, 0xfe,
    0x0, 0xf, 0xff, 0xff, 0xff, 0xff, 0x80, 0x3,
    0xff, 0xff, 0xff, 0xff, 0xf0, 0x0, 0x7f, 0xff,
    0xff, 0xff, 0xfc, 0x0, 0x3f, 0xff, 0xff, 0xff,
    0xff, 0x80, 0x7, 0xff, 0xff, 0xff, 0xff, 0xe0,
    0x1, 0xff, 0xff, 0xff, 0xff, 0xfc, 0x0, 0x3f,
    0xff, 0xff, 0xff, 0xff, 0x80, 0x1f, 0xff, 0xff,
    0xff, 0xff, 0xe0, 0x1, 0xff, 0xff, 0xff, 0xff,
    0xfc, 0x1, 0xff, 0xff, 0xff, 0xff, 0xfe, 0x0,
    0xf, 0xff, 0xff, 0xff, 0xff, 0xe0, 0xf, 0xff,
    0xff, 0xff, 0xff, 0xf0, 0x0, 0x7f, 0xff, 0xff,
    0xff, 0xff, 0x0, 0xff, 0xff, 0xff, 0xff, 0xff,
    0x80, 0x7, 0xff, 0xff, 0xff, 0xff, 0xfc, 0xf,
    0xff, 0xff, 0xff, 0xff, 0xfc, 0x0, 0x3f, 0xff,
    0xff, 0xff, 0xff, 0xe0, 0x7f, 0xff, 0xff, 0xff,
    0xff, 0xe0, 0x1, 0xff, 0xff, 0xff, 0xff, 0xff,
    0x7, 0xff, 0xff, 0xef, 0xff, 0xff, 0x0, 0xf,
    0xff, 0xff, 0x7f, 0xff, 0xfc, 0x7f, 0xff, 0xff,
    0x7f, 0xff, 0xf0, 0x0, 0x7f, 0xff, 0xfb, 0xff,
    0xff, 0xe3, 0xff, 0xff, 0xf7, 0xff, 0xff, 0x80,
    0x3, 0xff, 0xff, 0x9f, 0xff, 0xff, 0x3f, 0xff,
    0xff, 0x3f, 0xff, 0xfc, 0x0, 0x3f, 0xff, 0xfc,
    0x7f, 0xff, 0xff, 0xff, 0xff, 0xf9, 0xff, 0xff,
    0xe0, 0x1, 0xff, 0xff, 0xe3, 0xff, 0xff, 0xff,
    0xff, 0xff, 0x8f, 0xff, 0xff, 0x0, 0xf, 0xff,
    0xff, 0x1f, 0xff, 0xff, 0xff, 0xff, 0xf8, 0x7f,
    0xff, 0xf0, 0x0, 0x7f, 0xff, 0xf8, 0x7f, 0xff,
    0xff, 0xff, 0xff, 0xc3, 0xff, 0xff, 0x80, 0x3,
    0xff, 0xff, 0x83, 0xff, 0xff, 0xff, 0xff, 0xfc,
    0x3f, 0xff, 0xfc, 0x0, 0x3f, 0xff, 0xfc, 0x1f,
    0xff, 0xff, 0xff, 0xff, 0xc1, 0xff, 0xff, 0xe0,
    0x1, 0xff, 0xff, 0xe0, 0x7f, 0xff, 0xff, 0xff,
    0xfe, 0xf, 0xff, 0xff, 0x0, 0xf, 0xff, 0xff,
    0x3, 0xff, 0xff, 0xff, 0xff, 0xe0, 0x7f, 0xff,
    0xf8, 0x0, 0x7f, 0xff, 0xf8, 0x1f, 0xff, 0xff,
    0xff, 0xfe, 0x3, 0xff, 0xff, 0x80, 0x3, 0xff,
    0xff, 0xc0, 0xff, 0xff, 0xff, 0xff, 0xf0, 0x3f,
    0xff, 0xfc, 0x0, 0x1f, 0xff, 0xfc, 0x3, 0xff,
    0xff, 0xff, 0xff, 0x1, 0xff, 0xff, 0xe0, 0x1,
    0xff, 0xff, 0xe0, 0x1f, 0xff, 0xff, 0xff, 0xf0,
    0xf, 0xff, 0xff, 0x0, 0xf, 0xff, 0xff, 0x0,
    0xff, 0xff, 0xff, 0xff, 0x80, 0x7f, 0xff, 0xf8,
    0x0, 0x7f, 0xff, 0xf8, 0x3, 0xff, 0xff, 0xff,
    0xf8, 0x3, 0xff, 0xff, 0xc0, 0x3, 0xff, 0xff,
    0xc0, 0x1f, 0xff, 0xff, 0xff, 0x80, 0x1f, 0xff,
    0xfc, 0x0, 0x1f, 0xff, 0xfc, 0x0, 0xff, 0xff,
    0xff, 0xfc, 0x1, 0xff, 0xff, 0xe0, 0x1, 0xff,
    0xff, 0xe0, 0x3, 0xff, 0xff, 0xff, 0xc0, 0xf,
    0xff, 0xff, 0x0, 0xf, 0xff, 0xff, 0x0, 0x1f,
    0xff, 0xff, 0xfc, 0x0, 0x7f, 0xff, 0xf8, 0x0,
    0x7f, 0xff, 0xf8, 0x0, 0xff, 0xff, 0xff, 0xe0,
    0x3, 0xff, 0xff, 0xc0, 0x3, 0xff, 0xff, 0xc0,
    0x3, 0xff, 0xff, 0xfe, 0x0, 0x1f, 0xff, 0xfc,
    0x0, 0x1f, 0xff, 0xfe, 0x0, 0x1f, 0xff, 0xff,
    0xe0, 0x1, 0xff, 0xff, 0xe0, 0x0, 0xff, 0xff,
    0xe0, 0x0, 0xff, 0xff, 0xff, 0x0, 0xf, 0xff,
    0xff, 0x0, 0x7, 0xff, 0xfe, 0x0, 0x3, 0xff,
    0xff, 0xf0, 0x0, 0x3f, 0xff, 0xf0, 0x0, 0x1f,
    0xff, 0xe0, 0x0, 0xf, 0xff, 0xfe, 0x0, 0x0,
    0xff, 0xff, 0x0, 0x0,

    /* U+004E "N" */
    0x0, 0x1, 0xff, 0xff, 0xe0, 0x0, 0x0, 0x0,
    0x3f, 0xff, 0xe0, 0x0, 0x3f, 0xff, 0xff, 0x80,
    0x0, 0x0, 0x3, 0xff, 0xff, 0x80, 0x1, 0xff,
    0xff, 0xfe, 0x0, 0x0, 0x0, 0x3f, 0xff, 0xfe,
    0x0, 0x1f, 0xff, 0xff, 0xf8, 0x0, 0x0, 0x1,
    0xff, 0xff, 0xf0, 0x0, 0xff, 0xff, 0xff, 0xc0,
    0x0, 0x0, 0xf, 0xff, 0xff, 0x80, 0x7, 0xff,
    0xff, 0xff, 0x0, 0x0, 0x0, 0xff, 0xff, 0xfc,
    0x0, 0x3f, 0xff, 0xff, 0xf8, 0x0, 0x0, 0x7,
    0xff, 0xff, 0xc0, 0x1, 0xff, 0xff, 0xff, 0xe0,
    0x0, 0x0, 0x3f, 0xff, 0xfe, 0x0, 0x1f, 0xff,
    0xff, 0xff, 0x0, 0x0, 0x1, 0xff, 0xff, 0xf0,
    0x0, 0xff, 0xff, 0xff, 0xfc, 0x0, 0x0, 0xf,
    0xff, 0xff, 0x80, 0x7, 0xff, 0xff, 0xff, 0xe0,
    0x0, 0x0, 0x7f, 0xff, 0xfc, 0x0, 0x3f, 0xff,
    0xff, 0xff, 0x80, 0x0, 0x7, 0xff, 0xff, 0xc0,
    0x1, 0xff, 0xff, 0xff, 0xfe, 0x0, 0x0, 0x3f,
    0xff, 0xfe, 0x0, 0x1f, 0xff, 0xff, 0xff, 0xf0,
    0x0, 0x1, 0xff, 0xff, 0xf0, 0x0, 0xff, 0xff,
    0xff, 0xff, 0xc0, 0x0, 0xf, 0xff, 0xff, 0x80,
    0x7, 0xff, 0xff, 0xff, 0xfe, 0x0, 0x0, 0x7f,
    0xff, 0xfc, 0x0, 0x3f, 0xff, 0xff, 0xff, 0xf8,
    0x0, 0x7, 0xff, 0xff, 0xe0, 0x1, 0xff, 0xff,
    0xff, 0xff, 0xc0, 0x0, 0x3f, 0xff, 0xfe, 0x0,
    0xf, 0xff, 0xff, 0xff, 0xff, 0x0, 0x1, 0xff,
    0xff, 0xf0, 0x0, 0xff, 0xff, 0xff, 0xff, 0xfc,
    0x0, 0xf, 0xff, 0xff, 0x80, 0x7, 0xff, 0xff,
    0xff, 0xff, 0xe0, 0x0, 0x7f, 0xff, 0xfc, 0x0,
    0x3f, 0xff, 0xff, 0xff, 0xff, 0x80, 0x3, 0xff,
    0xff, 0xe0, 0x1, 0xff, 0xff, 0xff, 0xff, 0xfc,
    0x0, 0x3f, 0xff, 0xfe, 0x0, 0xf, 0xff, 0xff,
    0xff, 0xff, 0xf0, 0x1, 0xff, 0xff, 0xf0, 0x0,
    0xff, 0xff, 0xff, 0xff, 0xff, 0x80, 0xf, 0xff,
    0xff, 0x80, 0x7, 0xff, 0xff, 0xff, 0xff, 0xfe,
    0x0, 0x7f, 0xff, 0xfc, 0x0, 0x3f, 0xff, 0xff,
    0xff, 0xff, 0xf0, 0x3, 0xff, 0xff, 0xe0, 0x1,
    0xff, 0xff, 0xff, 0xff, 0xff, 0xc0, 0x3f, 0xff,
    0xff, 0x0, 0xf, 0xff, 0xff, 0xff, 0xff, 0xff,
    0x1, 0xff, 0xff, 0xf0, 0x0, 0x7f, 0xff, 0xff,
    0xff, 0xff, 0xf8, 0xf, 0xff, 0xff, 0x80, 0x7,
    0xff, 0xff, 0xff, 0xff, 0xff, 0xe0, 0x7f, 0xff,
    0xfc, 0x0, 0x3f, 0xff, 0xfe, 0x7f, 0xff, 0xff,
    0x3, 0xff, 0xff, 0xe0, 0x1, 0xff, 0xff, 0xf1,
    0xff, 0xff, 0xfc, 0x1f, 0xff, 0xff, 0x0, 0xf,
    0xff, 0xff, 0x87, 0xff, 0xff, 0xe1, 0xff, 0xff,
    0xf0, 0x0, 0x7f, 0xff, 0xfc, 0x3f, 0xff, 0xff,
    0x8f, 0xff, 0xff, 0x80, 0x7, 0xff, 0xff, 0xe0,
    0xff, 0xff, 0xfe, 0x7f, 0xff, 0xfc, 0x0, 0x3f,
    0xff, 0xfe, 0x7, 0xff, 0xff, 0xf3, 0xff, 0xff,
    0xe0, 0x1, 0xff, 0xff, 0xf0, 0x1f, 0xff, 0xff,
    0xff, 0xff, 0xff, 0x0, 0xf, 0xff, 0xff, 0x80,
    0xff, 0xff, 0xff, 0xff, 0xff, 0xf8, 0x0, 0x7f,
    0xff, 0xfc, 0x3, 0xff, 0xff, 0xff, 0xff, 0xff,
    0x80, 0x3, 0xff, 0xff, 0xe0, 0xf, 0xff, 0xff,
    0xff, 0xff, 0xfc, 0x0, 0x3f, 0xff, 0xfe, 0x0,
    0x7f, 0xff, 0xff, 0xff, 0xff, 0xe0, 0x1, 0xff,
    0xff, 0xf0, 0x1, 0xff, 0xff, 0xff, 0xff, 0xff,
    0x0, 0xf, 0xff, 0xff, 0x80, 0xf, 0xff, 0xff,
    0xff, 0xff, 0xf8, 0x0, 0x7f, 0xff, 0xfc, 0x0,
    0x3f, 0xff, 0xff, 0xff, 0xff, 0x80, 0x3, 0xff,
    0xff, 0xe0, 0x1, 0xff, 0xff, 0xff, 0xff, 0xfc,
    0x0, 0x3f, 0xff, 0xff, 0x0, 0x7, 0xff, 0xff,
    0xff, 0xff, 0xe0, 0x1, 0xff, 0xff, 0xf0, 0x0,
    0x3f, 0xff, 0xff, 0xff, 0xff, 0x0, 0xf, 0xff,
    0xff, 0x80, 0x0, 0xff, 0xff, 0xff, 0xff, 0xf8,
    0x0, 0x7f, 0xff, 0xfc, 0x0, 0x3, 0xff, 0xff,
    0xff, 0xff, 0xc0, 0x3, 0xff, 0xff, 0xe0, 0x0,
    0x1f, 0xff, 0xff, 0xff, 0xfc, 0x0, 0x1f, 0xff,
    0xff, 0x0, 0x0, 0x7f, 0xff, 0xff, 0xff, 0xe0,
    0x1, 0xff, 0xff, 0xf0, 0x0, 0x3, 0xff, 0xff,
    0xff, 0xff, 0x0, 0xf, 0xff, 0xff, 0x80, 0x0,
    0xf, 0xff, 0xff, 0xff, 0xf8, 0x0, 0x7f, 0xff,
    0xfc, 0x0, 0x0, 0x7f, 0xff, 0xff, 0xff, 0xc0,
    0x3, 0xff, 0xff, 0xe0, 0x0, 0x1, 0xff, 0xff,
    0xff, 0xfc, 0x0, 0x1f, 0xff, 0xff, 0x0, 0x0,
    0x7, 0xff, 0xff, 0xff, 0xe0, 0x1, 0xff, 0xff,
    0xf0, 0x0, 0x0, 0x3f, 0xff, 0xff, 0xff, 0x0,
    0xf, 0xff, 0xff, 0x80, 0x0, 0x0, 0xff, 0xff,
    0xff, 0xf8, 0x0, 0x7f, 0xff, 0xfc, 0x0, 0x0,
    0x7, 0xff, 0xff, 0xff, 0xc0, 0x3, 0xff, 0xff,
    0xe0, 0x0, 0x0, 0x1f, 0xff, 0xff, 0xfe, 0x0,
    0x1f, 0xff, 0xff, 0x0, 0x0, 0x0, 0xff, 0xff,
    0xff, 0xe0, 0x0, 0xff, 0xff, 0xf8, 0x0, 0x0,
    0x3, 0xff, 0xff, 0xff, 0x0, 0xf, 0xff, 0xff,
    0x80, 0x0, 0x0, 0xf, 0xff, 0xff, 0xf8, 0x0,
    0x7f, 0xff, 0xfc, 0x0, 0x0, 0x0, 0x7f, 0xff,
    0xff, 0xc0, 0x3, 0xff, 0xff, 0xe0, 0x0, 0x0,
    0x1, 0xff, 0xff, 0xfe, 0x0, 0x1f, 0xff, 0xff,
    0x0, 0x0, 0x0, 0xf, 0xff, 0xff, 0xe0, 0x0,
    0xff, 0xff, 0xf0, 0x0, 0x0, 0x0, 0x3f, 0xff,
    0xff, 0x0, 0x7, 0xff, 0xff, 0x80, 0x0, 0x0,
    0x1, 0xff, 0xff, 0xf0, 0x0, 0x1f, 0xff, 0xf0,
    0x0, 0x0, 0x0, 0x3, 0xff, 0xff, 0x0, 0x0,

    /* U+004F "O" */
    0x0, 0x0, 0x0, 0x7f, 0xff, 0xff, 0xff, 0xff,
    0xff, 0xc0, 0x0, 0x0, 0x0, 0x7, 0xff, 0xff,
    0xff, 0xff, 0xff, 0xff, 0xf0, 0x0, 0x0, 0x0,
    0x3f, 0xff, 0xff, 0xff, 0xff, 0xff, 0xff, 0xf8,
    0x0, 0x0, 0x1, 0xff, 0xff, 0xff, 0xff, 0xff,
    0xff, 0xff, 0xf8, 0x0, 0x0, 0xf, 0xff, 0xff,
    0xff, 0xff, 0xff, 0xff, 0xff, 0xf8, 0x0, 0x0,
    0x3f, 0xff, 0xff, 0xff, 0xff, 0xff, 0xff, 0xff,
    0xf8, 0x0, 0x0, 0xff, 0xff, 0xff, 0xff, 0xff,
    0xff, 0xff, 0xff, 0xf8, 0x0, 0x3, 0xff, 0xff,
    0xff, 0xff, 0xff, 0xff, 0xff, 0xff, 0xf8, 0x0,
    0xf, 0xff, 0xff, 0xff, 0xff, 0xff, 0xff, 0xff,
    0xff, 0xf0, 0x0, 0x3f, 0xff, 0xff, 0xff, 0xff,
    0xff, 0xff, 0xff, 0xff, 0xe0, 0x0, 0x7f, 0xff,
    0xff, 0xff, 0xff, 0xff, 0xff, 0xff, 0xff, 0xe0,
    0x1, 0xff, 0xff, 0xff, 0xff, 0xff, 0xff, 0xff,
    0xff, 0xff, 0xc0, 0x3, 0xff, 0xff, 0xff, 0xff,
    0xff, 0xff, 0xff, 0xff, 0xff, 0x80, 0xf, 0xff,
    0xff, 0xff, 0xff, 0xff, 0xff, 0xff, 0xff, 0xff,
    0x0, 0x1f, 0xff, 0xff, 0xff, 0xff, 0xff, 0xff,
    0xff, 0xff, 0xfe, 0x0, 0x7f, 0xff, 0xff, 0xff,
    0xff, 0xff, 0xff, 0xff, 0xff, 0xfc, 0x0, 0xff,
    0xff, 0xff, 0xff, 0xff, 0xff, 0xff, 0xff, 0xff,
    0xf8, 0x1, 0xff, 0xff, 0xf8, 0x0, 0x0, 0x0,
    0x3, 0xff, 0xff, 0xf0, 0x3, 0xff, 0xff, 0xe0,
    0x0, 0x0, 0x0, 0x7, 0xff, 0xff, 0xe0, 0xf,
    0xff, 0xff, 0x80, 0x0, 0x0, 0x0, 0x7, 0xff,
    0xff, 0xc0, 0x1f, 0xff, 0xff, 0x0, 0x0, 0x0,
    0x0, 0x1f, 0xff, 0xff, 0x80, 0x3f, 0xff, 0xfe,
    0x0, 0x0, 0x0, 0x0, 0x3f, 0xff, 0xff, 0x0,
    0x7f, 0xff, 0xfc, 0x0, 0x0, 0x0, 0x0, 0x7f,
    0xff, 0xfc, 0x0, 0xff, 0xff, 0xf8, 0x0, 0x0,
    0x0, 0x0, 0xff, 0xff, 0xf8, 0x3, 0xff, 0xff,
    0xf0, 0x0, 0x0, 0x0, 0x1, 0xff, 0xff, 0xf0,
    0x7, 0xff, 0xff, 0xc0, 0x0, 0x0, 0x0, 0x3,
    0xff, 0xff, 0xe0, 0xf, 0xff, 0xff, 0x80, 0x0,
    0x0, 0x0, 0xf, 0xff, 0xff, 0xc0, 0x1f, 0xff,
    0xff, 0x0, 0x0, 0x0, 0x0, 0x1f, 0xff, 0xff,
    0x80, 0x3f, 0xff, 0xfe, 0x0, 0x0, 0x0, 0x0,
    0x3f, 0xff, 0xfe, 0x0, 0x7f, 0xff, 0xfc, 0x0,
    0x0, 0x0, 0x0, 0x7f, 0xff, 0xfc, 0x1, 0xff,
    0xff, 0xf8, 0x0, 0x0, 0x0, 0x0, 0xff, 0xff,
    0xf8, 0x3, 0xff, 0xff, 0xe0, 0x0, 0x0, 0x0,
    0x1, 0xff, 0xff, 0xf0, 0x7, 0xff, 0xff, 0xc0,
    0x0, 0x0, 0x0, 0x7, 0xff, 0xff, 0xe0, 0xf,
    0xff, 0xff, 0x80, 0x0, 0x0, 0x0, 0xf, 0xff,
    0xff, 0x80, 0x1f, 0xff, 0xff, 0x0, 0x0, 0x0,
    0x0, 0x1f, 0xff, 0xff, 0x0, 0x7f, 0xff, 0xfe,
    0x0, 0x0, 0x0, 0x0, 0x3f, 0xff, 0xfe, 0x0,
    0xff, 0xff, 0xfc, 0x0, 0x0, 0x0, 0x0, 0x7f,
    0xff, 0xfc, 0x1, 0xff, 0xff, 0xf0, 0x0, 0x0,
    0x0, 0x0, 0xff, 0xff, 0xf8, 0x3, 0xff, 0xff,
    0xe0, 0x0, 0x0, 0x0, 0x3, 0xff, 0xff, 0xf0,
    0x7, 0xff, 0xff, 0xc0, 0x0, 0x0, 0x0, 0x7,
    0xff, 0xff, 0xc0, 0xf, 0xff, 0xff, 0x80, 0x0,
    0x0, 0x0, 0xf, 0xff, 0xff, 0x80, 0x3f, 0xff,
    0xff, 0x0, 0x0, 0x0, 0x0, 0x1f, 0xff, 0xff,
    0x0, 0x7f, 0xff, 0xfe, 0x0, 0x0, 0x0, 0x0,
    0x3f, 0xff, 0xfe, 0x0, 0xff, 0xff, 0xf8, 0x0,
    0x0, 0x0, 0x0, 0x7f, 0xff, 0xfc, 0x1, 0xff,
    0xff, 0xf0, 0x0, 0x0, 0x0, 0x1, 0xff, 0xff,
    0xf0, 0x3, 0xff, 0xff, 0xe0, 0x0, 0x0, 0x0,
    0x3, 0xff, 0xff, 0xe0, 0xf, 0xff, 0xff, 0xc0,
    0x0, 0x0, 0x0, 0x7, 0xff, 0xff, 0xc0, 0x1f,
    0xff, 0xff, 0x80, 0x0, 0x0, 0x0, 0xf, 0xff,
    0xff, 0x80, 0x3f, 0xff, 0xff, 0x0, 0x0, 0x0,
    0x0, 0x1f, 0xff, 0xff, 0x0, 0x7f, 0xff, 0xfc,
    0x0, 0x0, 0x0, 0x0, 0x7f, 0xff, 0xfe, 0x0,
    0xff, 0xff, 0xf8, 0x0, 0x0, 0x0, 0x0, 0xff,
    0xff, 0xf8, 0x1, 0xff, 0xff, 0xf0, 0x0, 0x0,
    0x0, 0x1, 0xff, 0xff, 0xf0, 0x7, 0xff, 0xff,
    0xf0, 0x0, 0x0, 0x0, 0x7, 0xff, 0xff, 0xe0,
    0xf, 0xff, 0xff, 0xff, 0xff, 0xff, 0xff, 0xff,
    0xff, 0xff, 0xc0, 0x1f, 0xff, 0xff, 0xff, 0xff,
    0xff, 0xff, 0xff, 0xff, 0xff, 0x0, 0x3f, 0xff,
    0xff, 0xff, 0xff, 0xff, 0xff, 0xff, 0xff, 0xfe,
    0x0, 0x7f, 0xff, 0xff, 0xff, 0xff, 0xff, 0xff,
    0xff, 0xff, 0xfc, 0x0, 0xff, 0xff, 0xff, 0xff,
    0xff, 0xff, 0xff, 0xff, 0xff, 0xf0, 0x0, 0xff,
    0xff, 0xff, 0xff, 0xff, 0xff, 0xff, 0xff, 0xff,
    0xe0, 0x1, 0xff, 0xff, 0xff, 0xff, 0xff, 0xff,
    0xff, 0xff, 0xff, 0x80, 0x3, 0xff, 0xff, 0xff,
    0xff, 0xff, 0xff, 0xff, 0xff, 0xfe, 0x0, 0x3,
    0xff, 0xff, 0xff, 0xff, 0xff, 0xff, 0xff, 0xff,
    0xf8, 0x0, 0x7, 0xff, 0xff, 0xff, 0xff, 0xff,
    0xff, 0xff, 0xff, 0xf0, 0x0, 0x7, 0xff, 0xff,
    0xff, 0xff, 0xff, 0xff, 0xff, 0xff, 0xc0, 0x0,
    0xf, 0xff, 0xff, 0xff, 0xff, 0xff, 0xff, 0xff,
    0xff, 0x0, 0x0, 0xf, 0xff, 0xff, 0xff, 0xff,
    0xff, 0xff, 0xff, 0xf8, 0x0, 0x0, 0xf, 0xff,
    0xff, 0xff, 0xff, 0xff, 0xff, 0xff, 0xe0, 0x0,
    0x0, 0x7, 0xff, 0xff, 0xff, 0xff, 0xff, 0xff,
    0xff, 0x0, 0x0, 0x0, 0x3, 0xff, 0xff, 0xff,
    0xff, 0xff, 0xff, 0xf8, 0x0, 0x0, 0x0, 0x0,
    0xff, 0xff, 0xff, 0xff, 0xff, 0xff, 0x80, 0x0,
    0x0, 0x0,

    /* U+0050 "P" */
    0x0, 0x1, 0xff, 0xff, 0xff, 0xff, 0xff, 0xff,
    0xfe, 0x0, 0x0, 0x0, 0x7f, 0xff, 0xff, 0xff,
    0xff, 0xff, 0xff, 0xfc, 0x0, 0x0, 0x7, 0xff,
    0xff, 0xff, 0xff, 0xff, 0xff, 0xff, 0xf0, 0x0,
    0x0, 0xff, 0xff, 0xff, 0xff, 0xff, 0xff, 0xff,
    0xff, 0x80, 0x0, 0xf, 0xff, 0xff, 0xff, 0xff,
    0xff, 0xff, 0xff, 0xfc, 0x0, 0x0, 0xff, 0xff,
    0xff, 0xff, 0xff, 0xff, 0xff, 0xff, 0xe0, 0x0,
    0xf, 0xff, 0xff, 0xff, 0xff, 0xff, 0xff, 0xff,
    0xff, 0x0, 0x0, 0xff, 0xff, 0xff, 0xff, 0xff,
    0xff, 0xff, 0xff, 0xf0, 0x0, 0x1f, 0xff, 0xff,
    0xff, 0xff, 0xff, 0xff, 0xff, 0xff, 0x80, 0x1,
    0xff, 0xff, 0xff, 0xff, 0xff, 0xff, 0xff, 0xff,
    0xf8, 0x0, 0x1f, 0xff, 0xff, 0xff, 0xff, 0xff,
    0xff, 0xff, 0xff, 0xc0, 0x1, 0xff, 0xff, 0xff,
    0xff, 0xff, 0xff, 0xff, 0xff, 0xfc, 0x0, 0x1f,
    0xff, 0xff, 0xff, 0xff, 0xff, 0xff, 0xff, 0xff,
    0xc0, 0x3, 0xff, 0xff, 0xff, 0xff, 0xff, 0xff,
    0xff, 0xff, 0xfc, 0x0, 0x3f, 0xff, 0xff, 0xff,
    0xff, 0xff, 0xff, 0xff, 0xff, 0xc0, 0x3, 0xff,
    0xff, 0xff, 0xff, 0xff, 0xff, 0xff, 0xff, 0xfc,
    0x0, 0x3f, 0xff, 0xff, 0xff, 0xff, 0xff, 0xff,
    0xff, 0xff, 0xc0, 0x3, 0xff, 0xff, 0xe0, 0x0,
    0x0, 0x1, 0xff, 0xff, 0xfc, 0x0, 0x3f, 0xff,
    0xfe, 0x0, 0x0, 0x0, 0xf, 0xff, 0xff, 0xc0,
    0x7, 0xff, 0xff, 0xc0, 0x0, 0x0, 0x0, 0xff,
    0xff, 0xfc, 0x0, 0x7f, 0xff, 0xfc, 0x0, 0x0,
    0x0, 0xf, 0xff, 0xff, 0xc0, 0x7, 0xff, 0xff,
    0xc0, 0x0, 0x0, 0x0, 0xff, 0xff, 0xf8, 0x0,
    0x7f, 0xff, 0xfc, 0x0, 0x0, 0x0, 0xf, 0xff,
    0xff, 0x80, 0x7, 0xff, 0xff, 0xc0, 0x0, 0x0,
    0x0, 0xff, 0xff, 0xf8, 0x0, 0xff, 0xff, 0xfc,
    0x0, 0x0, 0x0, 0xf, 0xff, 0xff, 0x80, 0xf,
    0xff, 0xff, 0x80, 0x0, 0x0, 0x1, 0xff, 0xff,
    0xf8, 0x0, 0xff, 0xff, 0xf8, 0x0, 0x0, 0x0,
    0x1f, 0xff, 0xff, 0x0, 0xf, 0xff, 0xff, 0x80,
    0x0, 0x0, 0x1, 0xff, 0xff, 0xf0, 0x0, 0xff,
    0xff, 0xf8, 0x0, 0x0, 0x0, 0x1f, 0xff, 0xff,
    0x0, 0xf, 0xff, 0xff, 0x80, 0x0, 0x0, 0x1,
    0xff, 0xff, 0xf0, 0x1, 0xff, 0xff, 0xf0, 0x0,
    0x0, 0x0, 0x1f, 0xff, 0xff, 0x0, 0x1f, 0xff,
    0xff, 0x0, 0x0, 0x0, 0x3, 0xff, 0xff, 0xf0,
    0x1, 0xff, 0xff, 0xf0, 0x0, 0x0, 0x0, 0x3f,
    0xff, 0xfe, 0x0, 0x1f, 0xff, 0xff, 0x0, 0x0,
    0x0, 0x7, 0xff, 0xff, 0xe0, 0x1, 0xff, 0xff,
    0xf0, 0x0, 0x0, 0x0, 0xff, 0xff, 0xfe, 0x0,
    0x3f, 0xff, 0xff, 0xff, 0xff, 0xff, 0xff, 0xff,
    0xff, 0xe0, 0x3, 0xff, 0xff, 0xff, 0xff, 0xff,
    0xff, 0xff, 0xff, 0xfc, 0x0, 0x3f, 0xff, 0xff,
    0xff, 0xff, 0xff, 0xff, 0xff, 0xff, 0xc0, 0x3,
    0xff, 0xff, 0xff, 0xff, 0xff, 0xff, 0xff, 0xff,
    0xfc, 0x0, 0x3f, 0xff, 0xff, 0xff, 0xff, 0xff,
    0xff, 0xff, 0xff, 0x80, 0x3, 0xff, 0xff, 0xff,
    0xff, 0xff, 0xff, 0xff, 0xff, 0xf8, 0x0, 0x7f,
    0xff, 0xff, 0xff, 0xff, 0xff, 0xff, 0xff, 0xff,
    0x0, 0x7, 0xff, 0xff, 0xff, 0xff, 0xff, 0xff,
    0xff, 0xff, 0xe0, 0x0, 0x7f, 0xff, 0xff, 0xff,
    0xff, 0xff, 0xff, 0xff, 0xfe, 0x0, 0x7, 0xff,
    0xff, 0xff, 0xff, 0xff, 0xff, 0xff, 0xff, 0xc0,
    0x0, 0x7f, 0xff, 0xff, 0xff, 0xff, 0xff, 0xff,
    0xff, 0xf8, 0x0, 0xf, 0xff, 0xff, 0xff, 0xff,
    0xff, 0xff, 0xff, 0xff, 0x0, 0x0, 0xff, 0xff,
    0xff, 0xff, 0xff, 0xff, 0xff, 0xff, 0xc0, 0x0,
    0xf, 0xff, 0xff, 0xff, 0xff, 0xff, 0xff, 0xff,
    0xf8, 0x0, 0x0, 0xff, 0xff, 0xff, 0xff, 0xff,
    0xff, 0xff, 0xfe, 0x0, 0x0, 0xf, 0xff, 0xff,
    0xff, 0xff, 0xff, 0xff, 0xff, 0x80, 0x0, 0x0,
    0xff, 0xff, 0xff, 0xff, 0xff, 0xff, 0xff, 0xc0,
    0x0, 0x0, 0x1f, 0xff, 0xff, 0x0, 0x0, 0x0,
    0x0, 0x0, 0x0, 0x0, 0x1, 0xff, 0xff, 0xf0,
    0x0, 0x0, 0x0, 0x0, 0x0, 0x0, 0x0, 0x1f,
    0xff, 0xff, 0x0, 0x0, 0x0, 0x0, 0x0, 0x0,
    0x0, 0x1, 0xff, 0xff, 0xf0, 0x0, 0x0, 0x0,
    0x0, 0x0, 0x0, 0x0, 0x1f, 0xff, 0xff, 0x0,
    0x0, 0x0, 0x0, 0x0, 0x0, 0x0, 0x3, 0xff,
    0xff, 0xe0, 0x0, 0x0, 0x0, 0x0, 0x0, 0x0,
    0x0, 0x3f, 0xff, 0xfe, 0x0, 0x0, 0x0, 0x0,
    0x0, 0x0, 0x0, 0x3, 0xff, 0xff, 0xe0, 0x0,
    0x0, 0x0, 0x0, 0x0, 0x0, 0x0, 0x3f, 0xff,
    0xfe, 0x0, 0x0, 0x0, 0x0, 0x0, 0x0, 0x0,
    0x3, 0xff, 0xff, 0xe0, 0x0, 0x0, 0x0, 0x0,
    0x0, 0x0, 0x0, 0x3f, 0xff, 0xfe, 0x0, 0x0,
    0x0, 0x0, 0x0, 0x0, 0x0, 0x7, 0xff, 0xff,
    0xc0, 0x0, 0x0, 0x0, 0x0, 0x0, 0x0, 0x0,
    0x7f, 0xff, 0xfc, 0x0, 0x0, 0x0, 0x0, 0x0,
    0x0, 0x0, 0x7, 0xff, 0xff, 0xc0, 0x0, 0x0,
    0x0, 0x0, 0x0, 0x0, 0x0, 0x7f, 0xff, 0xfc,
    0x0, 0x0, 0x0, 0x0, 0x0, 0x0, 0x0, 0x7,
    0xff, 0xff, 0x80, 0x0, 0x0, 0x0, 0x0, 0x0,
    0x0, 0x0, 0x7f, 0xff, 0xf8, 0x0, 0x0, 0x0,
    0x0, 0x0, 0x0, 0x0, 0x3, 0xff, 0xfe, 0x0,
    0x0, 0x0, 0x0, 0x0, 0x0, 0x0, 0x0,

    /* U+0051 "Q" */
    0x0, 0x0, 0x0, 0x7f, 0xff, 0xff, 0xff, 0xff,
    0xff, 0xc0, 0x0, 0x0, 0x0, 0x7, 0xff, 0xff,
    0xff, 0xff, 0xff, 0xff, 0xf0, 0x0, 0x0, 0x0,
    0x3f, 0xff, 0xff, 0xff, 0xff, 0xff, 0xff, 0xf8,
    0x0, 0x0, 0x1, 0xff, 0xff, 0xff, 0xff, 0xff,
    0xff, 0xff, 0xf8, 0x0, 0x0, 0xf, 0xff, 0xff,
    0xff, 0xff, 0xff, 0xff, 0xff, 0xf8, 0x0, 0x0,
    0x3f, 0xff, 0xff, 0xff, 0xff, 0xff, 0xff, 0xff,
    0xf8, 0x0, 0x0, 0xff, 0xff, 0xff, 0xff, 0xff,
    0xff, 0xff, 0xff, 0xf8, 0x0, 0x3, 0xff, 0xff,
    0xff, 0xff, 0xff, 0xff, 0xff, 0xff, 0xf8, 0x0,
    0xf, 0xff, 0xff, 0xff, 0xff, 0xff, 0xff, 0xff,
    0xff, 0xf0, 0x0, 0x3f, 0xff, 0xff, 0xff, 0xff,
    0xff, 0xff, 0xff, 0xff, 0xe0, 0x0, 0x7f, 0xff,
    0xff, 0xff, 0xff, 0xff, 0xff, 0xff, 0xff, 0xe0,
    0x1, 0xff, 0xff, 0xff, 0xff, 0xff, 0xff, 0xff,
    0xff, 0xff, 0xc0, 0x3, 0xff, 0xff, 0xff, 0xff,
    0xff, 0xff, 0xff, 0xff, 0xff, 0x80, 0xf, 0xff,
    0xff, 0xff, 0xff, 0xff, 0xff, 0xff, 0xff, 0xff,
    0x0, 0x1f, 0xff, 0xff, 0xff, 0xff, 0xff, 0xff,
    0xff, 0xff, 0xfe, 0x0, 0x7f, 0xff, 0xff, 0xff,
    0xff, 0xff, 0xff, 0xff, 0xff, 0xfc, 0x0, 0xff,
    0xff, 0xff, 0xff, 0xff, 0xff, 0xff, 0xff, 0xff,
    0xf8, 0x1, 0xff, 0xff, 0xf8, 0x0, 0x0, 0x0,
    0x3, 0xff, 0xff, 0xf0, 0x3, 0xff, 0xff, 0xe0,
    0x0, 0x0, 0x0, 0x3, 0xff, 0xff, 0xe0, 0xf,
    0xff, 0xff, 0x80, 0x0, 0x0, 0x0, 0x7, 0xff,
    0xff, 0xc0, 0x1f, 0xff, 0xff, 0x0, 0x0, 0x0,
    0x0, 0x1f, 0xff, 0xff, 0x80, 0x3f, 0xff, 0xfe,
    0x0, 0x0, 0x0, 0x0, 0x3f, 0xff, 0xff, 0x0,
    0x7f, 0xff, 0xfc, 0x0, 0x0, 0x0, 0x0, 0x7f,
    0xff, 0xfc, 0x0, 0xff, 0xff, 0xf8, 0x0, 0x0,
    0x0, 0x0, 0xff, 0xff, 0xf8, 0x3, 0xff, 0xff,
    0xf0, 0x0, 0x0, 0x0, 0x1, 0xff, 0xff, 0xf0,
    0x7, 0xff, 0xff, 0xc0, 0x0, 0x0, 0x0, 0x3,
    0xff, 0xff, 0xe0, 0xf, 0xff, 0xff, 0x80, 0x0,
    0x0, 0x0, 0xf, 0xff, 0xff, 0xc0, 0x1f, 0xff,
    0xff, 0x0, 0x0, 0x0, 0x0, 0x1f, 0xff, 0xff,
    0x80, 0x3f, 0xff, 0xfe, 0x0, 0x0, 0x0, 0x0,
    0x3f, 0xff, 0xfe, 0x0, 0x7f, 0xff, 0xfc, 0x0,
    0x0, 0x0, 0x0, 0x7f, 0xff, 0xfc, 0x1, 0xff,
    0xff, 0xf8, 0x0, 0x0, 0x0, 0x0, 0xff, 0xff,
    0xf8, 0x3, 0xff, 0xff, 0xe0, 0x0, 0x0, 0x0,
    0x1, 0xff, 0xff, 0xf0, 0x7, 0xff, 0xff, 0xc0,
    0x0, 0x0, 0x0, 0x7, 0xff, 0xff, 0xe0, 0xf,
    0xff, 0xff, 0x80, 0x0, 0x0, 0x0, 0xf, 0xff,
    0xff, 0x80, 0x1f, 0xff, 0xff, 0x0, 0x0, 0x0,
    0x0, 0x1f, 0xff, 0xff, 0x0, 0x7f, 0xff, 0xfe,
    0x0, 0x0, 0x0, 0x0, 0x3f, 0xff, 0xfe, 0x0,
    0xff, 0xff, 0xfc, 0x0, 0x0, 0x0, 0x0, 0x7f,
    0xff, 0xfc, 0x1, 0xff, 0xff, 0xf0, 0x0, 0x0,
    0x0, 0x0, 0xff, 0xff, 0xf8, 0x3, 0xff, 0xff,
    0xe0, 0x0, 0x0, 0x0, 0x3, 0xff, 0xff, 0xf0,
    0x7, 0xff, 0xff, 0xc0, 0x0, 0x0, 0x0, 0x7,
    0xff, 0xff, 0xc0, 0xf, 0xff, 0xff, 0x80, 0x0,
    0x0, 0x0, 0xf, 0xff, 0xff, 0x80, 0x3f, 0xff,
    0xff, 0x0, 0x0, 0x0, 0x0, 0x1f, 0xff, 0xff,
    0x0, 0x7f, 0xff, 0xfe, 0x0, 0x0, 0x0, 0x0,
    0x3f, 0xff, 0xfe, 0x0, 0xff, 0xff, 0xf8, 0x0,
    0x0, 0x0, 0x0, 0xff, 0xff, 0xfc, 0x1, 0xff,
    0xff, 0xf0, 0x0, 0x0, 0x0, 0x1, 0xff, 0xff,
    0xf0, 0x3, 0xff, 0xff, 0xe0, 0x0, 0x0, 0x0,
    0x3, 0xff, 0xff, 0xe0, 0xf, 0xff, 0xff, 0xc0,
    0x0, 0x0, 0x0, 0x7, 0xff, 0xff, 0xc0, 0x1f,
    0xff, 0xff, 0x80, 0x0, 0x0, 0x0, 0xf, 0xff,
    0xff, 0x80, 0x3f, 0xff, 0xff, 0x0, 0x0, 0x0,
    0x0, 0x1f, 0xff, 0xff, 0x0, 0x7f, 0xff, 0xfc,
    0x0, 0x0, 0x0, 0x0, 0x7f, 0xff, 0xfe, 0x0,
    0xff, 0xff, 0xf8, 0x0, 0x0, 0x0, 0x0, 0xff,
    0xff, 0xf8, 0x1, 0xff, 0xff, 0xf0, 0x0, 0x0,
    0x0, 0x1, 0xff, 0xff, 0xf0, 0x7, 0xff, 0xff,
    0xf0, 0x0, 0x0, 0x0, 0x7, 0xff, 0xff, 0xe0,
    0xf, 0xff, 0xff, 0xff, 0xff, 0xff, 0xff, 0xff,
    0xff, 0xff, 0xc0, 0x1f, 0xff, 0xff, 0xff, 0xff,
    0xff, 0xff, 0xff, 0xff, 0xff, 0x0, 0x3f, 0xff,
    0xff, 0xff, 0xff, 0xff, 0xff, 0xff, 0xff, 0xfe,
    0x0, 0x7f, 0xff, 0xff, 0xff, 0xff, 0xff, 0xff,
    0xff, 0xff, 0xfc, 0x0, 0xff, 0xff, 0xff, 0xff,
    0xff, 0xff, 0xff, 0xff, 0xff, 0xf0, 0x0, 0xff,
    0xff, 0xff, 0xff, 0xff, 0xff, 0xff, 0xff, 0xff,
    0xe0, 0x1, 0xff, 0xff, 0xff, 0xff, 0xff, 0xff,
    0xff, 0xff, 0xff, 0x80, 0x3, 0xff, 0xff, 0xff,
    0xff, 0xff, 0xff, 0xff, 0xff, 0xfe, 0x0, 0x3,
    0xff, 0xff, 0xff, 0xff, 0xff, 0xff, 0xff, 0xff,
    0xf8, 0x0, 0x7, 0xff, 0xff, 0xff, 0xff, 0xff,
    0xff, 0xff, 0xff, 0xf0, 0x0, 0x7, 0xff, 0xff,
    0xff, 0xff, 0xff, 0xff, 0xff, 0xff, 0xc0, 0x0,
    0xf, 0xff, 0xff, 0xff, 0xff, 0xff, 0xff, 0xff,
    0xff, 0x0, 0x0, 0xf, 0xff, 0xff, 0xff, 0xff,
    0xff, 0xff, 0xff, 0xf8, 0x0, 0x0, 0xf, 0xff,
    0xff, 0xff, 0xff, 0xff, 0xff, 0xff, 0xe0, 0x0,
    0x0, 0x7, 0xff, 0xff, 0xff, 0xff, 0xff, 0xff,
    0xff, 0x80, 0x0, 0x0, 0x3, 0xff, 0xff, 0xff,
    0xff, 0xff, 0xff, 0xff, 0x0, 0x0, 0x0, 0x0,
    0xff, 0xff, 0xff, 0xff, 0xff, 0xff, 0xfe, 0x0,
    0x0, 0x0, 0x0, 0x0, 0x0, 0x0, 0x1, 0xff,
    0xff, 0xfc, 0x0, 0x0, 0x0, 0x0, 0x0, 0x0,
    0x0, 0x1, 0xff, 0xff, 0xf8, 0x0, 0x0, 0x0,
    0x0, 0x0, 0x0, 0x0, 0x3, 0xff, 0xff, 0xf8,
    0x0, 0x0, 0x0, 0x0, 0x0, 0x0, 0x0, 0x7,
    0xff, 0xff, 0xf0, 0x0, 0x0, 0x0, 0x0, 0x0,
    0x0, 0x0, 0xf, 0xff, 0xff, 0xe0, 0x0, 0x0,
    0x0, 0x0, 0x0, 0x0, 0x0, 0xf, 0xff, 0xff,
    0x80, 0x0, 0x0, 0x0, 0x0, 0x0, 0x0, 0x0,
    0x1f, 0xff, 0xff, 0x0, 0x0, 0x0, 0x0, 0x0,
    0x0, 0x0, 0x0, 0x3f, 0xff, 0xf8, 0x0, 0x0,
    0x0, 0x0, 0x0, 0x0, 0x0, 0x0, 0x7f, 0xff,
    0xc0, 0x0, 0x0, 0x0, 0x0, 0x0, 0x0, 0x0,
    0x0, 0xff, 0xfc, 0x0, 0x0, 0x0, 0x0, 0x0,
    0x0, 0x0, 0x0, 0x0, 0xff, 0xc0, 0x0, 0x0,
    0x0, 0x0, 0x0, 0x0, 0x0, 0x0, 0x0, 0xfc,
    0x0, 0x0, 0x0, 0x0, 0x0, 0x0, 0x0, 0x0,
    0x0, 0x0, 0x0, 0x0, 0x0, 0x0, 0x0,

    /* U+0052 "R" */
    0x0, 0x3, 0xff, 0xff, 0xff, 0xff, 0xff, 0xff,
    0xfc, 0x0, 0x0, 0x0, 0xff, 0xff, 0xff, 0xff,
    0xff, 0xff, 0xff, 0xf0, 0x0, 0x0, 0x3f, 0xff,
    0xff, 0xff, 0xff, 0xff, 0xff, 0xff, 0x80, 0x0,
    0xf, 0xff, 0xff, 0xff, 0xff, 0xff, 0xff, 0xff,
    0xf8, 0x0, 0x1, 0xff, 0xff, 0xff, 0xff, 0xff,
    0xff, 0xff, 0xff, 0x80, 0x0, 0x3f, 0xff, 0xff,
    0xff, 0xff, 0xff, 0xff, 0xff, 0xf8, 0x0, 0x7,
    0xff, 0xff, 0xff, 0xff, 0xff, 0xff, 0xff, 0xff,
    0x80, 0x0, 0xff, 0xff, 0xff, 0xff, 0xff, 0xff,
    0xff, 0xff, 0xf0, 0x0, 0x3f, 0xff, 0xff, 0xff,
    0xff, 0xff, 0xff, 0xff, 0xff, 0x0, 0x7, 0xff,
    0xff, 0xff, 0xff, 0xff, 0xff, 0xff, 0xff, 0xe0,
    0x0, 0xff, 0xff, 0xff, 0xff, 0xff, 0xff, 0xff,
    0xff, 0xfe, 0x0, 0x1f, 0xff, 0xff, 0xff, 0xff,
    0xff, 0xff, 0xff, 0xff, 0xc0, 0x3, 0xff, 0xff,
    0xff, 0xff, 0xff, 0xff, 0xff, 0xff, 0xf8, 0x0,
    0x7f, 0xff, 0xff, 0xff, 0xff, 0xff, 0xff, 0xff,
    0xff, 0x0, 0x1f, 0xff, 0xff, 0xff, 0xff, 0xff,
    0xff, 0xff, 0xff, 0xe0, 0x3, 0xff, 0xff, 0xff,
    0xff, 0xff, 0xff, 0xff, 0xff, 0xfc, 0x0, 0x7f,
    0xff, 0xff, 0xff, 0xff, 0xff, 0xff, 0xff, 0xff,
    0x80, 0xf, 0xff, 0xff, 0x80, 0x0, 0x0, 0x7,
    0xff, 0xff, 0xf0, 0x1, 0xff, 0xff, 0xf0, 0x0,
    0x0, 0x0, 0x7f, 0xff, 0xfe, 0x0, 0x7f, 0xff,
    0xfe, 0x0, 0x0, 0x0, 0xf, 0xff, 0xff, 0xc0,
    0xf, 0xff, 0xff, 0x80, 0x0, 0x0, 0x1, 0xff,
    0xff, 0xf8, 0x1, 0xff, 0xff, 0xf0, 0x0, 0x0,
    0x0, 0x3f, 0xff, 0xfe, 0x0, 0x3f, 0xff, 0xfe,
    0x0, 0x0, 0x0, 0x7, 0xff, 0xff, 0xc0, 0x7,
    0xff, 0xff, 0xc0, 0x0, 0x0, 0x0, 0xff, 0xff,
    0xf8, 0x0, 0xff, 0xff, 0xf8, 0x0, 0x0, 0x0,
    0x1f, 0xff, 0xff, 0x0, 0x3f, 0xff, 0xfe, 0x0,
    0x0, 0x0, 0x3, 0xff, 0xff, 0xe0, 0x7, 0xff,
    0xff, 0xc0, 0x0, 0x0, 0x0, 0xff, 0xff, 0xf8,
    0x0, 0xff, 0xff, 0xf8, 0x0, 0x0, 0x0, 0x1f,
    0xff, 0xff, 0x0, 0x1f, 0xff, 0xff, 0x0, 0x0,
    0x0, 0x3, 0xff, 0xff, 0xe0, 0x3, 0xff, 0xff,
    0xe0, 0x0, 0x0, 0x0, 0x7f, 0xff, 0xfc, 0x0,
    0xff, 0xff, 0xfc, 0x0, 0x0, 0x0, 0xf, 0xff,
    0xff, 0x80, 0x1f, 0xff, 0xff, 0x0, 0x0, 0x0,
    0x3, 0xff, 0xff, 0xf0, 0x3, 0xff, 0xff, 0xe0,
    0x0, 0x0, 0x0, 0x7f, 0xff, 0xfc, 0x0, 0x7f,
    0xff, 0xfc, 0x0, 0x0, 0x0, 0x1f, 0xff, 0xff,
    0x80, 0xf, 0xff, 0xff, 0x80, 0x0, 0x0, 0x7,
    0xff, 0xff, 0xf0, 0x1, 0xff, 0xff, 0xff, 0xff,
    0xff, 0xff, 0xff, 0xff, 0xfe, 0x0, 0x7f, 0xff,
    0xff, 0xff, 0xff, 0xff, 0xff, 0xff, 0xff, 0x80,
    0xf, 0xff, 0xff, 0xff, 0xff, 0xff, 0xff, 0xff,
    0xff, 0xf0, 0x1, 0xff, 0xff, 0xff, 0xff, 0xff,
    0xff, 0xff, 0xff, 0xfe, 0x0, 0x3f, 0xff, 0xff,
    0xff, 0xff, 0xff, 0xff, 0xff, 0xff, 0x80, 0x7,
    0xff, 0xff, 0xff, 0xff, 0xff, 0xff, 0xff, 0xff,
    0xf0, 0x1, 0xff, 0xff, 0xff, 0xff, 0xff, 0xff,
    0xff, 0xff, 0xfc, 0x0, 0x3f, 0xff, 0xff, 0xff,
    0xff, 0xff, 0xff, 0xff, 0xff, 0x0, 0x7, 0xff,
    0xff, 0xff, 0xff, 0xff, 0xff, 0xff, 0xff, 0xc0,
    0x0, 0xff, 0xff, 0xff, 0xff, 0xff, 0xff, 0xff,
    0xff, 0xf8, 0x0, 0x1f, 0xff, 0xff, 0xff, 0xff,
    0xff, 0xff, 0xff, 0xfe, 0x0, 0x3, 0xff, 0xff,
    0xff, 0xff, 0xff, 0xff, 0xff, 0xff, 0x80, 0x0,
    0xff, 0xff, 0xff, 0xff, 0xff, 0xff, 0xff, 0xff,
    0xc0, 0x0, 0x1f, 0xff, 0xff, 0xff, 0xff, 0xff,
    0xff, 0xff, 0xf0, 0x0, 0x3, 0xff, 0xff, 0xff,
    0xff, 0xff, 0xff, 0xff, 0xf8, 0x0, 0x0, 0x7f,
    0xff, 0xff, 0xff, 0xff, 0xff, 0xff, 0xfe, 0x0,
    0x0, 0xf, 0xff, 0xff, 0xff, 0xff, 0xff, 0xff,
    0xff, 0xc0, 0x0, 0x3, 0xff, 0xff, 0xf0, 0x0,
    0x3, 0xff, 0xff, 0xfc, 0x0, 0x0, 0x7f, 0xff,
    0xfc, 0x0, 0x0, 0x7f, 0xff, 0xff, 0x80, 0x0,
    0xf, 0xff, 0xff, 0x80, 0x0, 0x7, 0xff, 0xff,
    0xf8, 0x0, 0x1, 0xff, 0xff, 0xf0, 0x0, 0x0,
    0xff, 0xff, 0xff, 0x80, 0x0, 0x3f, 0xff, 0xfe,
    0x0, 0x0, 0xf, 0xff, 0xff, 0xf0, 0x0, 0x7,
    0xff, 0xff, 0xc0, 0x0, 0x1, 0xff, 0xff, 0xff,
    0x0, 0x1, 0xff, 0xff, 0xf0, 0x0, 0x0, 0x1f,
    0xff, 0xff, 0xe0, 0x0, 0x3f, 0xff, 0xfe, 0x0,
    0x0, 0x3, 0xff, 0xff, 0xfe, 0x0, 0x7, 0xff,
    0xff, 0xc0, 0x0, 0x0, 0x3f, 0xff, 0xff, 0xc0,
    0x0, 0xff, 0xff, 0xf8, 0x0, 0x0, 0x7, 0xff,
    0xff, 0xfc, 0x0, 0x1f, 0xff, 0xff, 0x0, 0x0,
    0x0, 0x7f, 0xff, 0xff, 0xc0, 0x7, 0xff, 0xff,
    0xe0, 0x0, 0x0, 0xf, 0xff, 0xff, 0xf8, 0x0,
    0xff, 0xff, 0xf8, 0x0, 0x0, 0x0, 0xff, 0xff,
    0xff, 0x80, 0x1f, 0xff, 0xff, 0x0, 0x0, 0x0,
    0x1f, 0xff, 0xff, 0xf0, 0x3, 0xff, 0xff, 0xe0,
    0x0, 0x0, 0x1, 0xff, 0xff, 0xff, 0x0, 0x7f,
    0xff, 0xfc, 0x0, 0x0, 0x0, 0x3f, 0xff, 0xff,
    0xe0, 0xf, 0xff, 0xff, 0x0, 0x0, 0x0, 0x3,
    0xff, 0xff, 0xf8, 0x0, 0xff, 0xff, 0xc0, 0x0,
    0x0, 0x0, 0x3f, 0xff, 0xfe, 0x0, 0x0,

    /* U+0053 "S" */
    0x0, 0x0, 0x0, 0xff, 0xff, 0xff, 0xff, 0xff,
    0xff, 0xf8, 0x0, 0x0, 0xf, 0xff, 0xff, 0xff,
    0xff, 0xff, 0xff, 0xf8, 0x0, 0x0, 0xff, 0xff,
    0xff, 0xff, 0xff, 0xff, 0xff, 0xf0, 0x0, 0x3,
    0xff, 0xff, 0xff, 0xff, 0xff, 0xff, 0xff, 0xe0,
    0x0, 0x1f, 0xff, 0xff, 0xff, 0xff, 0xff, 0xff,
    0xff, 0xc0, 0x0, 0x7f, 0xff, 0xff, 0xff, 0xff,
    0xff, 0xff, 0xff, 0x80, 0x1, 0xff, 0xff, 0xff,
    0xff, 0xff, 0xff, 0xff, 0xff, 0x0, 0x7, 0xff,
    0xff, 0xff, 0xff, 0xff, 0xff, 0xff, 0xfe, 0x0,
    0x1f, 0xff, 0xff, 0xff, 0xff, 0xff, 0xff, 0xff,
    0xfc, 0x0, 0x7f, 0xff, 0xff, 0xff, 0xff, 0xff,
    0xff, 0xff, 0xf0, 0x0, 0xff, 0xff, 0xff, 0xff,
    0xff, 0xff, 0xff, 0xff, 0xe0, 0x3, 0xff, 0xff,
    0xff, 0xff, 0xff, 0xff, 0xff, 0xff, 0xc0, 0xf,
    0xff, 0xff, 0xff, 0xff, 0xff, 0xff, 0xff, 0xff,
    0x80, 0x1f, 0xff, 0xff, 0xff, 0xff, 0xff, 0xff,
    0xff, 0xff, 0x0, 0x3f, 0xff, 0xff, 0xff, 0xff,
    0xff, 0xff, 0xff, 0xfc, 0x0, 0xff, 0xff, 0xff,
    0xff, 0xff, 0xff, 0xff, 0xff, 0xf0, 0x1, 0xff,
    0xff, 0xff, 0xff, 0xff, 0xff, 0xff, 0xff, 0xc0,
    0x3, 0xff, 0xff, 0xe0, 0x0, 0x0, 0x0, 0x0,
    0x0, 0x0, 0x7, 0xff, 0xff, 0x80, 0x0, 0x0,
    0x0, 0x0, 0x0, 0x0, 0x1f, 0xff, 0xfe, 0x0,
    0x0, 0x0, 0x0, 0x0, 0x0, 0x0, 0x3f, 0xff,
    0xfc, 0x0, 0x0, 0x0, 0x0, 0x0, 0x0, 0x0,
    0x7f, 0xff, 0xf8, 0x0, 0x0, 0x0, 0x0, 0x0,
    0x0, 0x0, 0xff, 0xff, 0xf0, 0x0, 0x0, 0x0,
    0x0, 0x0, 0x0, 0x1, 0xff, 0xff, 0xe0, 0x0,
    0x0, 0x0, 0x0, 0x0, 0x0, 0x7, 0xff, 0xff,
    0xc0, 0x0, 0x0, 0x0, 0x0, 0x0, 0x0, 0xf,
    0xff, 0xff, 0x80, 0x0, 0x0, 0x0, 0x0, 0x0,
    0x0, 0x1f, 0xff, 0xff, 0x0, 0x0, 0x0, 0x0,
    0x0, 0x0, 0x0, 0x3f, 0xff, 0xff, 0xff, 0xff,
    0xff, 0xff, 0xf0, 0x0, 0x0, 0x7f, 0xff, 0xff,
    0xff, 0xff, 0xff, 0xff, 0xfc, 0x0, 0x0, 0xff,
    0xff, 0xff, 0xff, 0xff, 0xff, 0xff, 0xfe, 0x0,
    0x1, 0xff, 0xff, 0xff, 0xff, 0xff, 0xff, 0xff,
    0xfe, 0x0, 0x3, 0xff, 0xff, 0xff, 0xff, 0xff,
    0xff, 0xff, 0xff, 0x0, 0x3, 0xff, 0xff, 0xff,
    0xff, 0xff, 0xff, 0xff, 0xfe, 0x0, 0x7, 0xff,
    0xff, 0xff, 0xff, 0xff, 0xff, 0xff, 0xfe, 0x0,
    0xf, 0xff, 0xff, 0xff, 0xff, 0xff, 0xff, 0xff,
    0xfe, 0x0, 0xf, 0xff, 0xff, 0xff, 0xff, 0xff,
    0xff, 0xff, 0xfc, 0x0, 0x1f, 0xff, 0xff, 0xff,
    0xff, 0xff, 0xff, 0xff, 0xfc, 0x0, 0x1f, 0xff,
    0xff, 0xff, 0xff, 0xff, 0xff, 0xff, 0xf8, 0x0,
    0x1f, 0xff, 0xff, 0xff, 0xff, 0xff, 0xff, 0xff,
    0xf0, 0x0, 0x1f, 0xff, 0xff, 0xff, 0xff, 0xff,
    0xff, 0xff, 0xe0, 0x0, 0x1f, 0xff, 0xff, 0xff,
    0xff, 0xff, 0xff, 0xff, 0xe0, 0x0, 0xf, 0xff,
    0xff, 0xff, 0xff, 0xff, 0xff, 0xff, 0xc0, 0x0,
    0x3, 0xff, 0xff, 0xff, 0xff, 0xff, 0xff, 0xff,
    0x80, 0x0, 0x0, 0x0, 0x0, 0x0, 0x0, 0x3f,
    0xff, 0xff, 0x0, 0x0, 0x0, 0x0, 0x0, 0x0,
    0x0, 0x3f, 0xff, 0xfe, 0x0, 0x0, 0x0, 0x0,
    0x0, 0x0, 0x0, 0x7f, 0xff, 0xf8, 0x0, 0x0,
    0x0, 0x0, 0x0, 0x0, 0x0, 0xff, 0xff, 0xf0,
    0x0, 0x0, 0x0, 0x0, 0x0, 0x0, 0x1, 0xff,
    0xff, 0xe0, 0x0, 0x0, 0x0, 0x0, 0x0, 0x0,
    0x3, 0xff, 0xff, 0xc0, 0x0, 0x0, 0x0, 0x0,
    0x0, 0x0, 0x7, 0xff, 0xff, 0x80, 0x0, 0x0,
    0x0, 0x0, 0x0, 0x0, 0x1f, 0xff, 0xfe, 0x0,
    0x0, 0x0, 0x0, 0x0, 0x0, 0x0, 0x3f, 0xff,
    0xfc, 0x0, 0x0, 0x0, 0x0, 0x0, 0x0, 0x0,
    0xff, 0xff, 0xf8, 0x0, 0xff, 0xff, 0xff, 0xff,
    0xff, 0xff, 0xff, 0xff, 0xf0, 0x7, 0xff, 0xff,
    0xff, 0xff, 0xff, 0xff, 0xff, 0xff, 0xe0, 0x1f,
    0xff, 0xff, 0xff, 0xff, 0xff, 0xff, 0xff, 0xff,
    0x80, 0x3f, 0xff, 0xff, 0xff, 0xff, 0xff, 0xff,
    0xff, 0xff, 0x0, 0x7f, 0xff, 0xff, 0xff, 0xff,
    0xff, 0xff, 0xff, 0xfc, 0x0, 0xff, 0xff, 0xff,
    0xff, 0xff, 0xff, 0xff, 0xff, 0xf8, 0x1, 0xff,
    0xff, 0xff, 0xff, 0xff, 0xff, 0xff, 0xff, 0xe0,
    0x7, 0xff, 0xff, 0xff, 0xff, 0xff, 0xff, 0xff,
    0xff, 0x80, 0xf, 0xff, 0xff, 0xff, 0xff, 0xff,
    0xff, 0xff, 0xff, 0x0, 0x1f, 0xff, 0xff, 0xff,
    0xff, 0xff, 0xff, 0xff, 0xfc, 0x0, 0x3f, 0xff,
    0xff, 0xff, 0xff, 0xff, 0xff, 0xff, 0xf0, 0x0,
    0x7f, 0xff, 0xff, 0xff, 0xff, 0xff, 0xff, 0xff,
    0xc0, 0x1, 0xff, 0xff, 0xff, 0xff, 0xff, 0xff,
    0xff, 0xfe, 0x0, 0x3, 0xff, 0xff, 0xff, 0xff,
    0xff, 0xff, 0xff, 0xf8, 0x0, 0x7, 0xff, 0xff,
    0xff, 0xff, 0xff, 0xff, 0xff, 0xc0, 0x0, 0xf,
    0xff, 0xff, 0xff, 0xff, 0xff, 0xff, 0xfe, 0x0,
    0x0, 0x7, 0xff, 0xff, 0xff, 0xff, 0xff, 0xff,
    0xe0, 0x0, 0x0, 0x0,

    /* U+0054 "T" */
    0x7, 0xff, 0xff, 0xff, 0xff, 0xff, 0xff, 0xff,
    0xfc, 0xf, 0xff, 0xff, 0xff, 0xff, 0xff, 0xff,
    0xff, 0xfe, 0x1f, 0xff, 0xff, 0xff, 0xff, 0xff,
    0xff, 0xff, 0xff, 0x3f, 0xff, 0xff, 0xff, 0xff,
    0xff, 0xff, 0xff, 0xff, 0x3f, 0xff, 0xff, 0xff,
    0xff, 0xff, 0xff, 0xff, 0xfe, 0x3f, 0xff, 0xff,
    0xff, 0xff, 0xff, 0xff, 0xff, 0xfe, 0x3f, 0xff,
    0xff, 0xff, 0xff, 0xff, 0xff, 0xff, 0xfe, 0x3f,
    0xff, 0xff, 0xff, 0xff, 0xff, 0xff, 0xff, 0xfe,
    0x3f, 0xff, 0xff, 0xff, 0xff, 0xff, 0xff, 0xff,
    0xfe, 0x7f, 0xff, 0xff, 0xff, 0xff, 0xff, 0xff,
    0xff, 0xfe, 0x7f, 0xff, 0xff, 0xff, 0xff, 0xff,
    0xff, 0xff, 0xfc, 0x7f, 0xff, 0xff, 0xff, 0xff,
    0xff, 0xff, 0xff, 0xfc, 0x7f, 0xff, 0xff, 0xff,
    0xff, 0xff, 0xff, 0xff, 0xfc, 0x7f, 0xff, 0xff,
    0xff, 0xff, 0xff, 0xff, 0xff, 0xfc, 0x7f, 0xff,
    0xff, 0xff, 0xff, 0xff, 0xff, 0xff, 0xf8, 0x7f,
    0xff, 0xff, 0xff, 0xff, 0xff, 0xff, 0xff, 0xf8,
    0x3f, 0xff, 0xff, 0xff, 0xff, 0xff, 0xff, 0xff,
    0xe0, 0x0, 0x0, 0x0, 0xff, 0xff, 0xf8, 0x0,
    0x0, 0x0, 0x0, 0x0, 0x0, 0xff, 0xff, 0xf8,
    0x0, 0x0, 0x0, 0x0, 0x0, 0x1, 0xff, 0xff,
    0xf8, 0x0, 0x0, 0x0, 0x0, 0x0, 0x1, 0xff,
    0xff, 0xf0, 0x0, 0x0, 0x0, 0x0, 0x0, 0x1,
    0xff, 0xff, 0xf0, 0x0, 0x0, 0x0, 0x0, 0x0,
    0x1, 0xff, 0xff, 0xf0, 0x0, 0x0, 0x0, 0x0,
    0x0, 0x1, 0xff, 0xff, 0xf0, 0x0, 0x0, 0x0,
    0x0, 0x0, 0x1, 0xff, 0xff, 0xf0, 0x0, 0x0,
    0x0, 0x0, 0x0, 0x3, 0xff, 0xff, 0xf0, 0x0,
    0x0, 0x0, 0x0, 0x0, 0x3, 0xff, 0xff, 0xe0,
    0x0, 0x0, 0x0, 0x0, 0x0, 0x3, 0xff, 0xff,
    0xe0, 0x0, 0x0, 0x0, 0x0, 0x0, 0x3, 0xff,
    0xff, 0xe0, 0x0, 0x0, 0x0, 0x0, 0x0, 0x3,
    0xff, 0xff, 0xe0, 0x0, 0x0, 0x0, 0x0, 0x0,
    0x3, 0xff, 0xff, 0xe0, 0x0, 0x0, 0x0, 0x0,
    0x0, 0x7, 0xff, 0xff, 0xc0, 0x0, 0x0, 0x0,
    0x0, 0x0, 0x7, 0xff, 0xff, 0xc0, 0x0, 0x0,
    0x0, 0x0, 0x0, 0x7, 0xff, 0xff, 0xc0, 0x0,
    0x0, 0x0, 0x0, 0x0, 0x7, 0xff, 0xff, 0xc0,
    0x0, 0x0, 0x0, 0x0, 0x0, 0x7, 0xff, 0xff,
    0xc0, 0x0, 0x0, 0x0, 0x0, 0x0, 0xf, 0xff,
    0xff, 0xc0, 0x0, 0x0, 0x0, 0x0, 0x0, 0xf,
    0xff, 0xff, 0x80, 0x0, 0x0, 0x0, 0x0, 0x0,
    0xf, 0xff, 0xff, 0x80, 0x0, 0x0, 0x0, 0x0,
    0x0, 0xf, 0xff, 0xff, 0x80, 0x0, 0x0, 0x0,
    0x0, 0x0, 0xf, 0xff, 0xff, 0x80, 0x0, 0x0,
    0x0, 0x0, 0x0, 0xf, 0xff, 0xff, 0x80, 0x0,
    0x0, 0x0, 0x0, 0x0, 0x1f, 0xff, 0xff, 0x80,
    0x0, 0x0, 0x0, 0x0, 0x0, 0x1f, 0xff, 0xff,
    0x0, 0x0, 0x0, 0x0, 0x0, 0x0, 0x1f, 0xff,
    0xff, 0x0, 0x0, 0x0, 0x0, 0x0, 0x0, 0x1f,
    0xff, 0xff, 0x0, 0x0, 0x0, 0x0, 0x0, 0x0,
    0x1f, 0xff, 0xff, 0x0, 0x0, 0x0, 0x0, 0x0,
    0x0, 0x1f, 0xff, 0xff, 0x0, 0x0, 0x0, 0x0,
    0x0, 0x0, 0x3f, 0xff, 0xfe, 0x0, 0x0, 0x0,
    0x0, 0x0, 0x0, 0x3f, 0xff, 0xfe, 0x0, 0x0,
    0x0, 0x0, 0x0, 0x0, 0x3f, 0xff, 0xfe, 0x0,
    0x0, 0x0, 0x0, 0x0, 0x0, 0x3f, 0xff, 0xfe,
    0x0, 0x0, 0x0, 0x0, 0x0, 0x0, 0x3f, 0xff,
    0xfe, 0x0, 0x0, 0x0, 0x0, 0x0, 0x0, 0x7f,
    0xff, 0xfe, 0x0, 0x0, 0x0, 0x0, 0x0, 0x0,
    0x7f, 0xff, 0xfc, 0x0, 0x0, 0x0, 0x0, 0x0,
    0x0, 0x7f, 0xff, 0xfc, 0x0, 0x0, 0x0, 0x0,
    0x0, 0x0, 0x7f, 0xff, 0xfc, 0x0, 0x0, 0x0,
    0x0, 0x0, 0x0, 0x7f, 0xff, 0xfc, 0x0, 0x0,
    0x0, 0x0, 0x0, 0x0, 0x7f, 0xff, 0xfc, 0x0,
    0x0, 0x0, 0x0, 0x0, 0x0, 0xff, 0xff, 0xf8,
    0x0, 0x0, 0x0, 0x0, 0x0, 0x0, 0xff, 0xff,
    0xf8, 0x0, 0x0, 0x0, 0x0, 0x0, 0x0, 0xff,
    0xff, 0xf8, 0x0, 0x0, 0x0, 0x0, 0x0, 0x0,
    0xff, 0xff, 0xf8, 0x0, 0x0, 0x0, 0x0, 0x0,
    0x0, 0xff, 0xff, 0xf8, 0x0, 0x0, 0x0, 0x0,
    0x0, 0x1, 0xff, 0xff, 0xf8, 0x0, 0x0, 0x0,
    0x0, 0x0, 0x1, 0xff, 0xff, 0xf0, 0x0, 0x0,
    0x0, 0x0, 0x0, 0x1, 0xff, 0xff, 0xf0, 0x0,
    0x0, 0x0, 0x0, 0x0, 0x1, 0xff, 0xff, 0xf0,
    0x0, 0x0, 0x0, 0x0, 0x0, 0x0, 0xff, 0xff,
    0xe0, 0x0, 0x0, 0x0, 0x0, 0x0, 0x0, 0x7f,
    0xff, 0xc0, 0x0, 0x0, 0x0, 0x0,

    /* U+0055 "U" */
    0x0, 0x7, 0xff, 0xfc, 0x0, 0x0, 0x0, 0x0,
    0x3f, 0xff, 0xe0, 0x0, 0x7f, 0xff, 0xf0, 0x0,
    0x0, 0x0, 0x3, 0xff, 0xff, 0x80, 0x7, 0xff,
    0xff, 0x80, 0x0, 0x0, 0x0, 0x3f, 0xff, 0xfc,
    0x0, 0x3f, 0xff, 0xfc, 0x0, 0x0, 0x0, 0x1,
    0xff, 0xff, 0xe0, 0x3, 0xff, 0xff, 0xe0, 0x0,
    0x0, 0x0, 0x1f, 0xff, 0xff, 0x0, 0x1f, 0xff,
    0xff, 0x0, 0x0, 0x0, 0x0, 0xff, 0xff, 0xf8,
    0x0, 0xff, 0xff, 0xf8, 0x0, 0x0, 0x0, 0x7,
    0xff, 0xff, 0xc0, 0x7, 0xff, 0xff, 0x80, 0x0,
    0x0, 0x0, 0x3f, 0xff, 0xfc, 0x0, 0x3f, 0xff,
    0xfc, 0x0, 0x0, 0x0, 0x1, 0xff, 0xff, 0xe0,
    0x1, 0xff, 0xff, 0xe0, 0x0, 0x0, 0x0, 0x1f,
    0xff, 0xff, 0x0, 0x1f, 0xff, 0xff, 0x0, 0x0,
    0x0, 0x0, 0xff, 0xff, 0xf8, 0x0, 0xff, 0xff,
    0xf8, 0x0, 0x0, 0x0, 0x7, 0xff, 0xff, 0xc0,
    0x7, 0xff, 0xff, 0xc0, 0x0, 0x0, 0x0, 0x3f,
    0xff, 0xfe, 0x0, 0x3f, 0xff, 0xfc, 0x0, 0x0,
    0x0, 0x1, 0xff, 0xff, 0xe0, 0x1, 0xff, 0xff,
    0xe0, 0x0, 0x0, 0x0, 0xf, 0xff, 0xff, 0x0,
    0x1f, 0xff, 0xff, 0x0, 0x0, 0x0, 0x0, 0xff,
    0xff, 0xf8, 0x0, 0xff, 0xff, 0xf8, 0x0, 0x0,
    0x0, 0x7, 0xff, 0xff, 0xc0, 0x7, 0xff, 0xff,
    0xc0, 0x0, 0x0, 0x0, 0x3f, 0xff, 0xfe, 0x0,
    0x3f, 0xff, 0xfe, 0x0, 0x0, 0x0, 0x1, 0xff,
    0xff, 0xe0, 0x1, 0xff, 0xff, 0xe0, 0x0, 0x0,
    0x0, 0xf, 0xff, 0xff, 0x0, 0xf, 0xff, 0xff,
    0x0, 0x0, 0x0, 0x0, 0xff, 0xff, 0xf8, 0x0,
    0xff, 0xff, 0xf8, 0x0, 0x0, 0x0, 0x7, 0xff,
    0xff, 0xc0, 0x7, 0xff, 0xff, 0xc0, 0x0, 0x0,
    0x0, 0x3f, 0xff, 0xfe, 0x0, 0x3f, 0xff, 0xfe,
    0x0, 0x0, 0x0, 0x1, 0xff, 0xff, 0xf0, 0x1,
    0xff, 0xff, 0xe0, 0x0, 0x0, 0x0, 0xf, 0xff,
    0xff, 0x0, 0xf, 0xff, 0xff, 0x0, 0x0, 0x0,
    0x0, 0x7f, 0xff, 0xf8, 0x0, 0xff, 0xff, 0xf8,
    0x0, 0x0, 0x0, 0x7, 0xff, 0xff, 0xc0, 0x7,
    0xff, 0xff, 0xc0, 0x0, 0x0, 0x0, 0x3f, 0xff,
    0xfe, 0x0, 0x3f, 0xff, 0xfe, 0x0, 0x0, 0x0,
    0x1, 0xff, 0xff, 0xf0, 0x1, 0xff, 0xff, 0xf0,
    0x0, 0x0, 0x0, 0xf, 0xff, 0xff, 0x0, 0xf,
    0xff, 0xff, 0x0, 0x0, 0x0, 0x0, 0x7f, 0xff,
    0xf8, 0x0, 0x7f, 0xff, 0xf8, 0x0, 0x0, 0x0,
    0x3, 0xff, 0xff, 0xc0, 0x7, 0xff, 0xff, 0xc0,
    0x0, 0x0, 0x0, 0x3f, 0xff, 0xfe, 0x0, 0x3f,
    0xff, 0xfe, 0x0, 0x0, 0x0, 0x1, 0xff, 0xff,
    0xf0, 0x1, 0xff, 0xff, 0xf0, 0x0, 0x0, 0x0,
    0xf, 0xff, 0xff, 0x80, 0xf, 0xff, 0xff, 0x0,
    0x0, 0x0, 0x0, 0x7f, 0xff, 0xf8, 0x0, 0x7f,
    0xff, 0xf8, 0x0, 0x0, 0x0, 0x3, 0xff, 0xff,
    0xc0, 0x7, 0xff, 0xff, 0xc0, 0x0, 0x0, 0x0,
    0x1f, 0xff, 0xfe, 0x0, 0x3f, 0xff, 0xfe, 0x0,
    0x0, 0x0, 0x1, 0xff, 0xff, 0xf0, 0x1, 0xff,
    0xff, 0xf0, 0x0, 0x0, 0x0, 0xf, 0xff, 0xff,
    0x80, 0xf, 0xff, 0xff, 0x80, 0x0, 0x0, 0x0,
    0x7f, 0xff, 0xf8, 0x0, 0x7f, 0xff, 0xf8, 0x0,
    0x0, 0x0, 0x3, 0xff, 0xff, 0xc0, 0x3, 0xff,
    0xff, 0xc0, 0x0, 0x0, 0x0, 0x1f, 0xff, 0xfe,
    0x0, 0x3f, 0xff, 0xfe, 0x0, 0x0, 0x0, 0x1,
    0xff, 0xff, 0xf0, 0x1, 0xff, 0xff, 0xf0, 0x0,
    0x0, 0x0, 0xf, 0xff, 0xff, 0x80, 0xf, 0xff,
    0xff, 0x80, 0x0, 0x0, 0x0, 0x7f, 0xff, 0xfc,
    0x0, 0x7f, 0xff, 0xfc, 0x0, 0x0, 0x0, 0x3,
    0xff, 0xff, 0xc0, 0x3, 0xff, 0xff, 0xc0, 0x0,
    0x0, 0x0, 0x1f, 0xff, 0xfe, 0x0, 0x1f, 0xff,
    0xfe, 0x0, 0x0, 0x0, 0x0, 0xff, 0xff, 0xf0,
    0x1, 0xff, 0xff, 0xf0, 0x0, 0x0, 0x0, 0xf,
    0xff, 0xff, 0x80, 0xf, 0xff, 0xff, 0x80, 0x0,
    0x0, 0x0, 0x7f, 0xff, 0xfc, 0x0, 0x7f, 0xff,
    0xfc, 0x0, 0x0, 0x0, 0x3, 0xff, 0xff, 0xc0,
    0x3, 0xff, 0xff, 0xe0, 0x0, 0x0, 0x0, 0x3f,
    0xff, 0xfe, 0x0, 0x1f, 0xff, 0xff, 0xff, 0xff,
    0xff, 0xff, 0xff, 0xff, 0xf0, 0x0, 0xff, 0xff,
    0xff, 0xff, 0xff, 0xff, 0xff, 0xff, 0xff, 0x80,
    0x7, 0xff, 0xff, 0xff, 0xff, 0xff, 0xff, 0xff,
    0xff, 0xf8, 0x0, 0x3f, 0xff, 0xff, 0xff, 0xff,
    0xff, 0xff, 0xff, 0xff, 0xc0, 0x1, 0xff, 0xff,
    0xff, 0xff, 0xff, 0xff, 0xff, 0xff, 0xfc, 0x0,
    0xf, 0xff, 0xff, 0xff, 0xff, 0xff, 0xff, 0xff,
    0xff, 0xe0, 0x0, 0x7f, 0xff, 0xff, 0xff, 0xff,
    0xff, 0xff, 0xff, 0xfe, 0x0, 0x1, 0xff, 0xff,
    0xff, 0xff, 0xff, 0xff, 0xff, 0xff, 0xf0, 0x0,
    0xf, 0xff, 0xff, 0xff, 0xff, 0xff, 0xff, 0xff,
    0xff, 0x0, 0x0, 0x7f, 0xff, 0xff, 0xff, 0xff,
    0xff, 0xff, 0xff, 0xf0, 0x0, 0x1, 0xff, 0xff,
    0xff, 0xff, 0xff, 0xff, 0xff, 0xff, 0x0, 0x0,
    0x7, 0xff, 0xff, 0xff, 0xff, 0xff, 0xff, 0xff,
    0xf0, 0x0, 0x0, 0x1f, 0xff, 0xff, 0xff, 0xff,
    0xff, 0xff, 0xff, 0x0, 0x0, 0x0, 0x7f, 0xff,
    0xff, 0xff, 0xff, 0xff, 0xff, 0xe0, 0x0, 0x0,
    0x1, 0xff, 0xff, 0xff, 0xff, 0xff, 0xff, 0xfc,
    0x0, 0x0, 0x0, 0x3, 0xff, 0xff, 0xff, 0xff,
    0xff, 0xff, 0x80, 0x0, 0x0, 0x0, 0x3, 0xff,
    0xff, 0xff, 0xff, 0xff, 0xe0, 0x0, 0x0, 0x0,

    /* U+0056 "V" */
    0x3f, 0xff, 0xf8, 0x0, 0x0, 0x0, 0x0, 0x3f,
    0xff, 0xf9, 0xff, 0xff, 0xf0, 0x0, 0x0, 0x0,
    0x3, 0xff, 0xff, 0xff, 0xff, 0xff, 0xc0, 0x0,
    0x0, 0x0, 0x1f, 0xff, 0xff, 0xff, 0xff, 0xff,
    0x80, 0x0, 0x0, 0x0, 0x7f, 0xff, 0xfe, 0x7f,
    0xff, 0xfe, 0x0, 0x0, 0x0, 0x3, 0xff, 0xff,
    0xf9, 0xff, 0xff, 0xf8, 0x0, 0x0, 0x0, 0xf,
    0xff, 0xff, 0xc7, 0xff, 0xff, 0xe0, 0x0, 0x0,
    0x0, 0x7f, 0xff, 0xff, 0x1f, 0xff, 0xff, 0x80,
    0x0, 0x0, 0x1, 0xff, 0xff, 0xf8, 0x7f, 0xff,
    0xfe, 0x0, 0x0, 0x0, 0xf, 0xff, 0xff, 0xe1,
    0xff, 0xff, 0xfc, 0x0, 0x0, 0x0, 0x3f, 0xff,
    0xff, 0x3, 0xff, 0xff, 0xf0, 0x0, 0x0, 0x1,
    0xff, 0xff, 0xf8, 0xf, 0xff, 0xff, 0xc0, 0x0,
    0x0, 0x7, 0xff, 0xff, 0xe0, 0x3f, 0xff, 0xff,
    0x0, 0x0, 0x0, 0x3f, 0xff, 0xff, 0x0, 0xff,
    0xff, 0xfc, 0x0, 0x0, 0x0, 0xff, 0xff, 0xfc,
    0x3, 0xff, 0xff, 0xf8, 0x0, 0x0, 0x7, 0xff,
    0xff, 0xe0, 0xf, 0xff, 0xff, 0xe0, 0x0, 0x0,
    0x3f, 0xff, 0xff, 0x80, 0x1f, 0xff, 0xff, 0x80,
    0x0, 0x0, 0xff, 0xff, 0xfc, 0x0, 0x7f, 0xff,
    0xfe, 0x0, 0x0, 0x7, 0xff, 0xff, 0xf0, 0x1,
    0xff, 0xff, 0xf8, 0x0, 0x0, 0x1f, 0xff, 0xff,
    0x80, 0x7, 0xff, 0xff, 0xe0, 0x0, 0x0, 0xff,
    0xff, 0xfe, 0x0, 0x1f, 0xff, 0xff, 0xc0, 0x0,
    0x3, 0xff, 0xff, 0xf0, 0x0, 0x3f, 0xff, 0xff,
    0x0, 0x0, 0x1f, 0xff, 0xff, 0x80, 0x0, 0xff,
    0xff, 0xfc, 0x0, 0x0, 0x7f, 0xff, 0xfe, 0x0,
    0x3, 0xff, 0xff, 0xf0, 0x0, 0x3, 0xff, 0xff,
    0xf0, 0x0, 0xf, 0xff, 0xff, 0xc0, 0x0, 0xf,
    0xff, 0xff, 0xc0, 0x0, 0x3f, 0xff, 0xff, 0x0,
    0x0, 0x7f, 0xff, 0xfe, 0x0, 0x0, 0xff, 0xff,
    0xfe, 0x0, 0x1, 0xff, 0xff, 0xf8, 0x0, 0x1,
    0xff, 0xff, 0xf8, 0x0, 0xf, 0xff, 0xff, 0xc0,
    0x0, 0x7, 0xff, 0xff, 0xe0, 0x0, 0x7f, 0xff,
    0xff, 0x0, 0x0, 0x1f, 0xff, 0xff, 0x80, 0x1,
    0xff, 0xff, 0xf8, 0x0, 0x0, 0x7f, 0xff, 0xfe,
    0x0, 0xf, 0xff, 0xff, 0xe0, 0x0, 0x1, 0xff,
    0xff, 0xf8, 0x0, 0x3f, 0xff, 0xff, 0x0, 0x0,
    0x3, 0xff, 0xff, 0xf0, 0x1, 0xff, 0xff, 0xfc,
    0x0, 0x0, 0xf, 0xff, 0xff, 0xc0, 0x7, 0xff,
    0xff, 0xe0, 0x0, 0x0, 0x3f, 0xff, 0xff, 0x0,
    0x3f, 0xff, 0xff, 0x0, 0x0, 0x0, 0xff, 0xff,
    0xfc, 0x0, 0xff, 0xff, 0xfc, 0x0, 0x0, 0x3,
    0xff, 0xff, 0xf0, 0x7, 0xff, 0xff, 0xe0, 0x0,
    0x0, 0xf, 0xff, 0xff, 0xe0, 0x1f, 0xff, 0xff,
    0x80, 0x0, 0x0, 0x1f, 0xff, 0xff, 0x80, 0xff,
    0xff, 0xfc, 0x0, 0x0, 0x0, 0x7f, 0xff, 0xfe,
    0x3, 0xff, 0xff, 0xf0, 0x0, 0x0, 0x1, 0xff,
    0xff, 0xf8, 0x1f, 0xff, 0xff, 0x80, 0x0, 0x0,
    0x7, 0xff, 0xff, 0xe0, 0xff, 0xff, 0xfe, 0x0,
    0x0, 0x0, 0x1f, 0xff, 0xff, 0x83, 0xff, 0xff,
    0xf0, 0x0, 0x0, 0x0, 0x7f, 0xff, 0xff, 0x1f,
    0xff, 0xff, 0xc0, 0x0, 0x0, 0x0, 0xff, 0xff,
    0xfc, 0x7f, 0xff, 0xfe, 0x0, 0x0, 0x0, 0x3,
    0xff, 0xff, 0xf3, 0xff, 0xff, 0xf8, 0x0, 0x0,
    0x0, 0xf, 0xff, 0xff, 0xcf, 0xff, 0xff, 0xc0,
    0x0, 0x0, 0x0, 0x3f, 0xff, 0xff, 0xff, 0xff,
    0xfe, 0x0, 0x0, 0x0, 0x0, 0xff, 0xff, 0xff,
    0xff, 0xff, 0xf8, 0x0, 0x0, 0x0, 0x3, 0xff,
    0xff, 0xff, 0xff, 0xff, 0xc0, 0x0, 0x0, 0x0,
    0x7, 0xff, 0xff, 0xff, 0xff, 0xff, 0x0, 0x0,
    0x0, 0x0, 0x1f, 0xff, 0xff, 0xff, 0xff, 0xf8,
    0x0, 0x0, 0x0, 0x0, 0x7f, 0xff, 0xff, 0xff,
    0xff, 0xe0, 0x0, 0x0, 0x0, 0x1, 0xff, 0xff,
    0xff, 0xff, 0xff, 0x0, 0x0, 0x0, 0x0, 0x7,
    0xff, 0xff, 0xff, 0xff, 0xfc, 0x0, 0x0, 0x0,
    0x0, 0xf, 0xff, 0xff, 0xff, 0xff, 0xe0, 0x0,
    0x0, 0x0, 0x0, 0x3f, 0xff, 0xff, 0xff, 0xff,
    0x80, 0x0, 0x0, 0x0, 0x0, 0xff, 0xff, 0xff,
    0xff, 0xfc, 0x0, 0x0, 0x0, 0x0, 0x3, 0xff,
    0xff, 0xff, 0xff, 0xf0, 0x0, 0x0, 0x0, 0x0,
    0xf, 0xff, 0xff, 0xff, 0xff, 0x80, 0x0, 0x0,
    0x0, 0x0, 0x3f, 0xff, 0xff, 0xff, 0xfe, 0x0,
    0x0, 0x0, 0x0, 0x0, 0x7f, 0xff, 0xff, 0xff,
    0xf0, 0x0, 0x0, 0x0, 0x0, 0x1, 0xff, 0xff,
    0xff, 0xff, 0x80, 0x0, 0x0, 0x0, 0x0, 0x7,
    0xff, 0xff, 0xff, 0xfe, 0x0, 0x0, 0x0, 0x0,
    0x0, 0x1f, 0xff, 0xff, 0xff, 0xf0, 0x0, 0x0,
    0x0, 0x0, 0x0, 0x7f, 0xff, 0xff, 0xff, 0xc0,
    0x0, 0x0, 0x0, 0x0, 0x1, 0xff, 0xff, 0xff,
    0xfe, 0x0, 0x0, 0x0, 0x0, 0x0, 0x3, 0xff,
    0xff, 0xff, 0xf8, 0x0, 0x0, 0x0, 0x0, 0x0,
    0xf, 0xff, 0xff, 0xff, 0xc0, 0x0, 0x0, 0x0,
    0x0, 0x0, 0x1f, 0xff, 0xff, 0xfe, 0x0, 0x0,
    0x0, 0x0, 0x0,

    /* U+0057 "W" */
    0x3f, 0xff, 0xf8, 0x0, 0x0, 0x0, 0x1f, 0xff,
    0xc0, 0x0, 0x0, 0x0, 0xff, 0xff, 0xf3, 0xff,
    0xff, 0xe0, 0x0, 0x0, 0x1, 0xff, 0xff, 0x0,
    0x0, 0x0, 0xf, 0xff, 0xff, 0xbf, 0xff, 0xff,
    0x80, 0x0, 0x0, 0x1f, 0xff, 0xfc, 0x0, 0x0,
    0x0, 0xff, 0xff, 0xfd, 0xff, 0xff, 0xfc, 0x0,
    0x0, 0x1, 0xff, 0xff, 0xe0, 0x0, 0x0, 0xf,
    0xff, 0xff, 0xe7, 0xff, 0xff, 0xe0, 0x0, 0x0,
    0xf, 0xff, 0xff, 0x0, 0x0, 0x0, 0x7f, 0xff,
    0xfe, 0x3f, 0xff, 0xff, 0x0, 0x0, 0x0, 0xff,
    0xff, 0xf8, 0x0, 0x0, 0x7, 0xff, 0xff, 0xf1,
    0xff, 0xff, 0xfc, 0x0, 0x0, 0x7, 0xff, 0xff,
    0xe0, 0x0, 0x0, 0x3f, 0xff, 0xff, 0xf, 0xff,
    0xff, 0xe0, 0x0, 0x0, 0x7f, 0xff, 0xff, 0x0,
    0x0, 0x3, 0xff, 0xff, 0xf8, 0x7f, 0xff, 0xff,
    0x0, 0x0, 0x3, 0xff, 0xff, 0xf8, 0x0, 0x0,
    0x1f, 0xff, 0xff, 0x83, 0xff, 0xff, 0xf8, 0x0,
    0x0, 0x3f, 0xff, 0xff, 0xc0, 0x0, 0x1, 0xff,
    0xff, 0xfc, 0xf, 0xff, 0xff, 0xc0, 0x0, 0x3,
    0xff, 0xff, 0xfe, 0x0, 0x0, 0xf, 0xff, 0xff,
    0xc0, 0x7f, 0xff, 0xfe, 0x0, 0x0, 0x1f, 0xff,
    0xff, 0xf8, 0x0, 0x0, 0xff, 0xff, 0xfe, 0x3,
    0xff, 0xff, 0xf8, 0x0, 0x1, 0xff, 0xff, 0xff,
    0xc0, 0x0, 0xf, 0xff, 0xff, 0xe0, 0x1f, 0xff,
    0xff, 0xc0, 0x0, 0xf, 0xff, 0xff, 0xfe, 0x0,
    0x0, 0x7f, 0xff, 0xfe, 0x0, 0xff, 0xff, 0xfe,
    0x0, 0x0, 0xff, 0xff, 0xff, 0xf0, 0x0, 0x7,
    0xff, 0xff, 0xf0, 0x3, 0xff, 0xff, 0xf0, 0x0,
    0x7, 0xff, 0xff, 0xff, 0x80, 0x0, 0x3f, 0xff,
    0xff, 0x0, 0x1f, 0xff, 0xff, 0x80, 0x0, 0x7f,
    0xff, 0xff, 0xfc, 0x0, 0x3, 0xff, 0xff, 0xf8,
    0x0, 0xff, 0xff, 0xfe, 0x0, 0x3, 0xff, 0xff,
    0xff, 0xf0, 0x0, 0x1f, 0xff, 0xff, 0x80, 0x7,
    0xff, 0xff, 0xf0, 0x0, 0x3f, 0xff, 0xff, 0xff,
    0x80, 0x1, 0xff, 0xff, 0xfc, 0x0, 0x3f, 0xff,
    0xff, 0x80, 0x3, 0xff, 0xff, 0xff, 0xfc, 0x0,
    0xf, 0xff, 0xff, 0xc0, 0x0, 0xff, 0xff, 0xfc,
    0x0, 0x1f, 0xff, 0xff, 0xff, 0xe0, 0x0, 0xff,
    0xff, 0xfe, 0x0, 0x7, 0xff, 0xff, 0xe0, 0x1,
    0xff, 0xff, 0xff, 0xff, 0x0, 0xf, 0xff, 0xff,
    0xe0, 0x0, 0x3f, 0xff, 0xff, 0x80, 0xf, 0xff,
    0xff, 0xff, 0xfc, 0x0, 0x7f, 0xff, 0xfe, 0x0,
    0x1, 0xff, 0xff, 0xfc, 0x0, 0xff, 0xff, 0xff,
    0xff, 0xe0, 0x7, 0xff, 0xff, 0xf0, 0x0, 0xf,
    0xff, 0xff, 0xe0, 0x7, 0xff, 0xff, 0xff, 0xff,
    0x0, 0x3f, 0xff, 0xff, 0x0, 0x0, 0x7f, 0xff,
    0xff, 0x0, 0x7f, 0xff, 0xff, 0xff, 0xf8, 0x3,
    0xff, 0xff, 0xf8, 0x0, 0x1, 0xff, 0xff, 0xf8,
    0x3, 0xff, 0xff, 0xff, 0xff, 0xc0, 0x1f, 0xff,
    0xff, 0x80, 0x0, 0xf, 0xff, 0xff, 0xe0, 0x3f,
    0xff, 0xff, 0xff, 0xff, 0x1, 0xff, 0xff, 0xfc,
    0x0, 0x0, 0x7f, 0xff, 0xff, 0x1, 0xff, 0xff,
    0xff, 0xff, 0xf8, 0x1f, 0xff, 0xff, 0xc0, 0x0,
    0x3, 0xff, 0xff, 0xf8, 0x1f, 0xff, 0xff, 0xff,
    0xff, 0xc0, 0xff, 0xff, 0xfe, 0x0, 0x0, 0x1f,
    0xff, 0xff, 0xc1, 0xff, 0xff, 0xff, 0xff, 0xfe,
    0xf, 0xff, 0xff, 0xe0, 0x0, 0x0, 0x7f, 0xff,
    0xfe, 0xf, 0xff, 0xff, 0xff, 0xff, 0xf0, 0x7f,
    0xff, 0xff, 0x0, 0x0, 0x3, 0xff, 0xff, 0xf8,
    0xff, 0xff, 0xff, 0xff, 0xff, 0x87, 0xff, 0xff,
    0xf0, 0x0, 0x0, 0x1f, 0xff, 0xff, 0xc7, 0xff,
    0xff, 0xff, 0xff, 0xfe, 0x3f, 0xff, 0xff, 0x0,
    0x0, 0x0, 0xff, 0xff, 0xfe, 0x7f, 0xff, 0xff,
    0xff, 0xff, 0xf3, 0xff, 0xff, 0xf8, 0x0, 0x0,
    0x7, 0xff, 0xff, 0xff, 0xff, 0xff, 0xcf, 0xff,
    0xff, 0xbf, 0xff, 0xff, 0x80, 0x0, 0x0, 0x1f,
    0xff, 0xff, 0xff, 0xff, 0xfe, 0x3f, 0xff, 0xff,
    0xff, 0xff, 0xfc, 0x0, 0x0, 0x0, 0xff, 0xff,
    0xff, 0xff, 0xff, 0xe1, 0xff, 0xff, 0xff, 0xff,
    0xff, 0xc0, 0x0, 0x0, 0x7, 0xff, 0xff, 0xff,
    0xff, 0xff, 0xf, 0xff, 0xff, 0xff, 0xff, 0xfe,
    0x0, 0x0, 0x0, 0x3f, 0xff, 0xff, 0xff, 0xff,
    0xf0, 0x7f, 0xff, 0xff, 0xff, 0xff, 0xe0, 0x0,
    0x0, 0x1, 0xff, 0xff, 0xff, 0xff, 0xff, 0x83,
    0xff, 0xff, 0xff, 0xff, 0xff, 0x0, 0x0, 0x0,
    0x7, 0xff, 0xff, 0xff, 0xff, 0xf8, 0x1f, 0xff,
    0xff, 0xff, 0xff, 0xf0, 0x0, 0x0, 0x0, 0x3f,
    0xff, 0xff, 0xff, 0xff, 0xc0, 0x7f, 0xff, 0xff,
    0xff, 0xff, 0x80, 0x0, 0x0, 0x1, 0xff, 0xff,
    0xff, 0xff, 0xfc, 0x3, 0xff, 0xff, 0xff, 0xff,
    0xf8, 0x0, 0x0, 0x0, 0xf, 0xff, 0xff, 0xff,
    0xff, 0xc0, 0x1f, 0xff, 0xff, 0xff, 0xff, 0x80,
    0x0, 0x0, 0x0, 0x7f, 0xff, 0xff, 0xff, 0xfe,
    0x0, 0xff, 0xff, 0xff, 0xff, 0xfc, 0x0, 0x0,
    0x0, 0x3, 0xff, 0xff, 0xff, 0xff, 0xe0, 0x7,
    0xff, 0xff, 0xff, 0xff, 0xc0, 0x0, 0x0, 0x0,
    0xf, 0xff, 0xff, 0xff, 0xff, 0x0, 0x1f, 0xff,
    0xff, 0xff, 0xfe, 0x0, 0x0, 0x0, 0x0, 0x7f,
    0xff, 0xff, 0xff, 0xf0, 0x0, 0xff, 0xff, 0xff,
    0xff, 0xe0, 0x0, 0x0, 0x0, 0x3, 0xff, 0xff,
    0xff, 0xff, 0x80, 0x7, 0xff, 0xff, 0xff, 0xff,
    0x0, 0x0, 0x0, 0x0, 0x1f, 0xff, 0xff, 0xff,
    0xf8, 0x0, 0x3f, 0xff, 0xff, 0xff, 0xf0, 0x0,
    0x0, 0x0, 0x0, 0xff, 0xff, 0xff, 0xff, 0xc0,
    0x1, 0xff, 0xff, 0xff, 0xff, 0x80, 0x0, 0x0,
    0x0, 0x3, 0xff, 0xff, 0xff, 0xfc, 0x0, 0x7,
    0xff, 0xff, 0xff, 0xf8, 0x0, 0x0, 0x0, 0x0,
    0x1f, 0xff, 0xff, 0xff, 0xc0, 0x0, 0x3f, 0xff,
    0xff, 0xff, 0xc0, 0x0, 0x0, 0x0, 0x0, 0xff,
    0xff, 0xff, 0xfe, 0x0, 0x1, 0xff, 0xff, 0xff,
    0xfc, 0x0, 0x0, 0x0, 0x0, 0x7, 0xff, 0xff,
    0xff, 0xe0, 0x0, 0xf, 0xff, 0xff, 0xff, 0xc0,
    0x0, 0x0, 0x0, 0x0, 0x3f, 0xff, 0xff, 0xff,
    0x0, 0x0, 0x7f, 0xff, 0xff, 0xfe, 0x0, 0x0,
    0x0, 0x0, 0x0, 0xff, 0xff, 0xff, 0xf0, 0x0,
    0x1, 0xff, 0xff, 0xff, 0xe0, 0x0, 0x0, 0x0,
    0x0, 0x7, 0xff, 0xff, 0xff, 0x80, 0x0, 0xf,
    0xff, 0xff, 0xff, 0x0, 0x0, 0x0, 0x0, 0x0,
    0x3f, 0xff, 0xff, 0xf8, 0x0, 0x0, 0x7f, 0xff,
    0xff, 0xf0, 0x0, 0x0, 0x0, 0x0, 0x1, 0xff,
    0xff, 0xff, 0xc0, 0x0, 0x3, 0xff, 0xff, 0xff,
    0x80, 0x0, 0x0, 0x0, 0x0, 0xf, 0xff, 0xff,
    0xfc, 0x0, 0x0, 0x1f, 0xff, 0xff, 0xf8, 0x0,
    0x0, 0x0, 0x0, 0x0, 0x7f, 0xff, 0xff, 0xc0,
    0x0, 0x0, 0x7f, 0xff, 0xff, 0xc0, 0x0, 0x0,
    0x0, 0x0, 0x1, 0xff, 0xff, 0xfe, 0x0, 0x0,
    0x3, 0xff, 0xff, 0xfc, 0x0, 0x0, 0x0, 0x0,
    0x0, 0xf, 0xff, 0xff, 0xe0, 0x0, 0x0, 0x1f,
    0xff, 0xff, 0xe0, 0x0, 0x0, 0x0, 0x0, 0x0,
    0x7f, 0xff, 0xff, 0x0, 0x0, 0x0, 0xff, 0xff,
    0xfe, 0x0, 0x0, 0x0, 0x0, 0x0, 0x3, 0xff,
    0xff, 0xf0, 0x0, 0x0, 0x7, 0xff, 0xff, 0xe0,
    0x0, 0x0, 0x0, 0x0, 0x0, 0x1f, 0xff, 0xff,
    0x80, 0x0, 0x0, 0x1f, 0xff, 0xff, 0x0, 0x0,
    0x0, 0x0, 0x0, 0x0, 0x7f, 0xff, 0xf8, 0x0,
    0x0, 0x0, 0xff, 0xff, 0xf0, 0x0, 0x0, 0x0,
    0x0, 0x0, 0x1, 0xff, 0xff, 0x80, 0x0, 0x0,
    0x3, 0xff, 0xff, 0x0, 0x0, 0x0, 0x0, 0x0,

    /* U+0058 "X" */
    0x0, 0x1, 0xff, 0xff, 0xfc, 0x0, 0x0, 0x3,
    0xff, 0xff, 0xf8, 0x0, 0x7, 0xff, 0xff, 0xfc,
    0x0, 0x0, 0xf, 0xff, 0xff, 0xf8, 0x0, 0xf,
    0xff, 0xff, 0xf8, 0x0, 0x0, 0x3f, 0xff, 0xff,
    0xf0, 0x0, 0x1f, 0xff, 0xff, 0xf8, 0x0, 0x0,
    0xff, 0xff, 0xff, 0xc0, 0x0, 0x3f, 0xff, 0xff,
    0xf8, 0x0, 0x3, 0xff, 0xff, 0xff, 0x0, 0x0,
    0x3f, 0xff, 0xff, 0xf0, 0x0, 0xf, 0xff, 0xff,
    0xfc, 0x0, 0x0, 0x3f, 0xff, 0xff, 0xf0, 0x0,
    0x3f, 0xff, 0xff, 0xf0, 0x0, 0x0, 0x7f, 0xff,
    0xff, 0xe0, 0x0, 0xff, 0xff, 0xff, 0xc0, 0x0,
    0x0, 0x7f, 0xff, 0xff, 0xe0, 0x1, 0xff, 0xff,
    0xff, 0x80, 0x0, 0x0, 0xff, 0xff, 0xff, 0xc0,
    0x7, 0xff, 0xff, 0xfe, 0x0, 0x0, 0x0, 0xff,
    0xff, 0xff, 0xc0, 0x1f, 0xff, 0xff, 0xf8, 0x0,
    0x0, 0x1, 0xff, 0xff, 0xff, 0x80, 0x7f, 0xff,
    0xff, 0xe0, 0x0, 0x0, 0x1, 0xff, 0xff, 0xff,
    0x81, 0xff, 0xff, 0xff, 0x80, 0x0, 0x0, 0x3,
    0xff, 0xff, 0xff, 0x87, 0xff, 0xff, 0xfe, 0x0,
    0x0, 0x0, 0x3, 0xff, 0xff, 0xff, 0x1f, 0xff,
    0xff, 0xf8, 0x0, 0x0, 0x0, 0x3, 0xff, 0xff,
    0xff, 0x7f, 0xff, 0xff, 0xe0, 0x0, 0x0, 0x0,
    0x7, 0xff, 0xff, 0xff, 0xff, 0xff, 0xff, 0x80,
    0x0, 0x0, 0x0, 0x7, 0xff, 0xff, 0xff, 0xff,
    0xff, 0xfe, 0x0, 0x0, 0x0, 0x0, 0xf, 0xff,
    0xff, 0xff, 0xff, 0xff, 0xf8, 0x0, 0x0, 0x0,
    0x0, 0xf, 0xff, 0xff, 0xff, 0xff, 0xff, 0xf0,
    0x0, 0x0, 0x0, 0x0, 0x1f, 0xff, 0xff, 0xff,
    0xff, 0xff, 0xc0, 0x0, 0x0, 0x0, 0x0, 0x1f,
    0xff, 0xff, 0xff, 0xff, 0xff, 0x0, 0x0, 0x0,
    0x0, 0x0, 0x3f, 0xff, 0xff, 0xff, 0xff, 0xfc,
    0x0, 0x0, 0x0, 0x0, 0x0, 0x3f, 0xff, 0xff,
    0xff, 0xff, 0xf0, 0x0, 0x0, 0x0, 0x0, 0x0,
    0x3f, 0xff, 0xff, 0xff, 0xff, 0xc0, 0x0, 0x0,
    0x0, 0x0, 0x0, 0x7f, 0xff, 0xff, 0xff, 0xff,
    0x0, 0x0, 0x0, 0x0, 0x0, 0x0, 0x7f, 0xff,
    0xff, 0xff, 0xfc, 0x0, 0x0, 0x0, 0x0, 0x0,
    0x0, 0xff, 0xff, 0xff, 0xff, 0xf0, 0x0, 0x0,
    0x0, 0x0, 0x0, 0x0, 0xff, 0xff, 0xff, 0xff,
    0xc0, 0x0, 0x0, 0x0, 0x0, 0x0, 0x1, 0xff,
    0xff, 0xff, 0xff, 0x0, 0x0, 0x0, 0x0, 0x0,
    0x0, 0x1, 0xff, 0xff, 0xff, 0xfe, 0x0, 0x0,
    0x0, 0x0, 0x0, 0x0, 0x3, 0xff, 0xff, 0xff,
    0xf8, 0x0, 0x0, 0x0, 0x0, 0x0, 0x0, 0x3,
    0xff, 0xff, 0xff, 0xe0, 0x0, 0x0, 0x0, 0x0,
    0x0, 0x0, 0x7, 0xff, 0xff, 0xff, 0x80, 0x0,
    0x0, 0x0, 0x0, 0x0, 0x0, 0xf, 0xff, 0xff,
    0xff, 0x0, 0x0, 0x0, 0x0, 0x0, 0x0, 0x0,
    0x1f, 0xff, 0xff, 0xfe, 0x0, 0x0, 0x0, 0x0,
    0x0, 0x0, 0x0, 0x7f, 0xff, 0xff, 0xfc, 0x0,
    0x0, 0x0, 0x0, 0x0, 0x0, 0x1, 0xff, 0xff,
    0xff, 0xfc, 0x0, 0x0, 0x0, 0x0, 0x0, 0x0,
    0x7, 0xff, 0xff, 0xff, 0xf8, 0x0, 0x0, 0x0,
    0x0, 0x0, 0x0, 0x1f, 0xff, 0xff, 0xff, 0xf8,
    0x0, 0x0, 0x0, 0x0, 0x0, 0x0, 0x7f, 0xff,
    0xff, 0xff, 0xf8, 0x0, 0x0, 0x0, 0x0, 0x0,
    0x1, 0xff, 0xff, 0xff, 0xff, 0xf0, 0x0, 0x0,
    0x0, 0x0, 0x0, 0x7, 0xff, 0xff, 0xff, 0xff,
    0xf0, 0x0, 0x0, 0x0, 0x0, 0x0, 0xf, 0xff,
    0xff, 0xff, 0xff, 0xe0, 0x0, 0x0, 0x0, 0x0,
    0x0, 0x3f, 0xff, 0xff, 0xff, 0xff, 0xe0, 0x0,
    0x0, 0x0, 0x0, 0x0, 0xff, 0xff, 0xff, 0xff,
    0xff, 0xc0, 0x0, 0x0, 0x0, 0x0, 0x3, 0xff,
    0xff, 0xff, 0xff, 0xff, 0xc0, 0x0, 0x0, 0x0,
    0x0, 0xf, 0xff, 0xff, 0xff, 0xff, 0xff, 0x80,
    0x0, 0x0, 0x0, 0x0, 0x3f, 0xff, 0xff, 0xff,
    0xff, 0xff, 0x80, 0x0, 0x0, 0x0, 0x0, 0xff,
    0xff, 0xff, 0xff, 0xff, 0xff, 0x80, 0x0, 0x0,
    0x0, 0x3, 0xff, 0xff, 0xff, 0xff, 0xff, 0xff,
    0x0, 0x0, 0x0, 0x0, 0xf, 0xff, 0xff, 0xff,
    0xff, 0xff, 0xff, 0x0, 0x0, 0x0, 0x0, 0x3f,
    0xff, 0xff, 0xff, 0xff, 0xff, 0xfe, 0x0, 0x0,
    0x0, 0x0, 0xff, 0xff, 0xff, 0xc7, 0xff, 0xff,
    0xfe, 0x0, 0x0, 0x0, 0x3, 0xff, 0xff, 0xff,
    0x8f, 0xff, 0xff, 0xfc, 0x0, 0x0, 0x0, 0x7,
    0xff, 0xff, 0xfe, 0xf, 0xff, 0xff, 0xfc, 0x0,
    0x0, 0x0, 0x1f, 0xff, 0xff, 0xf8, 0x1f, 0xff,
    0xff, 0xf8, 0x0, 0x0, 0x0, 0x7f, 0xff, 0xff,
    0xe0, 0x1f, 0xff, 0xff, 0xf8, 0x0, 0x0, 0x1,
    0xff, 0xff, 0xff, 0x80, 0x3f, 0xff, 0xff, 0xf8,
    0x0, 0x0, 0x7, 0xff, 0xff, 0xfe, 0x0, 0x3f,
    0xff, 0xff, 0xf0, 0x0, 0x0, 0x1f, 0xff, 0xff,
    0xf8, 0x0, 0x3f, 0xff, 0xff, 0xf0, 0x0, 0x0,
    0x7f, 0xff, 0xff, 0xe0, 0x0, 0x7f, 0xff, 0xff,
    0xe0, 0x0, 0x1, 0xff, 0xff, 0xff, 0x80, 0x0,
    0x7f, 0xff, 0xff, 0xe0, 0x0, 0x7, 0xff, 0xff,
    0xfe, 0x0, 0x0, 0xff, 0xff, 0xff, 0xc0, 0x0,
    0x1f, 0xff, 0xff, 0xf8, 0x0, 0x0, 0xff, 0xff,
    0xff, 0xc0, 0x0, 0x7f, 0xff, 0xff, 0xe0, 0x0,
    0x1, 0xff, 0xff, 0xff, 0x80, 0x1, 0xff, 0xff,
    0xff, 0x80, 0x0, 0x1, 0xff, 0xff, 0xff, 0x80,
    0x3, 0xff, 0xff, 0xff, 0x0, 0x0, 0x3, 0xff,
    0xff, 0xff, 0x0, 0x7, 0xff, 0xff, 0xfc, 0x0,
    0x0, 0x3, 0xff, 0xff, 0xfe, 0x0, 0x7, 0xff,
    0xff, 0xe0, 0x0, 0x0, 0x3, 0xff, 0xff, 0xf8,
    0x0, 0x0,

    /* U+0059 "Y" */
    0x3f, 0xff, 0xfc, 0x0, 0x0, 0x0, 0xf, 0xff,
    0xff, 0x3f, 0xff, 0xff, 0x0, 0x0, 0x0, 0x1f,
    0xff, 0xff, 0xdf, 0xff, 0xff, 0xc0, 0x0, 0x0,
    0xf, 0xff, 0xff, 0xcf, 0xff, 0xff, 0xe0, 0x0,
    0x0, 0xf, 0xff, 0xff, 0xe7, 0xff, 0xff, 0xf8,
    0x0, 0x0, 0xf, 0xff, 0xff, 0xe1, 0xff, 0xff,
    0xfc, 0x0, 0x0, 0xf, 0xff, 0xff, 0xe0, 0xff,
    0xff, 0xfe, 0x0, 0x0, 0xf, 0xff, 0xff, 0xf0,
    0x3f, 0xff, 0xff, 0x80, 0x0, 0x7, 0xff, 0xff,
    0xf0, 0x1f, 0xff, 0xff, 0xc0, 0x0, 0x7, 0xff,
    0xff, 0xf0, 0xf, 0xff, 0xff, 0xf0, 0x0, 0x7,
    0xff, 0xff, 0xf0, 0x3, 0xff, 0xff, 0xf8, 0x0,
    0x7, 0xff, 0xff, 0xf8, 0x1, 0xff, 0xff, 0xfc,
    0x0, 0x3, 0xff, 0xff, 0xf8, 0x0, 0x7f, 0xff,
    0xff, 0x0, 0x3, 0xff, 0xff, 0xf8, 0x0, 0x3f,
    0xff, 0xff, 0x80, 0x3, 0xff, 0xff, 0xf8, 0x0,
    0xf, 0xff, 0xff, 0xe0, 0x3, 0xff, 0xff, 0xf8,
    0x0, 0x7, 0xff, 0xff, 0xf0, 0x3, 0xff, 0xff,
    0xfc, 0x0, 0x3, 0xff, 0xff, 0xfc, 0x1, 0xff,
    0xff, 0xfc, 0x0, 0x0, 0xff, 0xff, 0xfe, 0x1,
    0xff, 0xff, 0xfc, 0x0, 0x0, 0x7f, 0xff, 0xff,
    0x1, 0xff, 0xff, 0xfc, 0x0, 0x0, 0x1f, 0xff,
    0xff, 0xc1, 0xff, 0xff, 0xfe, 0x0, 0x0, 0xf,
    0xff, 0xff, 0xe0, 0xff, 0xff, 0xfe, 0x0, 0x0,
    0x3, 0xff, 0xff, 0xf8, 0xff, 0xff, 0xfe, 0x0,
    0x0, 0x1, 0xff, 0xff, 0xfc, 0xff, 0xff, 0xfe,
    0x0, 0x0, 0x0, 0xff, 0xff, 0xff, 0xff, 0xff,
    0xfe, 0x0, 0x0, 0x0, 0x3f, 0xff, 0xff, 0xff,
    0xff, 0xff, 0x0, 0x0, 0x0, 0x1f, 0xff, 0xff,
    0xff, 0xff, 0xff, 0x0, 0x0, 0x0, 0x7, 0xff,
    0xff, 0xff, 0xff, 0xff, 0x0, 0x0, 0x0, 0x3,
    0xff, 0xff, 0xff, 0xff, 0xff, 0x0, 0x0, 0x0,
    0x1, 0xff, 0xff, 0xff, 0xff, 0xff, 0x80, 0x0,
    0x0, 0x0, 0x7f, 0xff, 0xff, 0xff, 0xff, 0x80,
    0x0, 0x0, 0x0, 0x3f, 0xff, 0xff, 0xff, 0xff,
    0x80, 0x0, 0x0, 0x0, 0xf, 0xff, 0xff, 0xff,
    0xff, 0x80, 0x0, 0x0, 0x0, 0x7, 0xff, 0xff,
    0xff, 0xff, 0x80, 0x0, 0x0, 0x0, 0x1, 0xff,
    0xff, 0xff, 0xff, 0xc0, 0x0, 0x0, 0x0, 0x0,
    0xff, 0xff, 0xff, 0xff, 0xc0, 0x0, 0x0, 0x0,
    0x0, 0x7f, 0xff, 0xff, 0xff, 0xc0, 0x0, 0x0,
    0x0, 0x0, 0x1f, 0xff, 0xff, 0xff, 0xc0, 0x0,
    0x0, 0x0, 0x0, 0xf, 0xff, 0xff, 0xff, 0xe0,
    0x0, 0x0, 0x0, 0x0, 0x3, 0xff, 0xff, 0xff,
    0xe0, 0x0, 0x0, 0x0, 0x0, 0x1, 0xff, 0xff,
    0xff, 0xe0, 0x0, 0x0, 0x0, 0x0, 0x0, 0xff,
    0xff, 0xff, 0xe0, 0x0, 0x0, 0x0, 0x0, 0x0,
    0x3f, 0xff, 0xff, 0xe0, 0x0, 0x0, 0x0, 0x0,
    0x0, 0x1f, 0xff, 0xff, 0xf0, 0x0, 0x0, 0x0,
    0x0, 0x0, 0x7, 0xff, 0xff, 0xf0, 0x0, 0x0,
    0x0, 0x0, 0x0, 0x3, 0xff, 0xff, 0xf0, 0x0,
    0x0, 0x0, 0x0, 0x0, 0x1, 0xff, 0xff, 0xf8,
    0x0, 0x0, 0x0, 0x0, 0x0, 0x0, 0xff, 0xff,
    0xf8, 0x0, 0x0, 0x0, 0x0, 0x0, 0x0, 0x7f,
    0xff, 0xfc, 0x0, 0x0, 0x0, 0x0, 0x0, 0x0,
    0x3f, 0xff, 0xfe, 0x0, 0x0, 0x0, 0x0, 0x0,
    0x0, 0x1f, 0xff, 0xff, 0x0, 0x0, 0x0, 0x0,
    0x0, 0x0, 0x1f, 0xff, 0xff, 0x80, 0x0, 0x0,
    0x0, 0x0, 0x0, 0xf, 0xff, 0xff, 0x80, 0x0,
    0x0, 0x0, 0x0, 0x0, 0x7, 0xff, 0xff, 0xc0,
    0x0, 0x0, 0x0, 0x0, 0x0, 0x3, 0xff, 0xff,
    0xe0, 0x0, 0x0, 0x0, 0x0, 0x0, 0x1, 0xff,
    0xff, 0xf0, 0x0, 0x0, 0x0, 0x0, 0x0, 0x0,
    0xff, 0xff, 0xf8, 0x0, 0x0, 0x0, 0x0, 0x0,
    0x0, 0xff, 0xff, 0xf8, 0x0, 0x0, 0x0, 0x0,
    0x0, 0x0, 0x7f, 0xff, 0xfc, 0x0, 0x0, 0x0,
    0x0, 0x0, 0x0, 0x3f, 0xff, 0xfe, 0x0, 0x0,
    0x0, 0x0, 0x0, 0x0, 0x1f, 0xff, 0xff, 0x0,
    0x0, 0x0, 0x0, 0x0, 0x0, 0xf, 0xff, 0xff,
    0x80, 0x0, 0x0, 0x0, 0x0, 0x0, 0xf, 0xff,
    0xff, 0xc0, 0x0, 0x0, 0x0, 0x0, 0x0, 0x7,
    0xff, 0xff, 0xc0, 0x0, 0x0, 0x0, 0x0, 0x0,
    0x3, 0xff, 0xff, 0xe0, 0x0, 0x0, 0x0, 0x0,
    0x0, 0x1, 0xff, 0xff, 0xf0, 0x0, 0x0, 0x0,
    0x0, 0x0, 0x0, 0xff, 0xff, 0xf8, 0x0, 0x0,
    0x0, 0x0, 0x0, 0x0, 0x7f, 0xff, 0xfc, 0x0,
    0x0, 0x0, 0x0, 0x0, 0x0, 0x3f, 0xff, 0xfc,
    0x0, 0x0, 0x0, 0x0, 0x0, 0x0, 0x1f, 0xff,
    0xfc, 0x0, 0x0, 0x0, 0x0, 0x0, 0x0, 0x7,
    0xff, 0xfc, 0x0, 0x0, 0x0, 0x0, 0x0,

    /* U+005A "Z" */
    0x0, 0x1, 0xff, 0xff, 0xff, 0xff, 0xff, 0xff,
    0xff, 0xfe, 0x0, 0x1, 0xff, 0xff, 0xff, 0xff,
    0xff, 0xff, 0xff, 0xff, 0x80, 0x1, 0xff, 0xff,
    0xff, 0xff, 0xff, 0xff, 0xff, 0xff, 0xe0, 0x1,
    0xff, 0xff, 0xff, 0xff, 0xff, 0xff, 0xff, 0xff,
    0xf0, 0x0, 0xff, 0xff, 0xff, 0xff, 0xff, 0xff,
    0xff, 0xff, 0xf8, 0x0, 0x7f, 0xff, 0xff, 0xff,
    0xff, 0xff, 0xff, 0xff, 0xf8, 0x0, 0x3f, 0xff,
    0xff, 0xff, 0xff, 0xff, 0xff, 0xff, 0xfc, 0x0,
    0x1f, 0xff, 0xff, 0xff, 0xff, 0xff, 0xff, 0xff,
    0xfe, 0x0, 0x1f, 0xff, 0xff, 0xff, 0xff, 0xff,
    0xff, 0xff, 0xff, 0x0, 0xf, 0xff, 0xff, 0xff,
    0xff, 0xff, 0xff, 0xff, 0xff, 0x80, 0x7, 0xff,
    0xff, 0xff, 0xff, 0xff, 0xff, 0xff, 0xff, 0x80,
    0x3, 0xff, 0xff, 0xff, 0xff, 0xff, 0xff, 0xff,
    0xff, 0xc0, 0x1, 0xff, 0xff, 0xff, 0xff, 0xff,
    0xff, 0xff, 0xff, 0xe0, 0x1, 0xff, 0xff, 0xff,
    0xff, 0xff, 0xff, 0xff, 0xff, 0xf0, 0x0, 0xff,
    0xff, 0xff, 0xff, 0xff, 0xff, 0xff, 0xff, 0xf8,
    0x0, 0x3f, 0xff, 0xff, 0xff, 0xff, 0xff, 0xff,
    0xff, 0xf8, 0x0, 0xf, 0xff, 0xff, 0xff, 0xff,
    0xff, 0xff, 0xff, 0xfc, 0x0, 0x0, 0x0, 0x0,
    0x0, 0x3, 0xff, 0xff, 0xff, 0xfc, 0x0, 0x0,
    0x0, 0x0, 0x0, 0x3, 0xff, 0xff, 0xff, 0xfe,
    0x0, 0x0, 0x0, 0x0, 0x0, 0x3, 0xff, 0xff,
    0xff, 0xfe, 0x0, 0x0, 0x0, 0x0, 0x0, 0x3,
    0xff, 0xff, 0xff, 0xfe, 0x0, 0x0, 0x0, 0x0,
    0x0, 0x7, 0xff, 0xff, 0xff, 0xfe, 0x0, 0x0,
    0x0, 0x0, 0x0, 0x7, 0xff, 0xff, 0xff, 0xfc,
    0x0, 0x0, 0x0, 0x0, 0x0, 0x7, 0xff, 0xff,
    0xff, 0xfc, 0x0, 0x0, 0x0, 0x0, 0x0, 0x7,
    0xff, 0xff, 0xff, 0xfc, 0x0, 0x0, 0x0, 0x0,
    0x0, 0x7, 0xff, 0xff, 0xff, 0xfc, 0x0, 0x0,
    0x0, 0x0, 0x0, 0xf, 0xff, 0xff, 0xff, 0xfc,
    0x0, 0x0, 0x0, 0x0, 0x0, 0xf, 0xff, 0xff,
    0xff, 0xf8, 0x0, 0x0, 0x0, 0x0, 0x0, 0xf,
    0xff, 0xff, 0xff, 0xf8, 0x0, 0x0, 0x0, 0x0,
    0x0, 0xf, 0xff, 0xff, 0xff, 0xf8, 0x0, 0x0,
    0x0, 0x0, 0x0, 0x1f, 0xff, 0xff, 0xff, 0xf8,
    0x0, 0x0, 0x0, 0x0, 0x0, 0x1f, 0xff, 0xff,
    0xff, 0xf8, 0x0, 0x0, 0x0, 0x0, 0x0, 0x1f,
    0xff, 0xff, 0xff, 0xf0, 0x0, 0x0, 0x0, 0x0,
    0x0, 0x1f, 0xff, 0xff, 0xff, 0xf0, 0x0, 0x0,
    0x0, 0x0, 0x0, 0x3f, 0xff, 0xff, 0xff, 0xf0,
    0x0, 0x0, 0x0, 0x0, 0x0, 0x3f, 0xff, 0xff,
    0xff, 0xf0, 0x0, 0x0, 0x0, 0x0, 0x0, 0x3f,
    0xff, 0xff, 0xff, 0xe0, 0x0, 0x0, 0x0, 0x0,
    0x0, 0x3f, 0xff, 0xff, 0xff, 0xe0, 0x0, 0x0,
    0x0, 0x0, 0x0, 0x3f, 0xff, 0xff, 0xff, 0xe0,
    0x0, 0x0, 0x0, 0x0, 0x0, 0x7f, 0xff, 0xff,
    0xff, 0xe0, 0x0, 0x0, 0x0, 0x0, 0x0, 0x7f,
    0xff, 0xff, 0xff, 0xe0, 0x0, 0x0, 0x0, 0x0,
    0x0, 0x7f, 0xff, 0xff, 0xff, 0xc0, 0x0, 0x0,
    0x0, 0x0, 0x0, 0x7f, 0xff, 0xff, 0xff, 0xc0,
    0x0, 0x0, 0x0, 0x0, 0x0, 0xff, 0xff, 0xff,
    0xff, 0xc0, 0x0, 0x0, 0x0, 0x0, 0x0, 0xff,
    0xff, 0xff, 0xff, 0xc0, 0x0, 0x0, 0x0, 0x0,
    0x0, 0xff, 0xff, 0xff, 0xff, 0xc0, 0x0, 0x0,
    0x0, 0x0, 0x0, 0xff, 0xff, 0xff, 0xff, 0x80,
    0x0, 0x0, 0x0, 0x0, 0x1, 0xff, 0xff, 0xff,
    0xff, 0x80, 0x0, 0x0, 0x0, 0x0, 0x1, 0xff,
    0xff, 0xff, 0xff, 0x80, 0x0, 0x0, 0x0, 0x0,
    0x1, 0xff, 0xff, 0xff, 0xff, 0x80, 0x0, 0x0,
    0x0, 0x0, 0x1, 0xff, 0xff, 0xff, 0xff, 0x0,
    0x0, 0x0, 0x0, 0x0, 0x1, 0xff, 0xff, 0xff,
    0xff, 0x0, 0x0, 0x0, 0x0, 0x0, 0x0, 0xff,
    0xff, 0xff, 0xff, 0x80, 0x0, 0x0, 0x0, 0x0,
    0x0, 0xff, 0xff, 0xff, 0xff, 0xff, 0xff, 0xff,
    0xff, 0xe0, 0x0, 0x7f, 0xff, 0xff, 0xff, 0xff,
    0xff, 0xff, 0xff, 0xf8, 0x0, 0x7f, 0xff, 0xff,
    0xff, 0xff, 0xff, 0xff, 0xff, 0xfc, 0x0, 0x3f,
    0xff, 0xff, 0xff, 0xff, 0xff, 0xff, 0xff, 0xfe,
    0x0, 0x1f, 0xff, 0xff, 0xff, 0xff, 0xff, 0xff,
    0xff, 0xff, 0x0, 0xf, 0xff, 0xff, 0xff, 0xff,
    0xff, 0xff, 0xff, 0xff, 0x80, 0x7, 0xff, 0xff,
    0xff, 0xff, 0xff, 0xff, 0xff, 0xff, 0xc0, 0x3,
    0xff, 0xff, 0xff, 0xff, 0xff, 0xff, 0xff, 0xff,
    0xc0, 0x3, 0xff, 0xff, 0xff, 0xff, 0xff, 0xff,
    0xff, 0xff, 0xe0, 0x1, 0xff, 0xff, 0xff, 0xff,
    0xff, 0xff, 0xff, 0xff, 0xf0, 0x0, 0xff, 0xff,
    0xff, 0xff, 0xff, 0xff, 0xff, 0xff, 0xf8, 0x0,
    0x7f, 0xff, 0xff, 0xff, 0xff, 0xff, 0xff, 0xff,
    0xfc, 0x0, 0x3f, 0xff, 0xff, 0xff, 0xff, 0xff,
    0xff, 0xff, 0xfc, 0x0, 0x3f, 0xff, 0xff, 0xff,
    0xff, 0xff, 0xff, 0xff, 0xfe, 0x0, 0x1f, 0xff,
    0xff, 0xff, 0xff, 0xff, 0xff, 0xff, 0xff, 0x0,
    0x7, 0xff, 0xff, 0xff, 0xff, 0xff, 0xff, 0xff,
    0xff, 0x0, 0x1, 0xff, 0xff, 0xff, 0xff, 0xff,
    0xff, 0xff, 0xff, 0x0, 0x0,

    /* U+005B "[" */
    0x0, 0x0, 0x0, 0x7, 0xff, 0xfc, 0x0, 0x0,
    0x0, 0x7f, 0xff, 0xfe, 0x0, 0x0, 0x1, 0xff,
    0xff, 0xff, 0x0, 0x0, 0x7, 0xff, 0xff, 0xff,
    0x0, 0x0, 0xf, 0xff, 0xff, 0xff, 0x0, 0x0,
    0x1f, 0xff, 0xff, 0xfe, 0x0, 0x0, 0x3f, 0xff,
    0xff, 0xfe, 0x0, 0x0, 0x7f, 0xff, 0xff, 0xfe,
    0x0, 0x0, 0xff, 0xff, 0xff, 0xfe, 0x0, 0x1,
    0xff, 0xff, 0xff, 0xfe, 0x0, 0x3, 0xff, 0xff,
    0xff, 0xfe, 0x0, 0x3, 0xff, 0xff, 0xff, 0xfc,
    0x0, 0x7, 0xff, 0xff, 0xff, 0xfc, 0x0, 0x7,
    0xff, 0xff, 0xff, 0xfc, 0x0, 0xf, 0xff, 0xff,
    0xff, 0xfc, 0x0, 0xf, 0xff, 0xff, 0xff, 0xf8,
    0x0, 0xf, 0xff, 0xff, 0xff, 0xe0, 0x0, 0x1f,
    0xff, 0xff, 0x80, 0x0, 0x0, 0x1f, 0xff, 0xff,
    0x0, 0x0, 0x0, 0x1f, 0xff, 0xfe, 0x0, 0x0,
    0x0, 0x1f, 0xff, 0xfe, 0x0, 0x0, 0x0, 0x1f,
    0xff, 0xfe, 0x0, 0x0, 0x0, 0x3f, 0xff, 0xfe,
    0x0, 0x0, 0x0, 0x3f, 0xff, 0xfe, 0x0, 0x0,
    0x0, 0x3f, 0xff, 0xfe, 0x0, 0x0, 0x0, 0x3f,
    0xff, 0xfc, 0x0, 0x0, 0x0, 0x3f, 0xff, 0xfc,
    0x0, 0x0, 0x0, 0x7f, 0xff, 0xfc, 0x0, 0x0,
    0x0, 0x7f, 0xff, 0xfc, 0x0, 0x0, 0x0, 0x7f,
    0xff, 0xfc, 0x0, 0x0, 0x0, 0x7f, 0xff, 0xf8,
    0x0, 0x0, 0x0, 0x7f, 0xff, 0xf8, 0x0, 0x0,
    0x0, 0x7f, 0xff, 0xf8, 0x0, 0x0, 0x0, 0xff,
    0xff, 0xf8, 0x0, 0x0, 0x0, 0xff, 0xff, 0xf8,
    0x0, 0x0, 0x0, 0xff, 0xff, 0xf8, 0x0, 0x0,
    0x0, 0xff, 0xff, 0xf0, 0x0, 0x0, 0x0, 0xff,
    0xff, 0xf0, 0x0, 0x0, 0x0, 0xff, 0xff, 0xf0,
    0x0, 0x0, 0x1, 0xff, 0xff, 0xf0, 0x0, 0x0,
    0x1, 0xff, 0xff, 0xf0, 0x0, 0x0, 0x1, 0xff,
    0xff, 0xf0, 0x0, 0x0, 0x1, 0xff, 0xff, 0xe0,
    0x0, 0x0, 0x1, 0xff, 0xff, 0xe0, 0x0, 0x0,
    0x1, 0xff, 0xff, 0xe0, 0x0, 0x0, 0x3, 0xff,
    0xff, 0xe0, 0x0, 0x0, 0x3, 0xff, 0xff, 0xe0,
    0x0, 0x0, 0x3, 0xff, 0xff, 0xc0, 0x0, 0x0,
    0x3, 0xff, 0xff, 0xc0, 0x0, 0x0, 0x3, 0xff,
    0xff, 0xc0, 0x0, 0x0, 0x7, 0xff, 0xff, 0xc0,
    0x0, 0x0, 0x7, 0xff, 0xff, 0xc0, 0x0, 0x0,
    0x7, 0xff, 0xff, 0xc0, 0x0, 0x0, 0x7, 0xff,
    0xff, 0x80, 0x0, 0x0, 0x7, 0xff, 0xff, 0x80,
    0x0, 0x0, 0xf, 0xff, 0xff, 0x80, 0x0, 0x0,
    0xf, 0xff, 0xff, 0x80, 0x0, 0x0, 0xf, 0xff,
    0xff, 0x80, 0x0, 0x0, 0xf, 0xff, 0xff, 0x80,
    0x0, 0x0, 0xf, 0xff, 0xff, 0x0, 0x0, 0x0,
    0xf, 0xff, 0xff, 0x0, 0x0, 0x0, 0x1f, 0xff,
    0xff, 0x0, 0x0, 0x0, 0x1f, 0xff, 0xff, 0x0,
    0x0, 0x0, 0x1f, 0xff, 0xff, 0x0, 0x0, 0x0,
    0x1f, 0xff, 0xfe, 0x0, 0x0, 0x0, 0x1f, 0xff,
    0xfe, 0x0, 0x0, 0x0, 0x3f, 0xff, 0xfe, 0x0,
    0x0, 0x0, 0x3f, 0xff, 0xfe, 0x0, 0x0, 0x0,
    0x3f, 0xff, 0xfe, 0x0, 0x0, 0x0, 0x3f, 0xff,
    0xfe, 0x0, 0x0, 0x0, 0x3f, 0xff, 0xfe, 0x0,
    0x0, 0x0, 0x3f, 0xff, 0xfe, 0x0, 0x0, 0x0,
    0x7f, 0xff, 0xff, 0xff, 0xc0, 0x0, 0x7f, 0xff,
    0xff, 0xff, 0xe0, 0x0, 0x7f, 0xff, 0xff, 0xff,
    0xe0, 0x0, 0x7f, 0xff, 0xff, 0xff, 0xe0, 0x0,
    0x3f, 0xff, 0xff, 0xff, 0xe0, 0x0, 0x3f, 0xff,
    0xff, 0xff, 0xe0, 0x0, 0x3f, 0xff, 0xff, 0xff,
    0xe0, 0x0, 0x3f, 0xff, 0xff, 0xff, 0xc0, 0x0,
    0x1f, 0xff, 0xff, 0xff, 0xc0, 0x0, 0x1f, 0xff,
    0xff, 0xff, 0xc0, 0x0, 0xf, 0xff, 0xff, 0xff,
    0xc0, 0x0, 0x7, 0xff, 0xff, 0xff, 0xc0, 0x0,
    0x7, 0xff, 0xff, 0xff, 0x80, 0x0, 0x1, 0xff,
    0xff, 0xff, 0x80, 0x0, 0x0, 0xff, 0xff, 0xff,
    0x80, 0x0, 0x0, 0x3f, 0xff, 0xff, 0x0, 0x0,
    0x0, 0x7, 0xff, 0xfe, 0x0, 0x0,

    /* U+005C "\\" */
    0x3f, 0xff, 0xe0, 0x0, 0x0, 0x3f, 0xff, 0xfc,
    0x0, 0x0, 0x1f, 0xff, 0xff, 0x0, 0x0, 0xf,
    0xff, 0xff, 0x80, 0x0, 0x7, 0xff, 0xff, 0xe0,
    0x0, 0x3, 0xff, 0xff, 0xf0, 0x0, 0x0, 0xff,
    0xff, 0xf8, 0x0, 0x0, 0x7f, 0xff, 0xfe, 0x0,
    0x0, 0x3f, 0xff, 0xff, 0x0, 0x0, 0x1f, 0xff,
    0xff, 0x80, 0x0, 0x7, 0xff, 0xff, 0xc0, 0x0,
    0x3, 0xff, 0xff, 0xf0, 0x0, 0x1, 0xff, 0xff,
    0xf8, 0x0, 0x0, 0x7f, 0xff, 0xfc, 0x0, 0x0,
    0x3f, 0xff, 0xff, 0x0, 0x0, 0x1f, 0xff, 0xff,
    0x80, 0x0, 0xf, 0xff, 0xff, 0xc0, 0x0, 0x3,
    0xff, 0xff, 0xe0, 0x0, 0x1, 0xff, 0xff, 0xf8,
    0x0, 0x0, 0xff, 0xff, 0xfc, 0x0, 0x0, 0x3f,
    0xff, 0xfe, 0x0, 0x0, 0x1f, 0xff, 0xff, 0x80,
    0x0, 0xf, 0xff, 0xff, 0xc0, 0x0, 0x7, 0xff,
    0xff, 0xe0, 0x0, 0x1, 0xff, 0xff, 0xf8, 0x0,
    0x0, 0xff, 0xff, 0xfc, 0x0, 0x0, 0x7f, 0xff,
    0xfe, 0x0, 0x0, 0x1f, 0xff, 0xff, 0x0, 0x0,
    0xf, 0xff, 0xff, 0xc0, 0x0, 0x7, 0xff, 0xff,
    0xe0, 0x0, 0x1, 0xff, 0xff, 0xf0, 0x0, 0x0,
    0xff, 0xff, 0xfc, 0x0, 0x0, 0x7f, 0xff, 0xfe,
    0x0, 0x0, 0x3f, 0xff, 0xff, 0x0, 0x0, 0xf,
    0xff, 0xff, 0x80, 0x0, 0x7, 0xff, 0xff, 0xe0,
    0x0, 0x3, 0xff, 0xff, 0xf0, 0x0, 0x0, 0xff,
    0xff, 0xf8, 0x0, 0x0, 0x7f, 0xff, 0xfe, 0x0,
    0x0, 0x3f, 0xff, 0xff, 0x0, 0x0, 0x1f, 0xff,
    0xff, 0x80, 0x0, 0x7, 0xff, 0xff, 0xc0, 0x0,
    0x3, 0xff, 0xff, 0xf0, 0x0, 0x1, 0xff, 0xff,
    0xf8, 0x0, 0x0, 0x7f, 0xff, 0xfc, 0x0, 0x0,
    0x3f, 0xff, 0xff, 0x0, 0x0, 0x1f, 0xff, 0xff,
    0x80, 0x0, 0xf, 0xff, 0xff, 0xc0, 0x0, 0x3,
    0xff, 0xff, 0xe0, 0x0, 0x1, 0xff, 0xff, 0xf8,
    0x0, 0x0, 0xff, 0xff, 0xfc, 0x0, 0x0, 0x3f,
    0xff, 0xfe, 0x0, 0x0, 0x1f, 0xff, 0xff, 0x80,
    0x0, 0xf, 0xff, 0xff, 0xc0, 0x0, 0x7, 0xff,
    0xff, 0xe0, 0x0, 0x1, 0xff, 0xff, 0xf8, 0x0,
    0x0, 0xff, 0xff, 0xfc, 0x0, 0x0, 0x7f, 0xff,
    0xfe, 0x0, 0x0, 0x1f, 0xff, 0xff, 0x0, 0x0,
    0xf, 0xff, 0xff, 0xc0, 0x0, 0x7, 0xff, 0xff,
    0xe0, 0x0, 0x3, 0xff, 0xff, 0xf0, 0x0, 0x0,
    0xff, 0xff, 0xfc, 0x0, 0x0, 0x7f, 0xff, 0xfe,
    0x0, 0x0, 0x3f, 0xff, 0xff, 0x0, 0x0, 0xf,
    0xff, 0xff, 0x80, 0x0, 0x7, 0xff, 0xff, 0xe0,
    0x0, 0x1, 0xff, 0xff, 0xf0, 0x0, 0x0, 0x7f,
    0xff, 0xf0, 0x0, 0x0, 0x1f, 0xff, 0xf0,

    /* U+005D "]" */
    0x0, 0x0, 0x3f, 0xff, 0xf0, 0x0, 0x0, 0x0,
    0xff, 0xff, 0xfc, 0x0, 0x0, 0x1, 0xff, 0xff,
    0xff, 0x0, 0x0, 0x1, 0xff, 0xff, 0xff, 0xc0,
    0x0, 0x1, 0xff, 0xff, 0xff, 0xe0, 0x0, 0x1,
    0xff, 0xff, 0xff, 0xf0, 0x0, 0x3, 0xff, 0xff,
    0xff, 0xf0, 0x0, 0x3, 0xff, 0xff, 0xff, 0xf8,
    0x0, 0x3, 0xff, 0xff, 0xff, 0xf8, 0x0, 0x3,
    0xff, 0xff, 0xff, 0xfc, 0x0, 0x3, 0xff, 0xff,
    0xff, 0xfc, 0x0, 0x7, 0xff, 0xff, 0xff, 0xfc,
    0x0, 0x7, 0xff, 0xff, 0xff, 0xfe, 0x0, 0x7,
    0xff, 0xff, 0xff, 0xfe, 0x0, 0x7, 0xff, 0xff,
    0xff, 0xfe, 0x0, 0x7, 0xff, 0xff, 0xff, 0xfe,
    0x0, 0x1, 0xff, 0xff, 0xff, 0xfe, 0x0, 0x0,
    0x0, 0x7f, 0xff, 0xfe, 0x0, 0x0, 0x0, 0x3f,
    0xff, 0xfe, 0x0, 0x0, 0x0, 0x3f, 0xff, 0xfc,
    0x0, 0x0, 0x0, 0x7f, 0xff, 0xfc, 0x0, 0x0,
    0x0, 0x7f, 0xff, 0xfc, 0x0, 0x0, 0x0, 0x7f,
    0xff, 0xfc, 0x0, 0x0, 0x0, 0x7f, 0xff, 0xfc,
    0x0, 0x0, 0x0, 0x7f, 0xff, 0xf8, 0x0, 0x0,
    0x0, 0x7f, 0xff, 0xf8, 0x0, 0x0, 0x0, 0xff,
    0xff, 0xf8, 0x0, 0x0, 0x0, 0xff, 0xff, 0xf8,
    0x0, 0x0, 0x0, 0xff, 0xff, 0xf8, 0x0, 0x0,
    0x0, 0xff, 0xff, 0xf8, 0x0, 0x0, 0x0, 0xff,
    0xff, 0xf0, 0x0, 0x0, 0x0, 0xff, 0xff, 0xf0,
    0x0, 0x0, 0x1, 0xff, 0xff, 0xf0, 0x0, 0x0,
    0x1, 0xff, 0xff, 0xf0, 0x0, 0x0, 0x1, 0xff,
    0xff, 0xf0, 0x0, 0x0, 0x1, 0xff, 0xff, 0xe0,
    0x0, 0x0, 0x1, 0xff, 0xff, 0xe0, 0x0, 0x0,
    0x3, 0xff, 0xff, 0xe0, 0x0, 0x0, 0x3, 0xff,
    0xff, 0xe0, 0x0, 0x0, 0x3, 0xff, 0xff, 0xe0,
    0x0, 0x0, 0x3, 0xff, 0xff, 0xe0, 0x0, 0x0,
    0x3, 0xff, 0xff, 0xc0, 0x0, 0x0, 0x3, 0xff,
    0xff, 0xc0, 0x0, 0x0, 0x7, 0xff, 0xff, 0xc0,
    0x0, 0x0, 0x7, 0xff, 0xff, 0xc0, 0x0, 0x0,
    0x7, 0xff, 0xff, 0xc0, 0x0, 0x0, 0x7, 0xff,
    0xff, 0x80, 0x0, 0x0, 0x7, 0xff, 0xff, 0x80,
    0x0, 0x0, 0x7, 0xff, 0xff, 0x80, 0x0, 0x0,
    0xf, 0xff, 0xff, 0x80, 0x0, 0x0, 0xf, 0xff,
    0xff, 0x80, 0x0, 0x0, 0xf, 0xff, 0xff, 0x80,
    0x0, 0x0, 0xf, 0xff, 0xff, 0x0, 0x0, 0x0,
    0xf, 0xff, 0xff, 0x0, 0x0, 0x0, 0xf, 0xff,
    0xff, 0x0, 0x0, 0x0, 0x1f, 0xff, 0xff, 0x0,
    0x0, 0x0, 0x1f, 0xff, 0xff, 0x0, 0x0, 0x0,
    0x1f, 0xff, 0xff, 0x0, 0x0, 0x0, 0x1f, 0xff,
    0xfe, 0x0, 0x0, 0x0, 0x1f, 0xff, 0xfe, 0x0,
    0x0, 0x0, 0x3f, 0xff, 0xfe, 0x0, 0x0, 0x0,
    0x3f, 0xff, 0xfe, 0x0, 0x0, 0x0, 0x3f, 0xff,
    0xfe, 0x0, 0x0, 0x0, 0x3f, 0xff, 0xfc, 0x0,
    0x0, 0x0, 0x3f, 0xff, 0xfc, 0x0, 0x0, 0x0,
    0x3f, 0xff, 0xfc, 0x0, 0x0, 0x0, 0x7f, 0xff,
    0xfc, 0x0, 0x0, 0x0, 0x7f, 0xff, 0xfc, 0x0,
    0x0, 0x0, 0x7f, 0xff, 0xfc, 0x0, 0x0, 0x0,
    0x7f, 0xff, 0xf8, 0x0, 0x0, 0x0, 0x7f, 0xff,
    0xf8, 0x0, 0x0, 0x0, 0xff, 0xff, 0xf8, 0x0,
    0x7, 0xff, 0xff, 0xff, 0xf8, 0x0, 0xf, 0xff,
    0xff, 0xff, 0xf0, 0x0, 0x1f, 0xff, 0xff, 0xff,
    0xf0, 0x0, 0x3f, 0xff, 0xff, 0xff, 0xf0, 0x0,
    0x3f, 0xff, 0xff, 0xff, 0xe0, 0x0, 0x3f, 0xff,
    0xff, 0xff, 0xe0, 0x0, 0x3f, 0xff, 0xff, 0xff,
    0xc0, 0x0, 0x3f, 0xff, 0xff, 0xff, 0x80, 0x0,
    0x7f, 0xff, 0xff, 0xff, 0x80, 0x0, 0x7f, 0xff,
    0xff, 0xff, 0x0, 0x0, 0x7f, 0xff, 0xff, 0xfe,
    0x0, 0x0, 0x7f, 0xff, 0xff, 0xfc, 0x0, 0x0,
    0x7f, 0xff, 0xff, 0xf0, 0x0, 0x0, 0xff, 0xff,
    0xff, 0xe0, 0x0, 0x0, 0xff, 0xff, 0xff, 0x80,
    0x0, 0x0, 0x7f, 0xff, 0xfe, 0x0, 0x0, 0x0,
    0x3f, 0xff, 0xf0, 0x0, 0x0, 0x0,

    /* U+005F "_" */
    0x7, 0xff, 0xff, 0xff, 0xff, 0xff, 0xff, 0x7,
    0xff, 0xff, 0xff, 0xff, 0xff, 0xff, 0xe1, 0xff,
    0xff, 0xff, 0xff, 0xff, 0xff, 0xfc, 0xff, 0xff,
    0xff, 0xff, 0xff, 0xff, 0xff, 0x3f, 0xff, 0xff,
    0xff, 0xff, 0xff, 0xff, 0xcf, 0xff, 0xff, 0xff,
    0xff, 0xff, 0xff, 0xe3, 0xff, 0xff, 0xff, 0xff,
    0xff, 0xff, 0xf8, 0xff, 0xff, 0xff, 0xff, 0xff,
    0xff, 0xfe, 0x7f, 0xff, 0xff, 0xff, 0xff, 0xff,
    0xff, 0x9f, 0xff, 0xff, 0xff, 0xff, 0xff, 0xff,
    0xe7, 0xff, 0xff, 0xff, 0xff, 0xff, 0xff, 0xf1,
    0xff, 0xff, 0xff, 0xff, 0xff, 0xff, 0xfc, 0x7f,
    0xff, 0xff, 0xff, 0xff, 0xff, 0xff, 0x1f, 0xff,
    0xff, 0xff, 0xff, 0xff, 0xff, 0xcf, 0xff, 0xff,
    0xff, 0xff, 0xff, 0xff, 0xe1, 0xff, 0xff, 0xff,
    0xff, 0xff, 0xff, 0xf8, 0x3f, 0xff, 0xff, 0xff,
    0xff, 0xff, 0xf8, 0x0,

    /* U+0061 "a" */
    0x0, 0x0, 0x0, 0x0, 0x0, 0x1f, 0xff, 0xc0,
    0x0, 0x0, 0x0, 0x0, 0x0, 0x0, 0x0, 0xff,
    0xff, 0xc0, 0x0, 0x0, 0x0, 0x0, 0x0, 0x0,
    0x7, 0xff, 0xff, 0xc0, 0x0, 0x0, 0x0, 0x0,
    0x0, 0x0, 0xf, 0xff, 0xff, 0x80, 0x0, 0x0,
    0x0, 0x0, 0x0, 0x0, 0x3f, 0xff, 0xff, 0x80,
    0x0, 0x0, 0x0, 0x0, 0x0, 0x0, 0xff, 0xff,
    0xff, 0x0, 0x0, 0x0, 0x0, 0x0, 0x0, 0x1,
    0xff, 0xff, 0xfe, 0x0, 0x0, 0x0, 0x0, 0x0,
    0x0, 0x7, 0xff, 0xff, 0xfe, 0x0, 0x0, 0x0,
    0x0, 0x0, 0x0, 0x1f, 0xff, 0xff, 0xfc, 0x0,
    0x0, 0x0, 0x0, 0x0, 0x0, 0x3f, 0xff, 0xff,
    0xf8, 0x0, 0x0, 0x0, 0x0, 0x0, 0x0, 0xff,
    0xff, 0xff, 0xf8, 0x0, 0x0, 0x0, 0x0, 0x0,
    0x3, 0xff, 0xff, 0xff, 0xf0, 0x0, 0x0, 0x0,
    0x0, 0x0, 0x7, 0xff, 0xff, 0xff, 0xe0, 0x0,
    0x0, 0x0, 0x0, 0x0, 0x1f, 0xff, 0xff, 0xff,
    0xe0, 0x0, 0x0, 0x0, 0x0, 0x0, 0x7f, 0xff,
    0xff, 0xff, 0xc0, 0x0, 0x0, 0x0, 0x0, 0x0,
    0xff, 0xff, 0xff, 0xff, 0x80, 0x0, 0x0, 0x0,
    0x0, 0x3, 0xff, 0xff, 0xff, 0xff, 0x80, 0x0,
    0x0, 0x0, 0x0, 0xf, 0xff, 0xff, 0xff, 0xff,
    0x0, 0x0, 0x0, 0x0, 0x0, 0x1f, 0xff, 0xff,
    0xff, 0xfe, 0x0, 0x0, 0x0, 0x0, 0x0, 0x7f,
    0xff, 0xff, 0xff, 0xfe, 0x0, 0x0, 0x0, 0x0,
    0x1, 0xff, 0xff, 0xff, 0xff, 0xfc, 0x0, 0x0,
    0x0, 0x0, 0x3, 0xff, 0xff, 0xff, 0xff, 0xf8,
    0x0, 0x0, 0x0, 0x0, 0xf, 0xff, 0xff, 0xff,
    0xff, 0xf8, 0x0, 0x0, 0x0, 0x0, 0x3f, 0xff,
    0xff, 0xff, 0xff, 0xf0, 0x0, 0x0, 0x0, 0x0,
    0x7f, 0xff, 0xff, 0xff, 0xff, 0xe0, 0x0, 0x0,
    0x0, 0x1, 0xff, 0xff, 0xff, 0xff, 0xff, 0xc0,
    0x0, 0x0, 0x0, 0x7, 0xff, 0xff, 0xff, 0xff,
    0xff, 0xc0, 0x0, 0x0, 0x0, 0xf, 0xff, 0xff,
    0xef, 0xff, 0xff, 0x80, 0x0, 0x0, 0x0, 0x3f,
    0xff, 0xff, 0x9f, 0xff, 0xff, 0x0, 0x0, 0x0,
    0x0, 0xff, 0xff, 0xff, 0x1f, 0xff, 0xff, 0x0,
    0x0, 0x0, 0x1, 0xff, 0xff, 0xfc, 0x3f, 0xff,
    0xfe, 0x0, 0x0, 0x0, 0x7, 0xff, 0xff, 0xf0,
    0x7f, 0xff, 0xfc, 0x0, 0x0, 0x0, 0x1f, 0xff,
    0xff, 0xe0, 0x7f, 0xff, 0xfc, 0x0, 0x0, 0x0,
    0x3f, 0xff, 0xff, 0x80, 0xff, 0xff, 0xf8, 0x0,
    0x0, 0x0, 0xff, 0xff, 0xfe, 0x1, 0xff, 0xff,
    0xf0, 0x0, 0x0, 0x3, 0xff, 0xff, 0xfc, 0x3,
    0xff, 0xff, 0xf0, 0x0, 0x0, 0x7, 0xff, 0xff,
    0xf0, 0x3, 0xff, 0xff, 0xe0, 0x0, 0x0, 0x1f,
    0xff, 0xff, 0xe0, 0x7, 0xff, 0xff, 0xc0, 0x0,
    0x0, 0x7f, 0xff, 0xff, 0x80, 0xf, 0xff, 0xff,
    0xc0, 0x0, 0x0, 0xff, 0xff, 0xfe, 0x0, 0xf,
    0xff, 0xff, 0x80, 0x0, 0x3, 0xff, 0xff, 0xfc,
    0x0, 0x1f, 0xff, 0xff, 0x0, 0x0, 0xf, 0xff,
    0xff, 0xff, 0xff, 0xff, 0xff, 0xff, 0x0, 0x0,
    0x1f, 0xff, 0xff, 0xff, 0xff, 0xff, 0xff, 0xfe,
    0x0, 0x0, 0x7f, 0xff, 0xff, 0xff, 0xff, 0xff,
    0xff, 0xfc, 0x0, 0x0, 0xff, 0xff, 0xff, 0xff,
    0xff, 0xff, 0xff, 0xfc, 0x0, 0x3, 0xff, 0xff,
    0xff, 0xff, 0xff, 0xff, 0xff, 0xf8, 0x0, 0xf,
    0xff, 0xff, 0xff, 0xff, 0xff, 0xff, 0xff, 0xf0,
    0x0, 0x1f, 0xff, 0xff, 0xff, 0xff, 0xff, 0xff,
    0xff, 0xf0, 0x0, 0x7f, 0xff, 0xff, 0xff, 0xff,
    0xff, 0xff, 0xff, 0xe0, 0x1, 0xff, 0xff, 0xff,
    0xff, 0xff, 0xff, 0xff, 0xff, 0xc0, 0x3, 0xff,
    0xff, 0xff, 0xff, 0xff, 0xff, 0xff, 0xff, 0xc0,
    0xf, 0xff, 0xff, 0xff, 0xff, 0xff, 0xff, 0xff,
    0xff, 0x80, 0x3f, 0xff, 0xff, 0xff, 0xff, 0xff,
    0xff, 0xff, 0xff, 0x0, 0x7f, 0xff, 0xff, 0xff,
    0xff, 0xff, 0xff, 0xff, 0xff, 0x1, 0xff, 0xff,
    0xff, 0xff, 0xff, 0xff, 0xff, 0xff, 0xfe, 0x7,
    0xff, 0xff, 0xff, 0xff, 0xff, 0xff, 0xff, 0xff,
    0xfc, 0xf, 0xff, 0xff, 0xff, 0xff, 0xff, 0xff,
    0xff, 0xff, 0xfc, 0x3f, 0xff, 0xff, 0x80, 0x0,
    0x0, 0x1, 0xff, 0xff, 0xf8, 0xff, 0xff, 0xff,
    0x0, 0x0, 0x0, 0x1, 0xff, 0xff, 0xf1, 0xff,
    0xff, 0xfc, 0x0, 0x0, 0x0, 0x3, 0xff, 0xff,
    0xf7, 0xff, 0xff, 0xf0, 0x0, 0x0, 0x0, 0x7,
    0xff, 0xff, 0xcf, 0xff, 0xff, 0xe0, 0x0, 0x0,
    0x0, 0x7, 0xff, 0xff, 0x8f, 0xff, 0xff, 0x80,
    0x0, 0x0, 0x0, 0xf, 0xff, 0xff, 0xf, 0xff,
    0xfe, 0x0, 0x0, 0x0, 0x0, 0xf, 0xff, 0xf8,

    /* U+0062 "b" */
    0x0, 0x7, 0xff, 0xff, 0xff, 0xff, 0xff, 0xff,
    0x0, 0x0, 0x0, 0x7f, 0xff, 0xff, 0xff, 0xff,
    0xff, 0xff, 0x0, 0x0, 0x7, 0xff, 0xff, 0xff,
    0xff, 0xff, 0xff, 0xfe, 0x0, 0x0, 0x3f, 0xff,
    0xff, 0xff, 0xff, 0xff, 0xff, 0xf8, 0x0, 0x1,
    0xff, 0xff, 0xff, 0xff, 0xff, 0xff, 0xff, 0xe0,
    0x0, 0x1f, 0xff, 0xff, 0xff, 0xff, 0xff, 0xff,
    0xff, 0x80, 0x0, 0xff, 0xff, 0xff, 0xff, 0xff,
    0xff, 0xff, 0xfe, 0x0, 0x7, 0xff, 0xff, 0xff,
    0xff, 0xff, 0xff, 0xff, 0xf0, 0x0, 0x3f, 0xff,
    0xff, 0xff, 0xff, 0xff, 0xff, 0xff, 0xc0, 0x1,
    0xff, 0xff, 0xff, 0xff, 0xff, 0xff, 0xff, 0xfe,
    0x0, 0xf, 0xff, 0xff, 0xff, 0xff, 0xff, 0xff,
    0xff, 0xf8, 0x0, 0xff, 0xff, 0xff, 0xff, 0xff,
    0xff, 0xff, 0xff, 0xc0, 0x7, 0xff, 0xff, 0xff,
    0xff, 0xff, 0xff, 0xff, 0xfe, 0x0, 0x3f, 0xff,
    0xff, 0xff, 0xff, 0xff, 0xff, 0xff, 0xf0, 0x1,
    0xff, 0xff, 0xff, 0xff, 0xff, 0xff, 0xff, 0xff,
    0x80, 0xf, 0xff, 0xff, 0xff, 0xff, 0xff, 0xff,
    0xff, 0xfc, 0x0, 0xff, 0xff, 0xff, 0xff, 0xff,
    0xff, 0xff, 0xff, 0xe0, 0x7, 0xff, 0xff, 0xc0,
    0x0, 0x0, 0x3f, 0xff, 0xff, 0x0, 0x3f, 0xff,
    0xfc, 0x0, 0x0, 0x0, 0xff, 0xff, 0xf8, 0x1,
    0xff, 0xff, 0xe0, 0x0, 0x0, 0x7, 0xff, 0xff,
    0x80, 0xf, 0xff, 0xff, 0x0, 0x0, 0x0, 0x3f,
    0xff, 0xfc, 0x0, 0x7f, 0xff, 0xf8, 0x0, 0x0,
    0x1, 0xff, 0xff, 0xe0, 0x7, 0xff, 0xff, 0xc0,
    0x0, 0x0, 0x1f, 0xff, 0xff, 0x0, 0x3f, 0xff,
    0xfc, 0x0, 0x0, 0x1, 0xff, 0xff, 0xf8, 0x1,
    0xff, 0xff, 0xff, 0xff, 0xff, 0xff, 0xff, 0xff,
    0x80, 0xf, 0xff, 0xff, 0xff, 0xff, 0xff, 0xff,
    0xff, 0xfc, 0x0, 0x7f, 0xff, 0xff, 0xff, 0xff,
    0xff, 0xff, 0xff, 0xe0, 0x7, 0xff, 0xff, 0xff,
    0xff, 0xff, 0xff, 0xff, 0xfe, 0x0, 0x3f, 0xff,
    0xff, 0xff, 0xff, 0xff, 0xff, 0xff, 0xe0, 0x1,
    0xff, 0xff, 0xff, 0xff, 0xff, 0xff, 0xff, 0xff,
    0x0, 0xf, 0xff, 0xff, 0xff, 0xff, 0xff, 0xff,
    0xff, 0xf0, 0x0, 0x7f, 0xff, 0xff, 0xff, 0xff,
    0xff, 0xff, 0xff, 0x0, 0x3, 0xff, 0xff, 0xff,
    0xff, 0xff, 0xff, 0xff, 0xfc, 0x0, 0x3f, 0xff,
    0xff, 0xff, 0xff, 0xff, 0xff, 0xff, 0xf0, 0x1,
    0xff, 0xff, 0xff, 0xff, 0xff, 0xff, 0xff, 0xff,
    0x80, 0xf, 0xff, 0xff, 0xff, 0xff, 0xff, 0xff,
    0xff, 0xfc, 0x0, 0x7f, 0xff, 0xff, 0xff, 0xff,
    0xff, 0xff, 0xff, 0xf0, 0x3, 0xff, 0xff, 0xff,
    0xff, 0xff, 0xff, 0xff, 0xff, 0x80, 0x3f, 0xff,
    0xff, 0xff, 0xff, 0xff, 0xff, 0xff, 0xfc, 0x1,
    0xff, 0xff, 0xff, 0xff, 0xff, 0xff, 0xff, 0xff,
    0xe0, 0xf, 0xff, 0xff, 0x0, 0x0, 0x0, 0x1f,
    0xff, 0xff, 0x0, 0x7f, 0xff, 0xf8, 0x0, 0x0,
    0x0, 0xff, 0xff, 0xf8, 0x3, 0xff, 0xff, 0xc0,
    0x0, 0x0, 0x3, 0xff, 0xff, 0xc0, 0x1f, 0xff,
    0xfe, 0x0, 0x0, 0x0, 0x3f, 0xff, 0xfc, 0x1,
    0xff, 0xff, 0xf0, 0x0, 0x0, 0x1, 0xff, 0xff,
    0xe0, 0xf, 0xff, 0xff, 0x0, 0x0, 0x0, 0xf,
    0xff, 0xff, 0x0, 0x7f, 0xff, 0xf8, 0x0, 0x0,
    0x0, 0xff, 0xff, 0xf8, 0x3, 0xff, 0xff, 0xff,
    0xff, 0xff, 0xff, 0xff, 0xff, 0xc0, 0x1f, 0xff,
    0xff, 0xff, 0xff, 0xff, 0xff, 0xff, 0xfe, 0x1,
    0xff, 0xff, 0xff, 0xff, 0xff, 0xff, 0xff, 0xff,
    0xe0, 0xf, 0xff, 0xff, 0xff, 0xff, 0xff, 0xff,
    0xff, 0xff, 0x0, 0x7f, 0xff, 0xff, 0xff, 0xff,
    0xff, 0xff, 0xff, 0xf8, 0x3, 0xff, 0xff, 0xff,
    0xff, 0xff, 0xff, 0xff, 0xff, 0x80, 0x1f, 0xff,
    0xff, 0xff, 0xff, 0xff, 0xff, 0xff, 0xfc, 0x0,
    0xff, 0xff, 0xff, 0xff, 0xff, 0xff, 0xff, 0xff,
    0xc0, 0xf, 0xff, 0xff, 0xff, 0xff, 0xff, 0xff,
    0xff, 0xfc, 0x0, 0x7f, 0xff, 0xff, 0xff, 0xff,
    0xff, 0xff, 0xff, 0xe0, 0x3, 0xff, 0xff, 0xff,
    0xff, 0xff, 0xff, 0xff, 0xfe, 0x0, 0x1f, 0xff,
    0xff, 0xff, 0xff, 0xff, 0xff, 0xff, 0xe0, 0x0,
    0xff, 0xff, 0xff, 0xff, 0xff, 0xff, 0xff, 0xfe,
    0x0, 0x7, 0xff, 0xff, 0xff, 0xff, 0xff, 0xff,
    0xff, 0xc0, 0x0, 0x3f, 0xff, 0xff, 0xff, 0xff,
    0xff, 0xff, 0xfc, 0x0, 0x1, 0xff, 0xff, 0xff,
    0xff, 0xff, 0xff, 0xff, 0x80, 0x0, 0x7, 0xff,
    0xff, 0xff, 0xff, 0xff, 0xff, 0xe0, 0x0, 0x0,

    /* U+0063 "c" */
    0x0, 0x0, 0x3, 0xff, 0xff, 0xff, 0xff, 0xfe,
    0x0, 0x0, 0xf, 0xff, 0xff, 0xff, 0xff, 0xff,
    0x80, 0x0, 0x1f, 0xff, 0xff, 0xff, 0xff, 0xff,
    0xe0, 0x0, 0x3f, 0xff, 0xff, 0xff, 0xff, 0xff,
    0xf0, 0x0, 0x3f, 0xff, 0xff, 0xff, 0xff, 0xff,
    0xf8, 0x0, 0x3f, 0xff, 0xff, 0xff, 0xff, 0xff,
    0xfc, 0x0, 0x3f, 0xff, 0xff, 0xff, 0xff, 0xff,
    0xfc, 0x0, 0x3f, 0xff, 0xff, 0xff, 0xff, 0xff,
    0xfe, 0x0, 0x3f, 0xff, 0xff, 0xff, 0xff, 0xff,
    0xff, 0x0, 0x3f, 0xff, 0xff, 0xff, 0xff, 0xff,
    0xff, 0x80, 0x1f, 0xff, 0xff, 0xff, 0xff, 0xff,
    0xff, 0xc0, 0x1f, 0xff, 0xff, 0xff, 0xff, 0xff,
    0xff, 0xe0, 0xf, 0xff, 0xff, 0xff, 0xff, 0xff,
    0xff, 0xe0, 0xf, 0xff, 0xff, 0xff, 0xff, 0xff,
    0xff, 0xf0, 0x7, 0xff, 0xff, 0xff, 0xff, 0xff,
    0xff, 0xf8, 0x3, 0xff, 0xff, 0xff, 0xff, 0xff,
    0xff, 0xf8, 0x3, 0xff, 0xff, 0xff, 0xff, 0xff,
    0xff, 0xf8, 0x1, 0xff, 0xff, 0xf0, 0x0, 0x0,
    0x0, 0x0, 0x0, 0xff, 0xff, 0xf0, 0x0, 0x0,
    0x0, 0x0, 0x0, 0x7f, 0xff, 0xf8, 0x0, 0x0,
    0x0, 0x0, 0x0, 0x3f, 0xff, 0xfc, 0x0, 0x0,
    0x0, 0x0, 0x0, 0x3f, 0xff, 0xfe, 0x0, 0x0,
    0x0, 0x0, 0x0, 0x1f, 0xff, 0xff, 0x0, 0x0,
    0x0, 0x0, 0x0, 0xf, 0xff, 0xff, 0x0, 0x0,
    0x0, 0x0, 0x0, 0x7, 0xff, 0xff, 0x80, 0x0,
    0x0, 0x0, 0x0, 0x3, 0xff, 0xff, 0xc0, 0x0,
    0x0, 0x0, 0x0, 0x3, 0xff, 0xff, 0xe0, 0x0,
    0x0, 0x0, 0x0, 0x1, 0xff, 0xff, 0xf0, 0x0,
    0x0, 0x0, 0x0, 0x0, 0xff, 0xff, 0xf0, 0x0,
    0x0, 0x0, 0x0, 0x0, 0x7f, 0xff, 0xf8, 0x0,
    0x0, 0x0, 0x0, 0x0, 0x3f, 0xff, 0xfc, 0x0,
    0x0, 0x0, 0x0, 0x0, 0x1f, 0xff, 0xfe, 0x0,
    0x0, 0x0, 0x0, 0x0, 0x1f, 0xff, 0xff, 0x0,
    0x0, 0x0, 0x0, 0x0, 0xf, 0xff, 0xff, 0x80,
    0x0, 0x0, 0x0, 0x0, 0x7, 0xff, 0xff, 0x80,
    0x0, 0x0, 0x0, 0x0, 0x3, 0xff, 0xff, 0xc0,
    0x0, 0x0, 0x0, 0x0, 0x1, 0xff, 0xff, 0xe0,
    0x0, 0x0, 0x0, 0x0, 0x1, 0xff, 0xff, 0xf0,
    0x0, 0x0, 0x0, 0x0, 0x0, 0xff, 0xff, 0xf8,
    0x0, 0x0, 0x0, 0x0, 0x0, 0x7f, 0xff, 0xfc,
    0x0, 0x0, 0x0, 0x0, 0x0, 0x3f, 0xff, 0xfc,
    0x0, 0x0, 0x0, 0x0, 0x0, 0x1f, 0xff, 0xfe,
    0x0, 0x0, 0x0, 0x0, 0x0, 0xf, 0xff, 0xff,
    0x0, 0x0, 0x0, 0x0, 0x0, 0xf, 0xff, 0xff,
    0x80, 0x0, 0x0, 0x0, 0x0, 0x7, 0xff, 0xff,
    0xc0, 0x0, 0x0, 0x0, 0x0, 0x3, 0xff, 0xff,
    0xe0, 0x0, 0x0, 0x0, 0x0, 0x1, 0xff, 0xff,
    0xf0, 0x0, 0x0, 0x0, 0x0, 0x0, 0xff, 0xff,
    0xff, 0xff, 0xff, 0xff, 0xfc, 0x0, 0xff, 0xff,
    0xff, 0xff, 0xff, 0xff, 0xff, 0x0, 0x7f, 0xff,
    0xff, 0xff, 0xff, 0xff, 0xff, 0x80, 0x3f, 0xff,
    0xff, 0xff, 0xff, 0xff, 0xff, 0xe0, 0x1f, 0xff,
    0xff, 0xff, 0xff, 0xff, 0xff, 0xe0, 0x7, 0xff,
    0xff, 0xff, 0xff, 0xff, 0xff, 0xf0, 0x3, 0xff,
    0xff, 0xff, 0xff, 0xff, 0xff, 0xf8, 0x1, 0xff,
    0xff, 0xff, 0xff, 0xff, 0xff, 0xfc, 0x0, 0xff,
    0xff, 0xff, 0xff, 0xff, 0xff, 0xfe, 0x0, 0x3f,
    0xff, 0xff, 0xff, 0xff, 0xff, 0xfe, 0x0, 0x1f,
    0xff, 0xff, 0xff, 0xff, 0xff, 0xff, 0x0, 0x7,
    0xff, 0xff, 0xff, 0xff, 0xff, 0xff, 0x80, 0x1,
    0xff, 0xff, 0xff, 0xff, 0xff, 0xff, 0xc0, 0x0,
    0x7f, 0xff, 0xff, 0xff, 0xff, 0xff, 0xe0, 0x0,
    0x1f, 0xff, 0xff, 0xff, 0xff, 0xff, 0xe0, 0x0,
    0x3, 0xff, 0xff, 0xff, 0xff, 0xff, 0xf0, 0x0,
    0x0, 0x3f, 0xff, 0xff, 0xff, 0xff, 0xe0, 0x0,

    /* U+0064 "d" */
    0x0, 0x7, 0xff, 0xff, 0xff, 0xff, 0xff, 0xfc,
    0x0, 0x0, 0x7, 0xff, 0xff, 0xff, 0xff, 0xff,
    0xff, 0x80, 0x0, 0x7, 0xff, 0xff, 0xff, 0xff,
    0xff, 0xff, 0xf0, 0x0, 0x3, 0xff, 0xff, 0xff,
    0xff, 0xff, 0xff, 0xfc, 0x0, 0x3, 0xff, 0xff,
    0xff, 0xff, 0xff, 0xff, 0xff, 0x0, 0x1, 0xff,
    0xff, 0xff, 0xff, 0xff, 0xff, 0xff, 0xc0, 0x0,
    0xff, 0xff, 0xff, 0xff, 0xff, 0xff, 0xff, 0xf0,
    0x0, 0x7f, 0xff, 0xff, 0xff, 0xff, 0xff, 0xff,
    0xfc, 0x0, 0x3f, 0xff, 0xff, 0xff, 0xff, 0xff,
    0xff, 0xfe, 0x0, 0x1f, 0xff, 0xff, 0xff, 0xff,
    0xff, 0xff, 0xff, 0x0, 0x1f, 0xff, 0xff, 0xff,
    0xff, 0xff, 0xff, 0xff, 0xc0, 0xf, 0xff, 0xff,
    0xff, 0xff, 0xff, 0xff, 0xff, 0xe0, 0x7, 0xff,
    0xff, 0xff, 0xff, 0xff, 0xff, 0xff, 0xf0, 0x3,
    0xff, 0xff, 0xff, 0xff, 0xff, 0xff, 0xff, 0xf8,
    0x1, 0xff, 0xff, 0xff, 0xff, 0xff, 0xff, 0xff,
    0xfc, 0x1, 0xff, 0xff, 0xff, 0xff, 0xff, 0xff,
    0xff, 0xfe, 0x0, 0xff, 0xff, 0xff, 0xff, 0xff,
    0xff, 0xff, 0xff, 0x0, 0x7f, 0xff, 0xfc, 0x0,
    0x0, 0xf, 0xff, 0xff, 0x80, 0x3f, 0xff, 0xfc,
    0x0, 0x0, 0x7, 0xff, 0xff, 0xc0, 0x1f, 0xff,
    0xfe, 0x0, 0x0, 0x3, 0xff, 0xff, 0xc0, 0xf,
    0xff, 0xff, 0x0, 0x0, 0x1, 0xff, 0xff, 0xe0,
    0xf, 0xff, 0xff, 0x80, 0x0, 0x0, 0xff, 0xff,
    0xf0, 0x7, 0xff, 0xff, 0xc0, 0x0, 0x0, 0x7f,
    0xff, 0xf8, 0x3, 0xff, 0xff, 0xc0, 0x0, 0x0,
    0x7f, 0xff, 0xfc, 0x1, 0xff, 0xff, 0xe0, 0x0,
    0x0, 0x3f, 0xff, 0xfe, 0x0, 0xff, 0xff, 0xf0,
    0x0, 0x0, 0x1f, 0xff, 0xfe, 0x0, 0xff, 0xff,
    0xf8, 0x0, 0x0, 0xf, 0xff, 0xff, 0x0, 0x7f,
    0xff, 0xfc, 0x0, 0x0, 0x7, 0xff, 0xff, 0x80,
    0x3f, 0xff, 0xfc, 0x0, 0x0, 0x3, 0xff, 0xff,
    0xc0, 0x1f, 0xff, 0xfe, 0x0, 0x0, 0x3, 0xff,
    0xff, 0xe0, 0xf, 0xff, 0xff, 0x0, 0x0, 0x1,
    0xff, 0xff, 0xe0, 0x7, 0xff, 0xff, 0x80, 0x0,
    0x0, 0xff, 0xff, 0xf0, 0x7, 0xff, 0xff, 0xc0,
    0x0, 0x0, 0x7f, 0xff, 0xf8, 0x3, 0xff, 0xff,
    0xe0, 0x0, 0x0, 0x3f, 0xff, 0xfc, 0x1, 0xff,
    0xff, 0xe0, 0x0, 0x0, 0x3f, 0xff, 0xfe, 0x0,
    0xff, 0xff, 0xf0, 0x0, 0x0, 0x1f, 0xff, 0xff,
    0x0, 0x7f, 0xff, 0xf8, 0x0, 0x0, 0xf, 0xff,
    0xff, 0x0, 0x7f, 0xff, 0xfc, 0x0, 0x0, 0x7,
    0xff, 0xff, 0x80, 0x3f, 0xff, 0xfe, 0x0, 0x0,
    0x3, 0xff, 0xff, 0xc0, 0x1f, 0xff, 0xfe, 0x0,
    0x0, 0x1, 0xff, 0xff, 0xe0, 0xf, 0xff, 0xff,
    0x0, 0x0, 0x1, 0xff, 0xff, 0xf0, 0x7, 0xff,
    0xff, 0x80, 0x0, 0x0, 0xff, 0xff, 0xf0, 0x3,
    0xff, 0xff, 0xc0, 0x0, 0x0, 0x7f, 0xff, 0xf8,
    0x3, 0xff, 0xff, 0xe0, 0x0, 0x0, 0x3f, 0xff,
    0xfc, 0x1, 0xff, 0xff, 0xf0, 0x0, 0x0, 0x1f,
    0xff, 0xfe, 0x0, 0xff, 0xff, 0xf0, 0x0, 0x0,
    0x1f, 0xff, 0xff, 0x0, 0x7f, 0xff, 0xfc, 0x0,
    0x0, 0xf, 0xff, 0xff, 0x80, 0x3f, 0xff, 0xff,
    0xff, 0xff, 0xff, 0xff, 0xff, 0x80, 0x3f, 0xff,
    0xff, 0xff, 0xff, 0xff, 0xff, 0xff, 0xc0, 0x1f,
    0xff, 0xff, 0xff, 0xff, 0xff, 0xff, 0xff, 0xe0,
    0xf, 0xff, 0xff, 0xff, 0xff, 0xff, 0xff, 0xff,
    0xe0, 0x7, 0xff, 0xff, 0xff, 0xff, 0xff, 0xff,
    0xff, 0xf0, 0x3, 0xff, 0xff, 0xff, 0xff, 0xff,
    0xff, 0xff, 0xf8, 0x1, 0xff, 0xff, 0xff, 0xff,
    0xff, 0xff, 0xff, 0xf8, 0x1, 0xff, 0xff, 0xff,
    0xff, 0xff, 0xff, 0xff, 0xf8, 0x0, 0xff, 0xff,
    0xff, 0xff, 0xff, 0xff, 0xff, 0xfc, 0x0, 0x7f,
    0xff, 0xff, 0xff, 0xff, 0xff, 0xff, 0xfc, 0x0,
    0x3f, 0xff, 0xff, 0xff, 0xff, 0xff, 0xff, 0xfc,
    0x0, 0x1f, 0xff, 0xff, 0xff, 0xff, 0xff, 0xff,
    0xfc, 0x0, 0x1f, 0xff, 0xff, 0xff, 0xff, 0xff,
    0xff, 0xfc, 0x0, 0xf, 0xff, 0xff, 0xff, 0xff,
    0xff, 0xff, 0xf8, 0x0, 0x7, 0xff, 0xff, 0xff,
    0xff, 0xff, 0xff, 0xf8, 0x0, 0x1, 0xff, 0xff,
    0xff, 0xff, 0xff, 0xff, 0xf0, 0x0, 0x0, 0x7f,
    0xff, 0xff, 0xff, 0xff, 0xff, 0xc0, 0x0, 0x0,

    /* U+0065 "e" */
    0x0, 0x7, 0xff, 0xff, 0xff, 0xff, 0xff, 0xff,
    0xfc, 0x0, 0x1f, 0xff, 0xff, 0xff, 0xff, 0xff,
    0xff, 0xfc, 0x0, 0x7f, 0xff, 0xff, 0xff, 0xff,
    0xff, 0xff, 0xf8, 0x0, 0xff, 0xff, 0xff, 0xff,
    0xff, 0xff, 0xff, 0xf0, 0x3, 0xff, 0xff, 0xff,
    0xff, 0xff, 0xff, 0xff, 0xc0, 0x7, 0xff, 0xff,
    0xff, 0xff, 0xff, 0xff, 0xff, 0x80, 0xf, 0xff,
    0xff, 0xff, 0xff, 0xff, 0xff, 0xff, 0x0, 0x1f,
    0xff, 0xff, 0xff, 0xff, 0xff, 0xff, 0xfe, 0x0,
    0x3f, 0xff, 0xff, 0xff, 0xff, 0xff, 0xff, 0xfc,
    0x0, 0xff, 0xff, 0xff, 0xff, 0xff, 0xff, 0xff,
    0xf0, 0x1, 0xff, 0xff, 0xff, 0xff, 0xff, 0xff,
    0xff, 0xe0, 0x3, 0xff, 0xff, 0xff, 0xff, 0xff,
    0xff, 0xff, 0xc0, 0x7, 0xff, 0xff, 0xff, 0xff,
    0xff, 0xff, 0xff, 0x80, 0xf, 0xff, 0xff, 0xff,
    0xff, 0xff, 0xff, 0xff, 0x0, 0x1f, 0xff, 0xff,
    0xff, 0xff, 0xff, 0xff, 0xfc, 0x0, 0x7f, 0xff,
    0xff, 0xff, 0xff, 0xff, 0xff, 0xf8, 0x0, 0xff,
    0xff, 0xff, 0xff, 0xff, 0xff, 0xff, 0xe0, 0x1,
    0xff, 0xff, 0xe0, 0x0, 0x0, 0x0, 0x0, 0x0,
    0x3, 0xff, 0xff, 0xc0, 0x0, 0x0, 0x0, 0x0,
    0x0, 0x7, 0xff, 0xff, 0x80, 0x0, 0x0, 0x0,
    0x0, 0x0, 0x1f, 0xff, 0xff, 0x0, 0x0, 0x0,
    0x0, 0x0, 0x0, 0x3f, 0xff, 0xfe, 0x0, 0x0,
    0x0, 0x0, 0x0, 0x0, 0x7f, 0xff, 0xf8, 0x0,
    0x0, 0x0, 0x0, 0x0, 0x0, 0xff, 0xff, 0xf0,
    0x0, 0x0, 0x0, 0x0, 0x0, 0x1, 0xff, 0xff,
    0xff, 0xff, 0xff, 0xff, 0xc0, 0x0, 0x3, 0xff,
    0xff, 0xff, 0xff, 0xff, 0xff, 0xc0, 0x0, 0xf,
    0xff, 0xff, 0xff, 0xff, 0xff, 0xff, 0x80, 0x0,
    0x1f, 0xff, 0xff, 0xff, 0xff, 0xff, 0xff, 0x0,
    0x0, 0x3f, 0xff, 0xff, 0xff, 0xff, 0xff, 0xfe,
    0x0, 0x0, 0x7f, 0xff, 0xff, 0xff, 0xff, 0xff,
    0xfc, 0x0, 0x0, 0xff, 0xff, 0xff, 0xff, 0xff,
    0xff, 0xf0, 0x0, 0x3, 0xff, 0xff, 0xff, 0xff,
    0xff, 0xff, 0xe0, 0x0, 0x7, 0xff, 0xff, 0xff,
    0xff, 0xff, 0xff, 0xc0, 0x0, 0xf, 0xff, 0xff,
    0xff, 0xff, 0xff, 0xff, 0x80, 0x0, 0x1f, 0xff,
    0xff, 0xff, 0xff, 0xff, 0xff, 0x0, 0x0, 0x3f,
    0xff, 0xff, 0xff, 0xff, 0xff, 0xfe, 0x0, 0x0,
    0x7f, 0xff, 0xff, 0xff, 0xff, 0xff, 0xf8, 0x0,
    0x1, 0xff, 0xff, 0xff, 0xff, 0xff, 0xff, 0xf0,
    0x0, 0x3, 0xff, 0xff, 0xff, 0xff, 0xff, 0xff,
    0xe0, 0x0, 0x7, 0xff, 0xff, 0xff, 0xff, 0xff,
    0xff, 0x80, 0x0, 0xf, 0xff, 0xff, 0x0, 0x0,
    0x0, 0x0, 0x0, 0x0, 0x1f, 0xff, 0xfe, 0x0,
    0x0, 0x0, 0x0, 0x0, 0x0, 0x7f, 0xff, 0xfc,
    0x0, 0x0, 0x0, 0x0, 0x0, 0x0, 0xff, 0xff,
    0xf8, 0x0, 0x0, 0x0, 0x0, 0x0, 0x1, 0xff,
    0xff, 0xe0, 0x0, 0x0, 0x0, 0x0, 0x0, 0x3,
    0xff, 0xff, 0xc0, 0x0, 0x0, 0x0, 0x0, 0x0,
    0x7, 0xff, 0xff, 0x80, 0x0, 0x0, 0x0, 0x0,
    0x0, 0xf, 0xff, 0xff, 0xff, 0xff, 0xff, 0xff,
    0xfc, 0x0, 0x3f, 0xff, 0xff, 0xff, 0xff, 0xff,
    0xff, 0xfc, 0x0, 0x7f, 0xff, 0xff, 0xff, 0xff,
    0xff, 0xff, 0xf8, 0x0, 0xff, 0xff, 0xff, 0xff,
    0xff, 0xff, 0xff, 0xf0, 0x1, 0xff, 0xff, 0xff,
    0xff, 0xff, 0xff, 0xff, 0xe0, 0x3, 0xff, 0xff,
    0xff, 0xff, 0xff, 0xff, 0xff, 0xc0, 0xf, 0xff,
    0xff, 0xff, 0xff, 0xff, 0xff, 0xff, 0x80, 0x1f,
    0xff, 0xff, 0xff, 0xff, 0xff, 0xff, 0xfe, 0x0,
    0x3f, 0xff, 0xff, 0xff, 0xff, 0xff, 0xff, 0xfc,
    0x0, 0x7f, 0xff, 0xff, 0xff, 0xff, 0xff, 0xff,
    0xf8, 0x0, 0xff, 0xff, 0xff, 0xff, 0xff, 0xff,
    0xff, 0xf0, 0x1, 0xff, 0xff, 0xff, 0xff, 0xff,
    0xff, 0xff, 0xe0, 0x7, 0xff, 0xff, 0xff, 0xff,
    0xff, 0xff, 0xff, 0x80, 0xf, 0xff, 0xff, 0xff,
    0xff, 0xff, 0xff, 0xff, 0x0, 0x1f, 0xff, 0xff,
    0xff, 0xff, 0xff, 0xff, 0xfe, 0x0, 0x1f, 0xff,
    0xff, 0xff, 0xff, 0xff, 0xff, 0xfc, 0x0, 0x1f,
    0xff, 0xff, 0xff, 0xff, 0xff, 0xff, 0xf0, 0x0,

    /* U+0066 "f" */
    0x0, 0x7, 0xff, 0xff, 0xff, 0xff, 0xff, 0xff,
    0xfc, 0x0, 0x1f, 0xff, 0xff, 0xff, 0xff, 0xff,
    0xff, 0xf8, 0x0, 0x7f, 0xff, 0xff, 0xff, 0xff,
    0xff, 0xff, 0xf8, 0x0, 0xff, 0xff, 0xff, 0xff,
    0xff, 0xff, 0xff, 0xe0, 0x3, 0xff, 0xff, 0xff,
    0xff, 0xff, 0xff, 0xff, 0xc0, 0x7, 0xff, 0xff,
    0xff, 0xff, 0xff, 0xff, 0xff, 0x80, 0xf, 0xff,
    0xff, 0xff, 0xff, 0xff, 0xff, 0xff, 0x0, 0x1f,
    0xff, 0xff, 0xff, 0xff, 0xff, 0xff, 0xfe, 0x0,
    0x3f, 0xff, 0xff, 0xff, 0xff, 0xff, 0xff, 0xfc,
    0x0, 0xff, 0xff, 0xff, 0xff, 0xff, 0xff, 0xff,
    0xf0, 0x1, 0xff, 0xff, 0xff, 0xff, 0xff, 0xff,
    0xff, 0xe0, 0x3, 0xff, 0xff, 0xff, 0xff, 0xff,
    0xff, 0xff, 0xc0, 0x7, 0xff, 0xff, 0xff, 0xff,
    0xff, 0xff, 0xff, 0x80, 0xf, 0xff, 0xff, 0xff,
    0xff, 0xff, 0xff, 0xff, 0x0, 0x3f, 0xff, 0xff,
    0xff, 0xff, 0xff, 0xff, 0xfc, 0x0, 0x7f, 0xff,
    0xff, 0xff, 0xff, 0xff, 0xff, 0xf8, 0x0, 0xff,
    0xff, 0xff, 0xff, 0xff, 0xff, 0xff, 0xe0, 0x1,
    0xff, 0xff, 0xe0, 0x0, 0x0, 0x0, 0x0, 0x0,
    0x3, 0xff, 0xff, 0xc0, 0x0, 0x0, 0x0, 0x0,
    0x0, 0x7, 0xff, 0xff, 0x80, 0x0, 0x0, 0x0,
    0x0, 0x0, 0x1f, 0xff, 0xff, 0x0, 0x0, 0x0,
    0x0, 0x0, 0x0, 0x3f, 0xff, 0xfe, 0x0, 0x0,
    0x0, 0x0, 0x0, 0x0, 0x7f, 0xff, 0xf8, 0x0,
    0x0, 0x0, 0x0, 0x0, 0x0, 0xff, 0xff, 0xf0,
    0x0, 0x0, 0x0, 0x0, 0x0, 0x1, 0xff, 0xff,
    0xff, 0xff, 0xff, 0xff, 0xc0, 0x0, 0x3, 0xff,
    0xff, 0xff, 0xff, 0xff, 0xff, 0xc0, 0x0, 0xf,
    0xff, 0xff, 0xff, 0xff, 0xff, 0xff, 0x80, 0x0,
    0x1f, 0xff, 0xff, 0xff, 0xff, 0xff, 0xff, 0x0,
    0x0, 0x3f, 0xff, 0xff, 0xff, 0xff, 0xff, 0xfe,
    0x0, 0x0, 0x7f, 0xff, 0xff, 0xff, 0xff, 0xff,
    0xfc, 0x0, 0x0, 0xff, 0xff, 0xff, 0xff, 0xff,
    0xff, 0xf0, 0x0, 0x3, 0xff, 0xff, 0xff, 0xff,
    0xff, 0xff, 0xe0, 0x0, 0x7, 0xff, 0xff, 0xff,
    0xff, 0xff, 0xff, 0xc0, 0x0, 0xf, 0xff, 0xff,
    0xff, 0xff, 0xff, 0xff, 0x80, 0x0, 0x1f, 0xff,
    0xff, 0xff, 0xff, 0xff, 0xff, 0x0, 0x0, 0x3f,
    0xff, 0xff, 0xff, 0xff, 0xff, 0xfc, 0x0, 0x0,
    0x7f, 0xff, 0xff, 0xff, 0xff, 0xff, 0xf8, 0x0,
    0x1, 0xff, 0xff, 0xff, 0xff, 0xff, 0xff, 0xf0,
    0x0, 0x3, 0xff, 0xff, 0xff, 0xff, 0xff, 0xff,
    0xe0, 0x0, 0x7, 0xff, 0xff, 0xff, 0xff, 0xff,
    0xff, 0x80, 0x0, 0xf, 0xff, 0xff, 0x0, 0x0,
    0x0, 0x0, 0x0, 0x0, 0x1f, 0xff, 0xfe, 0x0,
    0x0, 0x0, 0x0, 0x0, 0x0, 0x7f, 0xff, 0xfc,
    0x0, 0x0, 0x0, 0x0, 0x0, 0x0, 0xff, 0xff,
    0xf0, 0x0, 0x0, 0x0, 0x0, 0x0, 0x1, 0xff,
    0xff, 0xe0, 0x0, 0x0, 0x0, 0x0, 0x0, 0x3,
    0xff, 0xff, 0xc0, 0x0, 0x0, 0x0, 0x0, 0x0,
    0x7, 0xff, 0xff, 0x80, 0x0, 0x0, 0x0, 0x0,
    0x0, 0xf, 0xff, 0xff, 0x0, 0x0, 0x0, 0x0,
    0x0, 0x0, 0x3f, 0xff, 0xfe, 0x0, 0x0, 0x0,
    0x0, 0x0, 0x0, 0x7f, 0xff, 0xf8, 0x0, 0x0,
    0x0, 0x0, 0x0, 0x0, 0xff, 0xff, 0xf0, 0x0,
    0x0, 0x0, 0x0, 0x0, 0x1, 0xff, 0xff, 0xe0,
    0x0, 0x0, 0x0, 0x0, 0x0, 0x3, 0xff, 0xff,
    0xc0, 0x0, 0x0, 0x0, 0x0, 0x0, 0xf, 0xff,
    0xff, 0x80, 0x0, 0x0, 0x0, 0x0, 0x0, 0x1f,
    0xff, 0xfe, 0x0, 0x0, 0x0, 0x0, 0x0, 0x0,
    0x3f, 0xff, 0xfc, 0x0, 0x0, 0x0, 0x0, 0x0,
    0x0, 0x7f, 0xff, 0xf8, 0x0, 0x0, 0x0, 0x0,
    0x0, 0x0, 0xff, 0xff, 0xf0, 0x0, 0x0, 0x0,
    0x0, 0x0, 0x1, 0xff, 0xff, 0xe0, 0x0, 0x0,
    0x0, 0x0, 0x0, 0x7, 0xff, 0xff, 0xc0, 0x0,
    0x0, 0x0, 0x0, 0x0, 0xf, 0xff, 0xff, 0x0,
    0x0, 0x0, 0x0, 0x0, 0x0, 0x1f, 0xff, 0xfe,
    0x0, 0x0, 0x0, 0x0, 0x0, 0x0, 0x1f, 0xff,
    0xf8, 0x0, 0x0, 0x0, 0x0, 0x0, 0x0, 0x1f,
    0xff, 0xe0, 0x0, 0x0, 0x0, 0x0, 0x0, 0x0,

    /* U+0067 "g" */
    0x0, 0x0, 0x1, 0xff, 0xff, 0xff, 0xff, 0xff,
    0xff, 0xe0, 0x0, 0x0, 0x7f, 0xff, 0xff, 0xff,
    0xff, 0xff, 0xff, 0x80, 0x0, 0xf, 0xff, 0xff,
    0xff, 0xff, 0xff, 0xff, 0xfe, 0x0, 0x1, 0xff,
    0xff, 0xff, 0xff, 0xff, 0xff, 0xff, 0xf0, 0x0,
    0x1f, 0xff, 0xff, 0xff, 0xff, 0xff, 0xff, 0xff,
    0x80, 0x1, 0xff, 0xff, 0xff, 0xff, 0xff, 0xff,
    0xff, 0xfc, 0x0, 0x1f, 0xff, 0xff, 0xff, 0xff,
    0xff, 0xff, 0xff, 0xc0, 0x1, 0xff, 0xff, 0xff,
    0xff, 0xff, 0xff, 0xff, 0xfe, 0x0, 0x1f, 0xff,
    0xff, 0xff, 0xff, 0xff, 0xff, 0xff, 0xf0, 0x1,
    0xff, 0xff, 0xff, 0xff, 0xff, 0xff, 0xff, 0xff,
    0x80, 0xf, 0xff, 0xff, 0xff, 0xff, 0xff, 0xff,
    0xff, 0xfc, 0x0, 0xff, 0xff, 0xff, 0xff, 0xff,
    0xff, 0xff, 0xff, 0xc0, 0xf, 0xff, 0xff, 0xff,
    0xff, 0xff, 0xff, 0xff, 0xfe, 0x0, 0x7f, 0xff,
    0xff, 0xff, 0xff, 0xff, 0xff, 0xff, 0xf0, 0x3,
    0xff, 0xff, 0xff, 0xff, 0xff, 0xff, 0xff, 0xff,
    0x80, 0x3f, 0xff, 0xff, 0xff, 0xff, 0xff, 0xff,
    0xff, 0xf8, 0x1, 0xff, 0xff, 0xff, 0xff, 0xff,
    0xff, 0xff, 0xff, 0x0, 0xf, 0xff, 0xff, 0x80,
    0x0, 0x0, 0x0, 0x0, 0x0, 0x0, 0x7f, 0xff,
    0xf8, 0x0, 0x0, 0x0, 0x0, 0x0, 0x0, 0x3,
    0xff, 0xff, 0xc0, 0x0, 0x0, 0x0, 0x0, 0x0,
    0x0, 0x3f, 0xff, 0xfe, 0x0, 0x0, 0x0, 0x0,
    0x0, 0x0, 0x1, 0xff, 0xff, 0xf0, 0x0, 0x0,
    0x0, 0x0, 0x0, 0x0, 0xf, 0xff, 0xff, 0x80,
    0x0, 0x0, 0x0, 0x0, 0x0, 0x0, 0x7f, 0xff,
    0xf8, 0x0, 0x0, 0x0, 0x0, 0x0, 0x0, 0x3,
    0xff, 0xff, 0xc0, 0x3, 0xff, 0xff, 0xff, 0xfe,
    0x0, 0x1f, 0xff, 0xfe, 0x0, 0x3f, 0xff, 0xff,
    0xff, 0xf8, 0x1, 0xff, 0xff, 0xf0, 0x3, 0xff,
    0xff, 0xff, 0xff, 0xc0, 0xf, 0xff, 0xff, 0x80,
    0x1f, 0xff, 0xff, 0xff, 0xff, 0x0, 0x7f, 0xff,
    0xf8, 0x0, 0xff, 0xff, 0xff, 0xff, 0xf0, 0x3,
    0xff, 0xff, 0xc0, 0x7, 0xff, 0xff, 0xff, 0xff,
    0x80, 0x1f, 0xff, 0xfe, 0x0, 0x3f, 0xff, 0xff,
    0xff, 0xfc, 0x1, 0xff, 0xff, 0xf0, 0x3, 0xff,
    0xff, 0xff, 0xff, 0xe0, 0xf, 0xff, 0xff, 0x80,
    0x1f, 0xff, 0xff, 0xff, 0xff, 0x0, 0x7f, 0xff,
    0xfc, 0x0, 0xff, 0xff, 0xff, 0xff, 0xf8, 0x3,
    0xff, 0xff, 0xc0, 0x7, 0xff, 0xff, 0xff, 0xff,
    0x80, 0x1f, 0xff, 0xfe, 0x0, 0x3f, 0xff, 0xff,
    0xff, 0xfc, 0x0, 0xff, 0xff, 0xf0, 0x3, 0xff,
    0xff, 0xff, 0xff, 0xe0, 0xf, 0xff, 0xff, 0x80,
    0x1f, 0xff, 0xff, 0xff, 0xff, 0x0, 0x7f, 0xff,
    0xfc, 0x0, 0xff, 0xff, 0xff, 0xff, 0xf8, 0x3,
    0xff, 0xff, 0xe0, 0x3, 0xff, 0xff, 0xff, 0xff,
    0x80, 0x1f, 0xff, 0xfe, 0x0, 0x0, 0x0, 0x3f,
    0xff, 0xfc, 0x0, 0xff, 0xff, 0xf0, 0x0, 0x0,
    0x1, 0xff, 0xff, 0xe0, 0xf, 0xff, 0xff, 0x80,
    0x0, 0x0, 0xf, 0xff, 0xff, 0x0, 0x7f, 0xff,
    0xfc, 0x0, 0x0, 0x0, 0x7f, 0xff, 0xf8, 0x3,
    0xff, 0xff, 0xe0, 0x0, 0x0, 0x7, 0xff, 0xff,
    0xc0, 0x1f, 0xff, 0xff, 0x0, 0x0, 0x0, 0x3f,
    0xff, 0xfc, 0x0, 0xff, 0xff, 0xf8, 0x0, 0x0,
    0x1, 0xff, 0xff, 0xe0, 0x7, 0xff, 0xff, 0xff,
    0xff, 0xff, 0xff, 0xff, 0xff, 0x0, 0x7f, 0xff,
    0xff, 0xff, 0xff, 0xff, 0xff, 0xff, 0xf8, 0x3,
    0xff, 0xff, 0xff, 0xff, 0xff, 0xff, 0xff, 0xff,
    0xc0, 0x1f, 0xff, 0xff, 0xff, 0xff, 0xff, 0xff,
    0xff, 0xfc, 0x0, 0xff, 0xff, 0xff, 0xff, 0xff,
    0xff, 0xff, 0xff, 0xe0, 0x3, 0xff, 0xff, 0xff,
    0xff, 0xff, 0xff, 0xff, 0xff, 0x0, 0x1f, 0xff,
    0xff, 0xff, 0xff, 0xff, 0xff, 0xff, 0xf8, 0x0,
    0xff, 0xff, 0xff, 0xff, 0xff, 0xff, 0xff, 0xff,
    0xc0, 0x7, 0xff, 0xff, 0xff, 0xff, 0xff, 0xff,
    0xff, 0xfe, 0x0, 0x1f, 0xff, 0xff, 0xff, 0xff,
    0xff, 0xff, 0xff, 0xe0, 0x0, 0x7f, 0xff, 0xff,
    0xff, 0xff, 0xff, 0xff, 0xff, 0x0, 0x3, 0xff,
    0xff, 0xff, 0xff, 0xff, 0xff, 0xff, 0xf8, 0x0,
    0xf, 0xff, 0xff, 0xff, 0xff, 0xff, 0xff, 0xff,
    0xc0, 0x0, 0x3f, 0xff, 0xff, 0xff, 0xff, 0xff,
    0xff, 0xfe, 0x0, 0x0, 0xff, 0xff, 0xff, 0xff,
    0xff, 0xff, 0xff, 0xe0, 0x0, 0x1, 0xff, 0xff,
    0xff, 0xff, 0xff, 0xff, 0xfe, 0x0, 0x0, 0x1,
    0xff, 0xff, 0xff, 0xff, 0xff, 0xff, 0xe0, 0x0,

    /* U+0068 "h" */
    0x0, 0x7, 0xff, 0xf8, 0x0, 0x0, 0x0, 0x7f,
    0xff, 0x0, 0x1, 0xff, 0xff, 0x80, 0x0, 0x0,
    0x3f, 0xff, 0xf8, 0x0, 0x7f, 0xff, 0xf8, 0x0,
    0x0, 0x7, 0xff, 0xff, 0x0, 0xf, 0xff, 0xff,
    0x0, 0x0, 0x1, 0xff, 0xff, 0xe0, 0x3, 0xff,
    0xff, 0xe0, 0x0, 0x0, 0x3f, 0xff, 0xfc, 0x0,
    0x7f, 0xff, 0xfc, 0x0, 0x0, 0x7, 0xff, 0xff,
    0x80, 0xf, 0xff, 0xff, 0x0, 0x0, 0x0, 0xff,
    0xff, 0xf0, 0x1, 0xff, 0xff, 0xe0, 0x0, 0x0,
    0x3f, 0xff, 0xfe, 0x0, 0x3f, 0xff, 0xfc, 0x0,
    0x0, 0x7, 0xff, 0xff, 0x80, 0xf, 0xff, 0xff,
    0x80, 0x0, 0x0, 0xff, 0xff, 0xf0, 0x1, 0xff,
    0xff, 0xf0, 0x0, 0x0, 0x1f, 0xff, 0xfe, 0x0,
    0x3f, 0xff, 0xfc, 0x0, 0x0, 0x3, 0xff, 0xff,
    0xc0, 0x7, 0xff, 0xff, 0x80, 0x0, 0x0, 0xff,
    0xff, 0xf8, 0x0, 0xff, 0xff, 0xf0, 0x0, 0x0,
    0x1f, 0xff, 0xff, 0x0, 0x1f, 0xff, 0xfe, 0x0,
    0x0, 0x3, 0xff, 0xff, 0xc0, 0x7, 0xff, 0xff,
    0xc0, 0x0, 0x0, 0x7f, 0xff, 0xf8, 0x0, 0xff,
    0xff, 0xf8, 0x0, 0x0, 0xf, 0xff, 0xff, 0x0,
    0x1f, 0xff, 0xfe, 0x0, 0x0, 0x1, 0xff, 0xff,
    0xe0, 0x3, 0xff, 0xff, 0xc0, 0x0, 0x0, 0x7f,
    0xff, 0xfc, 0x0, 0x7f, 0xff, 0xf8, 0x0, 0x0,
    0xf, 0xff, 0xff, 0x0, 0xf, 0xff, 0xff, 0x0,
    0x0, 0x1, 0xff, 0xff, 0xe0, 0x3, 0xff, 0xff,
    0xe0, 0x0, 0x0, 0x3f, 0xff, 0xfc, 0x0, 0x7f,
    0xff, 0xf8, 0x0, 0x0, 0x7, 0xff, 0xff, 0x80,
    0xf, 0xff, 0xff, 0x0, 0x0, 0x1, 0xff, 0xff,
    0xf0, 0x1, 0xff, 0xff, 0xff, 0xff, 0xff, 0xff,
    0xff, 0xfe, 0x0, 0x3f, 0xff, 0xff, 0xff, 0xff,
    0xff, 0xff, 0xff, 0x80, 0xf, 0xff, 0xff, 0xff,
    0xff, 0xff, 0xff, 0xff, 0xf0, 0x1, 0xff, 0xff,
    0xff, 0xff, 0xff, 0xff, 0xff, 0xfe, 0x0, 0x3f,
    0xff, 0xff, 0xff, 0xff, 0xff, 0xff, 0xff, 0xc0,
    0x7, 0xff, 0xff, 0xff, 0xff, 0xff, 0xff, 0xff,
    0xf8, 0x0, 0xff, 0xff, 0xff, 0xff, 0xff, 0xff,
    0xff, 0xfe, 0x0, 0x1f, 0xff, 0xff, 0xff, 0xff,
    0xff, 0xff, 0xff, 0xc0, 0x7, 0xff, 0xff, 0xff,
    0xff, 0xff, 0xff, 0xff, 0xf8, 0x0, 0xff, 0xff,
    0xff, 0xff, 0xff, 0xff, 0xff, 0xff, 0x0, 0x1f,
    0xff, 0xff, 0xff, 0xff, 0xff, 0xff, 0xff, 0xe0,
    0x3, 0xff, 0xff, 0xff, 0xff, 0xff, 0xff, 0xff,
    0xfc, 0x0, 0x7f, 0xff, 0xff, 0xff, 0xff, 0xff,
    0xff, 0xff, 0x0, 0x1f, 0xff, 0xff, 0xff, 0xff,
    0xff, 0xff, 0xff, 0xe0, 0x3, 0xff, 0xff, 0xff,
    0xff, 0xff, 0xff, 0xff, 0xfc, 0x0, 0x7f, 0xff,
    0xff, 0xff, 0xff, 0xff, 0xff, 0xff, 0x80, 0xf,
    0xff, 0xff, 0x0, 0x0, 0x1, 0xff, 0xff, 0xf0,
    0x1, 0xff, 0xff, 0xe0, 0x0, 0x0, 0x3f, 0xff,
    0xfc, 0x0, 0x3f, 0xff, 0xfc, 0x0, 0x0, 0x7,
    0xff, 0xff, 0x80, 0xf, 0xff, 0xff, 0x80, 0x0,
    0x0, 0xff, 0xff, 0xf0, 0x1, 0xff, 0xff, 0xe0,
    0x0, 0x0, 0x1f, 0xff, 0xfe, 0x0, 0x3f, 0xff,
    0xfc, 0x0, 0x0, 0x7, 0xff, 0xff, 0xc0, 0x7,
    0xff, 0xff, 0x80, 0x0, 0x0, 0xff, 0xff, 0xf8,
    0x0, 0xff, 0xff, 0xf0, 0x0, 0x0, 0x1f, 0xff,
    0xfe, 0x0, 0x3f, 0xff, 0xfe, 0x0, 0x0, 0x3,
    0xff, 0xff, 0xc0, 0x7, 0xff, 0xff, 0x80, 0x0,
    0x0, 0x7f, 0xff, 0xf8, 0x0, 0xff, 0xff, 0xf0,
    0x0, 0x0, 0xf, 0xff, 0xff, 0x0, 0x1f, 0xff,
    0xfe, 0x0, 0x0, 0x3, 0xff, 0xff, 0xe0, 0x3,
    0xff, 0xff, 0xc0, 0x0, 0x0, 0x7f, 0xff, 0xf8,
    0x0, 0x7f, 0xff, 0xf8, 0x0, 0x0, 0xf, 0xff,
    0xff, 0x0, 0x1f, 0xff, 0xff, 0x0, 0x0, 0x1,
    0xff, 0xff, 0xe0, 0x3, 0xff, 0xff, 0xc0, 0x0,
    0x0, 0x3f, 0xff, 0xfc, 0x0, 0x7f, 0xff, 0xf8,
    0x0, 0x0, 0xf, 0xff, 0xff, 0x80, 0xf, 0xff,
    0xff, 0x0, 0x0, 0x1, 0xff, 0xff, 0xf0, 0x1,
    0xff, 0xff, 0xe0, 0x0, 0x0, 0x3f, 0xff, 0xfc,
    0x0, 0x7f, 0xff, 0xfc, 0x0, 0x0, 0x7, 0xff,
    0xff, 0x80, 0xf, 0xff, 0xff, 0x0, 0x0, 0x0,
    0xff, 0xff, 0xf0, 0x1, 0xff, 0xff, 0xe0, 0x0,
    0x0, 0x1f, 0xff, 0xfe, 0x0, 0x1f, 0xff, 0xf8,
    0x0, 0x0, 0x3, 0xff, 0xff, 0x80, 0x1, 0xff,
    0xfe, 0x0, 0x0, 0x0, 0x1f, 0xff, 0xc0, 0x0,

    /* U+0069 "i" */
    0x0, 0x7, 0xff, 0xf8, 0x0, 0x1f, 0xff, 0xf8,
    0x0, 0x7f, 0xff, 0xf8, 0x0, 0xff, 0xff, 0xf0,
    0x3, 0xff, 0xff, 0xe0, 0x7, 0xff, 0xff, 0x80,
    0xf, 0xff, 0xff, 0x0, 0x1f, 0xff, 0xfe, 0x0,
    0x3f, 0xff, 0xfc, 0x0, 0xff, 0xff, 0xf8, 0x1,
    0xff, 0xff, 0xf0, 0x3, 0xff, 0xff, 0xc0, 0x7,
    0xff, 0xff, 0x80, 0xf, 0xff, 0xff, 0x0, 0x1f,
    0xff, 0xfe, 0x0, 0x7f, 0xff, 0xfc, 0x0, 0xff,
    0xff, 0xf0, 0x1, 0xff, 0xff, 0xe0, 0x3, 0xff,
    0xff, 0xc0, 0x7, 0xff, 0xff, 0x80, 0xf, 0xff,
    0xff, 0x0, 0x3f, 0xff, 0xfe, 0x0, 0x7f, 0xff,
    0xf8, 0x0, 0xff, 0xff, 0xf0, 0x1, 0xff, 0xff,
    0xe0, 0x3, 0xff, 0xff, 0xc0, 0xf, 0xff, 0xff,
    0x80, 0x1f, 0xff, 0xfe, 0x0, 0x3f, 0xff, 0xfc,
    0x0, 0x7f, 0xff, 0xf8, 0x0, 0xff, 0xff, 0xf0,
    0x1, 0xff, 0xff, 0xe0, 0x7, 0xff, 0xff, 0xc0,
    0xf, 0xff, 0xff, 0x0, 0x1f, 0xff, 0xfe, 0x0,
    0x3f, 0xff, 0xfc, 0x0, 0x7f, 0xff, 0xf8, 0x1,
    0xff, 0xff, 0xf0, 0x3, 0xff, 0xff, 0xe0, 0x7,
    0xff, 0xff, 0x80, 0xf, 0xff, 0xff, 0x0, 0x1f,
    0xff, 0xfe, 0x0, 0x3f, 0xff, 0xfc, 0x0, 0xff,
    0xff, 0xf8, 0x1, 0xff, 0xff, 0xe0, 0x3, 0xff,
    0xff, 0xc0, 0x7, 0xff, 0xff, 0x80, 0xf, 0xff,
    0xff, 0x0, 0x3f, 0xff, 0xfe, 0x0, 0x7f, 0xff,
    0xfc, 0x0, 0xff, 0xff, 0xf0, 0x1, 0xff, 0xff,
    0xe0, 0x3, 0xff, 0xff, 0xc0, 0x7, 0xff, 0xff,
    0x80, 0x1f, 0xff, 0xff, 0x0, 0x3f, 0xff, 0xfc,
    0x0, 0x7f, 0xff, 0xf8, 0x0, 0xff, 0xff, 0xf0,
    0x1, 0xff, 0xff, 0xe0, 0x7, 0xff, 0xff, 0xc0,
    0xf, 0xff, 0xff, 0x0, 0x1f, 0xff, 0xfe, 0x0,
    0x1f, 0xff, 0xf8, 0x0, 0x1f, 0xff, 0xe0, 0x0,

    /* U+006A "j" */
    0x0, 0x0, 0x0, 0x0, 0x0, 0x0, 0xff, 0xfe,
    0x0, 0x0, 0x0, 0x0, 0x0, 0x1, 0xff, 0xff,
    0x80, 0x0, 0x0, 0x0, 0x0, 0x1, 0xff, 0xff,
    0xe0, 0x0, 0x0, 0x0, 0x0, 0x0, 0xff, 0xff,
    0xf0, 0x0, 0x0, 0x0, 0x0, 0x0, 0x7f, 0xff,
    0xf8, 0x0, 0x0, 0x0, 0x0, 0x0, 0x3f, 0xff,
    0xfc, 0x0, 0x0, 0x0, 0x0, 0x0, 0x3f, 0xff,
    0xfe, 0x0, 0x0, 0x0, 0x0, 0x0, 0x1f, 0xff,
    0xfe, 0x0, 0x0, 0x0, 0x0, 0x0, 0xf, 0xff,
    0xff, 0x0, 0x0, 0x0, 0x0, 0x0, 0x7, 0xff,
    0xff, 0x80, 0x0, 0x0, 0x0, 0x0, 0x3, 0xff,
    0xff, 0xc0, 0x0, 0x0, 0x0, 0x0, 0x3, 0xff,
    0xff, 0xe0, 0x0, 0x0, 0x0, 0x0, 0x1, 0xff,
    0xff, 0xf0, 0x0, 0x0, 0x0, 0x0, 0x0, 0xff,
    0xff, 0xf0, 0x0, 0x0, 0x0, 0x0, 0x0, 0x7f,
    0xff, 0xf8, 0x0, 0x0, 0x0, 0x0, 0x0, 0x3f,
    0xff, 0xfc, 0x0, 0x0, 0x0, 0x0, 0x0, 0x1f,
    0xff, 0xfe, 0x0, 0x0, 0x0, 0x0, 0x0, 0x1f,
    0xff, 0xff, 0x0, 0x0, 0x0, 0x0, 0x0, 0xf,
    0xff, 0xff, 0x0, 0x0, 0x0, 0x0, 0x0, 0x7,
    0xff, 0xff, 0x80, 0x0, 0x0, 0x0, 0x0, 0x3,
    0xff, 0xff, 0xc0, 0x0, 0x0, 0x0, 0x0, 0x1,
    0xff, 0xff, 0xe0, 0x0, 0x0, 0x0, 0x0, 0x0,
    0xff, 0xff, 0xf0, 0x0, 0x0, 0x0, 0x0, 0x0,
    0xff, 0xff, 0xf8, 0x0, 0x0, 0x0, 0x0, 0x0,
    0x7f, 0xff, 0xf8, 0x0, 0x0, 0x0, 0x0, 0x0,
    0x3f, 0xff, 0xfc, 0x0, 0x0, 0x0, 0x0, 0x0,
    0x1f, 0xff, 0xfe, 0x0, 0x0, 0x0, 0x0, 0x0,
    0xf, 0xff, 0xff, 0x0, 0x0, 0x0, 0x0, 0x0,
    0xf, 0xff, 0xff, 0x80, 0x0, 0x0, 0x0, 0x0,
    0x7, 0xff, 0xff, 0x80, 0x0, 0x0, 0x0, 0x0,
    0x3, 0xff, 0xff, 0xc0, 0x0, 0x0, 0x0, 0x0,
    0x1, 0xff, 0xff, 0xe0, 0x0, 0x0, 0x0, 0x0,
    0x0, 0xff, 0xff, 0xf0, 0x0, 0x0, 0x0, 0x0,
    0x0, 0x7f, 0xff, 0xf8, 0x0, 0x0, 0x0, 0x0,
    0x0, 0x7f, 0xff, 0xf8, 0x0, 0x0, 0x0, 0x0,
    0x0, 0x3f, 0xff, 0xfc, 0x0, 0x0, 0x0, 0x0,
    0x0, 0x1f, 0xff, 0xfe, 0x0, 0x0, 0x0, 0x0,
    0x0, 0xf, 0xff, 0xff, 0x0, 0x0, 0x0, 0x0,
    0x0, 0x7, 0xff, 0xff, 0x80, 0x0, 0x0, 0x0,
    0x0, 0x7, 0xff, 0xff, 0xc0, 0x0, 0x0, 0x0,
    0x0, 0x3, 0xff, 0xff, 0xc0, 0x0, 0x0, 0x0,
    0x0, 0x1, 0xff, 0xff, 0xe0, 0x0, 0x0, 0x0,
    0x0, 0x0, 0xff, 0xff, 0xf0, 0x0, 0x0, 0x0,
    0x0, 0x0, 0x7f, 0xff, 0xf8, 0x0, 0x0, 0x0,
    0x0, 0x0, 0x3f, 0xff, 0xfc, 0x0, 0x0, 0x0,
    0x0, 0x0, 0x3f, 0xff, 0xfc, 0x0, 0x0, 0x0,
    0x0, 0x0, 0x1f, 0xff, 0xfe, 0x0, 0x1f, 0xff,
    0xff, 0xff, 0xff, 0xff, 0xff, 0x0, 0x1f, 0xff,
    0xff, 0xff, 0xff, 0xff, 0xff, 0x80, 0x1f, 0xff,
    0xff, 0xff, 0xff, 0xff, 0xff, 0xc0, 0xf, 0xff,
    0xff, 0xff, 0xff, 0xff, 0xff, 0xc0, 0x7, 0xff,
    0xff, 0xff, 0xff, 0xff, 0xff, 0xe0, 0x7, 0xff,
    0xff, 0xff, 0xff, 0xff, 0xff, 0xe0, 0x3, 0xff,
    0xff, 0xff, 0xff, 0xff, 0xff, 0xf0, 0x1, 0xff,
    0xff, 0xff, 0xff, 0xff, 0xff, 0xf0, 0x0, 0xff,
    0xff, 0xff, 0xff, 0xff, 0xff, 0xf0, 0x0, 0x7f,
    0xff, 0xff, 0xff, 0xff, 0xff, 0xf8, 0x0, 0x7f,
    0xff, 0xff, 0xff, 0xff, 0xff, 0xf8, 0x0, 0x3f,
    0xff, 0xff, 0xff, 0xff, 0xff, 0xf8, 0x0, 0x1f,
    0xff, 0xff, 0xff, 0xff, 0xff, 0xf0, 0x0, 0xf,
    0xff, 0xff, 0xff, 0xff, 0xff, 0xf0, 0x0, 0x7,
    0xff, 0xff, 0xff, 0xff, 0xff, 0xe0, 0x0, 0x3,
    0xff, 0xff, 0xff, 0xff, 0xff, 0xc0, 0x0, 0x0,
    0x7f, 0xff, 0xff, 0xff, 0xff, 0x0, 0x0, 0x0,

    /* U+006B "k" */
    0x0, 0x7, 0xff, 0xf8, 0x0, 0x0, 0x3, 0xff,
    0xff, 0xe0, 0x0, 0x7f, 0xff, 0xe0, 0x0, 0x0,
    0x7f, 0xff, 0xff, 0x80, 0x7, 0xff, 0xff, 0x80,
    0x0, 0x7, 0xff, 0xff, 0xfc, 0x0, 0x3f, 0xff,
    0xfc, 0x0, 0x0, 0x7f, 0xff, 0xff, 0xc0, 0x3,
    0xff, 0xff, 0xe0, 0x0, 0x7, 0xff, 0xff, 0xfc,
    0x0, 0x1f, 0xff, 0xfe, 0x0, 0x0, 0x7f, 0xff,
    0xff, 0xc0, 0x0, 0xff, 0xff, 0xf0, 0x0, 0x7,
    0xff, 0xff, 0xfc, 0x0, 0x7, 0xff, 0xff, 0x80,
    0x0, 0x7f, 0xff, 0xff, 0xc0, 0x0, 0x3f, 0xff,
    0xfc, 0x0, 0x7, 0xff, 0xff, 0xfc, 0x0, 0x1,
    0xff, 0xff, 0xe0, 0x0, 0x7f, 0xff, 0xff, 0xc0,
    0x0, 0x1f, 0xff, 0xff, 0x0, 0x7, 0xff, 0xff,
    0xfc, 0x0, 0x0, 0xff, 0xff, 0xf0, 0x0, 0x7f,
    0xff, 0xff, 0xc0, 0x0, 0x7, 0xff, 0xff, 0x80,
    0x7, 0xff, 0xff, 0xfc, 0x0, 0x0, 0x3f, 0xff,
    0xfc, 0x0, 0x7f, 0xff, 0xff, 0xc0, 0x0, 0x1,
    0xff, 0xff, 0xe0, 0x7, 0xff, 0xff, 0xfc, 0x0,
    0x0, 0x1f, 0xff, 0xff, 0x0, 0xff, 0xff, 0xff,
    0xc0, 0x0, 0x0, 0xff, 0xff, 0xf0, 0xf, 0xff,
    0xff, 0xf8, 0x0, 0x0, 0x7, 0xff, 0xff, 0x80,
    0xff, 0xff, 0xff, 0x80, 0x0, 0x0, 0x3f, 0xff,
    0xfc, 0xf, 0xff, 0xff, 0xf8, 0x0, 0x0, 0x1,
    0xff, 0xff, 0xe0, 0xff, 0xff, 0xff, 0x80, 0x0,
    0x0, 0xf, 0xff, 0xff, 0xf, 0xff, 0xff, 0xf8,
    0x0, 0x0, 0x0, 0xff, 0xff, 0xf8, 0xff, 0xff,
    0xff, 0x80, 0x0, 0x0, 0x7, 0xff, 0xff, 0x8f,
    0xff, 0xff, 0xf8, 0x0, 0x0, 0x0, 0x3f, 0xff,
    0xfc, 0xff, 0xff, 0xff, 0x80, 0x0, 0x0, 0x1,
    0xff, 0xff, 0xef, 0xff, 0xff, 0xf8, 0x0, 0x0,
    0x0, 0xf, 0xff, 0xff, 0xff, 0xff, 0xff, 0x80,
    0x0, 0x0, 0x0, 0xff, 0xff, 0xff, 0xff, 0xff,
    0xf8, 0x0, 0x0, 0x0, 0x7, 0xff, 0xff, 0xff,
    0xff, 0xff, 0x80, 0x0, 0x0, 0x0, 0x3f, 0xff,
    0xff, 0xff, 0xff, 0xf8, 0x0, 0x0, 0x0, 0x1,
    0xff, 0xff, 0xff, 0xff, 0xff, 0x80, 0x0, 0x0,
    0x0, 0xf, 0xff, 0xff, 0xff, 0xff, 0xf8, 0x0,
    0x0, 0x0, 0x0, 0x7f, 0xff, 0xff, 0xff, 0xff,
    0x80, 0x0, 0x0, 0x0, 0x7, 0xff, 0xff, 0xff,
    0xff, 0xf8, 0x0, 0x0, 0x0, 0x0, 0x3f, 0xff,
    0xff, 0xff, 0xff, 0xe0, 0x0, 0x0, 0x0, 0x1,
    0xff, 0xff, 0xff, 0xff, 0xff, 0x80, 0x0, 0x0,
    0x0, 0xf, 0xff, 0xff, 0xff, 0xff, 0xfc, 0x0,
    0x0, 0x0, 0x0, 0x7f, 0xff, 0xff, 0xff, 0xff,
    0xf0, 0x0, 0x0, 0x0, 0x7, 0xff, 0xff, 0xff,
    0xff, 0xff, 0xc0, 0x0, 0x0, 0x0, 0x3f, 0xff,
    0xff, 0xff, 0xff, 0xfe, 0x0, 0x0, 0x0, 0x1,
    0xff, 0xff, 0xff, 0xff, 0xff, 0xf8, 0x0, 0x0,
    0x0, 0xf, 0xff, 0xff, 0xff, 0xff, 0xff, 0xe0,
    0x0, 0x0, 0x0, 0x7f, 0xff, 0xff, 0xff, 0xff,
    0xff, 0x0, 0x0, 0x0, 0x3, 0xff, 0xff, 0xff,
    0xff, 0xff, 0xfc, 0x0, 0x0, 0x0, 0x3f, 0xff,
    0xff, 0xff, 0xff, 0xff, 0xf0, 0x0, 0x0, 0x1,
    0xff, 0xff, 0xff, 0xff, 0xff, 0xff, 0xc0, 0x0,
    0x0, 0xf, 0xff, 0xff, 0xff, 0xff, 0xff, 0xfe,
    0x0, 0x0, 0x0, 0x7f, 0xff, 0xff, 0xff, 0xff,
    0xff, 0xf8, 0x0, 0x0, 0x3, 0xff, 0xff, 0xff,
    0x3f, 0xff, 0xff, 0xe0, 0x0, 0x0, 0x3f, 0xff,
    0xff, 0xf0, 0xff, 0xff, 0xff, 0x0, 0x0, 0x1,
    0xff, 0xff, 0xff, 0x7, 0xff, 0xff, 0xfc, 0x0,
    0x0, 0xf, 0xff, 0xff, 0xf0, 0x1f, 0xff, 0xff,
    0xf0, 0x0, 0x0, 0x7f, 0xff, 0xff, 0x0, 0x7f,
    0xff, 0xff, 0x80, 0x0, 0x3, 0xff, 0xff, 0xf0,
    0x3, 0xff, 0xff, 0xfe, 0x0, 0x0, 0x1f, 0xff,
    0xff, 0x0, 0xf, 0xff, 0xff, 0xf8, 0x0, 0x1,
    0xff, 0xff, 0xf0, 0x0, 0x3f, 0xff, 0xff, 0xc0,
    0x0, 0xf, 0xff, 0xff, 0x0, 0x1, 0xff, 0xff,
    0xff, 0x0, 0x0, 0x7f, 0xff, 0xf8, 0x0, 0x7,
    0xff, 0xff, 0xfc, 0x0, 0x3, 0xff, 0xff, 0xc0,
    0x0, 0x1f, 0xff, 0xff, 0xe0, 0x0, 0x1f, 0xff,
    0xfe, 0x0, 0x0, 0xff, 0xff, 0xff, 0x80, 0x1,
    0xff, 0xff, 0xf0, 0x0, 0x3, 0xff, 0xff, 0xfe,
    0x0, 0xf, 0xff, 0xff, 0x0, 0x0, 0xf, 0xff,
    0xff, 0xf0, 0x0, 0x7f, 0xff, 0xf8, 0x0, 0x0,
    0x7f, 0xff, 0xff, 0xc0, 0x1, 0xff, 0xff, 0x80,
    0x0, 0x1, 0xff, 0xff, 0xfe, 0x0, 0x7, 0xff,
    0xf8, 0x0, 0x0, 0x7, 0xff, 0xff, 0xe0, 0x0,

    /* U+006C "l" */
    0x0, 0x7, 0xff, 0xf8, 0x0, 0x0, 0x0, 0x0,
    0x7, 0xff, 0xfe, 0x0, 0x0, 0x0, 0x0, 0x7,
    0xff, 0xff, 0x80, 0x0, 0x0, 0x0, 0x3, 0xff,
    0xff, 0xc0, 0x0, 0x0, 0x0, 0x3, 0xff, 0xff,
    0xe0, 0x0, 0x0, 0x0, 0x1, 0xff, 0xff, 0xe0,
    0x0, 0x0, 0x0, 0x0, 0xff, 0xff, 0xf0, 0x0,
    0x0, 0x0, 0x0, 0x7f, 0xff, 0xf8, 0x0, 0x0,
    0x0, 0x0, 0x3f, 0xff, 0xfc, 0x0, 0x0, 0x0,
    0x0, 0x1f, 0xff, 0xfe, 0x0, 0x0, 0x0, 0x0,
    0x1f, 0xff, 0xff, 0x0, 0x0, 0x0, 0x0, 0xf,
    0xff, 0xff, 0x0, 0x0, 0x0, 0x0, 0x7, 0xff,
    0xff, 0x80, 0x0, 0x0, 0x0, 0x3, 0xff, 0xff,
    0xc0, 0x0, 0x0, 0x0, 0x1, 0xff, 0xff, 0xe0,
    0x0, 0x0, 0x0, 0x1, 0xff, 0xff, 0xf0, 0x0,
    0x0, 0x0, 0x0, 0xff, 0xff, 0xf8, 0x0, 0x0,
    0x0, 0x0, 0x7f, 0xff, 0xf8, 0x0, 0x0, 0x0,
    0x0, 0x3f, 0xff, 0xfc, 0x0, 0x0, 0x0, 0x0,
    0x1f, 0xff, 0xfe, 0x0, 0x0, 0x0, 0x0, 0xf,
    0xff, 0xff, 0x0, 0x0, 0x0, 0x0, 0xf, 0xff,
    0xff, 0x80, 0x0, 0x0, 0x0, 0x7, 0xff, 0xff,
    0x80, 0x0, 0x0, 0x0, 0x3, 0xff, 0xff, 0xc0,
    0x0, 0x0, 0x0, 0x1, 0xff, 0xff, 0xe0, 0x0,
    0x0, 0x0, 0x0, 0xff, 0xff, 0xf0, 0x0, 0x0,
    0x0, 0x0, 0xff, 0xff, 0xf8, 0x0, 0x0, 0x0,
    0x0, 0x7f, 0xff, 0xfc, 0x0, 0x0, 0x0, 0x0,
    0x3f, 0xff, 0xfc, 0x0, 0x0, 0x0, 0x0, 0x1f,
    0xff, 0xfe, 0x0, 0x0, 0x0, 0x0, 0xf, 0xff,
    0xff, 0x0, 0x0, 0x0, 0x0, 0x7, 0xff, 0xff,
    0x80, 0x0, 0x0, 0x0, 0x7, 0xff, 0xff, 0xc0,
    0x0, 0x0, 0x0, 0x3, 0xff, 0xff, 0xc0, 0x0,
    0x0, 0x0, 0x1, 0xff, 0xff, 0xe0, 0x0, 0x0,
    0x0, 0x0, 0xff, 0xff, 0xf0, 0x0, 0x0, 0x0,
    0x0, 0x7f, 0xff, 0xf8, 0x0, 0x0, 0x0, 0x0,
    0x7f, 0xff, 0xfc, 0x0, 0x0, 0x0, 0x0, 0x3f,
    0xff, 0xfe, 0x0, 0x0, 0x0, 0x0, 0x1f, 0xff,
    0xfe, 0x0, 0x0, 0x0, 0x0, 0xf, 0xff, 0xff,
    0x0, 0x0, 0x0, 0x0, 0x7, 0xff, 0xff, 0x80,
    0x0, 0x0, 0x0, 0x3, 0xff, 0xff, 0xc0, 0x0,
    0x0, 0x0, 0x3, 0xff, 0xff, 0xe0, 0x0, 0x0,
    0x0, 0x1, 0xff, 0xff, 0xe0, 0x0, 0x0, 0x0,
    0x0, 0xff, 0xff, 0xf0, 0x0, 0x0, 0x0, 0x0,
    0x7f, 0xff, 0xf8, 0x0, 0x0, 0x0, 0x0, 0x3f,
    0xff, 0xff, 0xff, 0xff, 0xff, 0xfc, 0x3f, 0xff,
    0xff, 0xff, 0xff, 0xff, 0xff, 0x1f, 0xff, 0xff,
    0xff, 0xff, 0xff, 0xff, 0xcf, 0xff, 0xff, 0xff,
    0xff, 0xff, 0xff, 0xe7, 0xff, 0xff, 0xff, 0xff,
    0xff, 0xff, 0xf3, 0xff, 0xff, 0xff, 0xff, 0xff,
    0xff, 0xf9, 0xff, 0xff, 0xff, 0xff, 0xff, 0xff,
    0xf9, 0xff, 0xff, 0xff, 0xff, 0xff, 0xff, 0xfc,
    0xff, 0xff, 0xff, 0xff, 0xff, 0xff, 0xfe, 0x7f,
    0xff, 0xff, 0xff, 0xff, 0xff, 0xff, 0x3f, 0xff,
    0xff, 0xff, 0xff, 0xff, 0xff, 0x9f, 0xff, 0xff,
    0xff, 0xff, 0xff, 0xff, 0xdf, 0xff, 0xff, 0xff,
    0xff, 0xff, 0xff, 0xcf, 0xff, 0xff, 0xff, 0xff,
    0xff, 0xff, 0xe7, 0xff, 0xff, 0xff, 0xff, 0xff,
    0xff, 0xf1, 0xff, 0xff, 0xff, 0xff, 0xff, 0xff,
    0xf0, 0x7f, 0xff, 0xff, 0xff, 0xff, 0xff, 0xe0,

    /* U+006D "m" */
    0x0, 0x7, 0xff, 0xfe, 0x0, 0x0, 0x0, 0x0,
    0x0, 0xff, 0xff, 0xc0, 0x0, 0xff, 0xff, 0xf0,
    0x0, 0x0, 0x0, 0x0, 0x1f, 0xff, 0xfe, 0x0,
    0x1f, 0xff, 0xff, 0x80, 0x0, 0x0, 0x0, 0x3,
    0xff, 0xff, 0xe0, 0x1, 0xff, 0xff, 0xf8, 0x0,
    0x0, 0x0, 0x0, 0x7f, 0xff, 0xfe, 0x0, 0x3f,
    0xff, 0xff, 0x80, 0x0, 0x0, 0x0, 0x7, 0xff,
    0xff, 0xe0, 0x3, 0xff, 0xff, 0xf8, 0x0, 0x0,
    0x0, 0x0, 0xff, 0xff, 0xfe, 0x0, 0x3f, 0xff,
    0xff, 0xc0, 0x0, 0x0, 0x0, 0x1f, 0xff, 0xff,
    0xe0, 0x3, 0xff, 0xff, 0xfc, 0x0, 0x0, 0x0,
    0x1, 0xff, 0xff, 0xfe, 0x0, 0x3f, 0xff, 0xff,
    0xc0, 0x0, 0x0, 0x0, 0x3f, 0xff, 0xff, 0xe0,
    0x7, 0xff, 0xff, 0xfc, 0x0, 0x0, 0x0, 0x7,
    0xff, 0xff, 0xfc, 0x0, 0x7f, 0xff, 0xff, 0xe0,
    0x0, 0x0, 0x0, 0xff, 0xff, 0xff, 0xc0, 0x7,
    0xff, 0xff, 0xfe, 0x0, 0x0, 0x0, 0xf, 0xff,
    0xff, 0xfc, 0x0, 0x7f, 0xff, 0xff, 0xe0, 0x0,
    0x0, 0x1, 0xff, 0xff, 0xff, 0xc0, 0x7, 0xff,
    0xff, 0xff, 0x0, 0x0, 0x0, 0x3f, 0xff, 0xff,
    0xfc, 0x0, 0x7f, 0xff, 0xff, 0xf0, 0x0, 0x0,
    0x3, 0xff, 0xff, 0xff, 0xc0, 0xf, 0xff, 0xff,
    0xff, 0x0, 0x0, 0x0, 0x7f, 0xff, 0xff, 0xf8,
    0x0, 0xff, 0xff, 0xff, 0xf0, 0x0, 0x0, 0xf,
    0xff, 0xff, 0xff, 0x80, 0xf, 0xff, 0xff, 0xff,
    0x80, 0x0, 0x0, 0xff, 0xff, 0xff, 0xf8, 0x0,
    0xff, 0xff, 0xff, 0xf8, 0x0, 0x0, 0x1f, 0xff,
    0xff, 0xff, 0x80, 0xf, 0xff, 0xff, 0xff, 0x80,
    0x0, 0x3, 0xff, 0xff, 0xff, 0xf8, 0x0, 0xff,
    0xff, 0xff, 0xfc, 0x0, 0x0, 0x3f, 0xff, 0xff,
    0xff, 0x0, 0x1f, 0xff, 0xff, 0xff, 0xc0, 0x0,
    0x7, 0xff, 0xff, 0xff, 0xf0, 0x1, 0xff, 0xff,
    0xff, 0xfc, 0x0, 0x0, 0xff, 0xff, 0xff, 0xff,
    0x0, 0x1f, 0xff, 0xff, 0xff, 0xc0, 0x0, 0xf,
    0xff, 0xff, 0xff, 0xf0, 0x1, 0xff, 0xff, 0xff,
    0xfe, 0x0, 0x1, 0xff, 0xff, 0xff, 0xff, 0x0,
    0x1f, 0xff, 0xff, 0xff, 0xe0, 0x0, 0x3f, 0xff,
    0xff, 0xff, 0xf0, 0x3, 0xff, 0xff, 0xff, 0xfe,
    0x0, 0x3, 0xff, 0xff, 0xff, 0xfe, 0x0, 0x3f,
    0xff, 0xff, 0xff, 0xe0, 0x0, 0x7f, 0xff, 0xff,
    0xff, 0xe0, 0x3, 0xff, 0xff, 0xff, 0xff, 0x0,
    0xf, 0xff, 0xff, 0xff, 0xfe, 0x0, 0x3f, 0xff,
    0xff, 0xff, 0xf0, 0x0, 0xff, 0xff, 0xff, 0xff,
    0xe0, 0x3, 0xff, 0xff, 0xff, 0xff, 0x0, 0x1f,
    0xff, 0xff, 0xff, 0xfe, 0x0, 0x3f, 0xff, 0xff,
    0xff, 0xf8, 0x3, 0xff, 0xff, 0xff, 0xff, 0xc0,
    0x7, 0xff, 0xff, 0xff, 0xff, 0x80, 0x3f, 0xff,
    0xff, 0xff, 0xfc, 0x0, 0x7f, 0xff, 0xff, 0xff,
    0xf8, 0x7, 0xff, 0xff, 0xff, 0xff, 0xc0, 0x7,
    0xff, 0xff, 0xff, 0xff, 0x80, 0xff, 0xff, 0xff,
    0xff, 0xfc, 0x0, 0x7f, 0xff, 0xff, 0xff, 0xfc,
    0xf, 0xff, 0xff, 0xff, 0xff, 0xc0, 0x7, 0xff,
    0xff, 0xff, 0xff, 0xc1, 0xff, 0xff, 0xff, 0xff,
    0xfc, 0x0, 0xff, 0xff, 0xff, 0xff, 0xfc, 0x3f,
    0xff, 0xff, 0xff, 0xff, 0x80, 0xf, 0xff, 0xff,
    0xff, 0xff, 0xe3, 0xff, 0xff, 0xff, 0xff, 0xf8,
    0x0, 0xff, 0xff, 0xff, 0xff, 0xfe, 0x7f, 0xff,
    0xff, 0xff, 0xff, 0x80, 0xf, 0xff, 0xff, 0xff,
    0xff, 0xef, 0xff, 0xff, 0xff, 0xff, 0xf8, 0x0,
    0xff, 0xff, 0xff, 0xff, 0xfe, 0xff, 0xff, 0xff,
    0xff, 0xff, 0x80, 0xf, 0xff, 0xfe, 0xff, 0xff,
    0xff, 0xff, 0xff, 0x7f, 0xff, 0xf0, 0x1, 0xff,
    0xff, 0xcf, 0xff, 0xff, 0xff, 0xff, 0xf7, 0xff,
    0xff, 0x0, 0x1f, 0xff, 0xfc, 0xff, 0xff, 0xff,
    0xff, 0xfe, 0x7f, 0xff, 0xf0, 0x1, 0xff, 0xff,
    0xc7, 0xff, 0xff, 0xff, 0xff, 0xc7, 0xff, 0xff,
    0x0, 0x1f, 0xff, 0xfc, 0x7f, 0xff, 0xff, 0xff,
    0xfc, 0x7f, 0xff, 0xf0, 0x1, 0xff, 0xff, 0xc7,
    0xff, 0xff, 0xff, 0xff, 0x8f, 0xff, 0xff, 0x0,
    0x3f, 0xff, 0xfc, 0x3f, 0xff, 0xff, 0xff, 0xf0,
    0xff, 0xff, 0xe0, 0x3, 0xff, 0xff, 0x83, 0xff,
    0xff, 0xff, 0xff, 0xf, 0xff, 0xfe, 0x0, 0x3f,
    0xff, 0xf8, 0x3f, 0xff, 0xff, 0xff, 0xe0, 0xff,
    0xff, 0xe0, 0x3, 0xff, 0xff, 0x83, 0xff, 0xff,
    0xff, 0xfc, 0xf, 0xff, 0xfe, 0x0, 0x3f, 0xff,
    0xf8, 0x1f, 0xff, 0xff, 0xff, 0xc0, 0xff, 0xff,
    0xe0, 0x3, 0xff, 0xff, 0x81, 0xff, 0xff, 0xff,
    0xf8, 0x1f, 0xff, 0xfc, 0x0, 0x7f, 0xff, 0xf0,
    0x1f, 0xff, 0xff, 0xff, 0x1, 0xff, 0xff, 0xc0,
    0x7, 0xff, 0xff, 0x0, 0xff, 0xff, 0xff, 0xf0,
    0x1f, 0xff, 0xfc, 0x0, 0x7f, 0xff, 0xf0, 0xf,
    0xff, 0xff, 0xfe, 0x1, 0xff, 0xff, 0xc0, 0x7,
    0xff, 0xff, 0x0, 0xff, 0xff, 0xff, 0xc0, 0x1f,
    0xff, 0xfc, 0x0, 0x7f, 0xff, 0xf0, 0x7, 0xff,
    0xff, 0xfc, 0x3, 0xff, 0xff, 0xc0, 0xf, 0xff,
    0xff, 0x0, 0x7f, 0xff, 0xff, 0x80, 0x3f, 0xff,
    0xf8, 0x0, 0xff, 0xff, 0xe0, 0x7, 0xff, 0xff,
    0xf0, 0x3, 0xff, 0xff, 0x80, 0xf, 0xff, 0xfe,
    0x0, 0x3f, 0xff, 0xff, 0x0, 0x3f, 0xff, 0xf8,
    0x0, 0x7f, 0xff, 0xc0, 0x3, 0xff, 0xff, 0xe0,
    0x1, 0xff, 0xff, 0x0, 0x3, 0xff, 0xf8, 0x0,
    0x1f, 0xff, 0xf8, 0x0, 0xf, 0xff, 0xe0, 0x0,

    /* U+006E "n" */
    0x0, 0x7, 0xff, 0xff, 0x0, 0x0, 0x0, 0xf,
    0xff, 0xe0, 0x0, 0x7f, 0xff, 0xfc, 0x0, 0x0,
    0x1, 0xff, 0xff, 0x80, 0x7, 0xff, 0xff, 0xf0,
    0x0, 0x0, 0x1f, 0xff, 0xfe, 0x0, 0x3f, 0xff,
    0xff, 0x80, 0x0, 0x0, 0xff, 0xff, 0xf0, 0x3,
    0xff, 0xff, 0xfe, 0x0, 0x0, 0x7, 0xff, 0xff,
    0x80, 0x1f, 0xff, 0xff, 0xf8, 0x0, 0x0, 0x3f,
    0xff, 0xfc, 0x0, 0xff, 0xff, 0xff, 0xc0, 0x0,
    0x3, 0xff, 0xff, 0xe0, 0x7, 0xff, 0xff, 0xff,
    0x0, 0x0, 0x1f, 0xff, 0xfe, 0x0, 0x3f, 0xff,
    0xff, 0xf8, 0x0, 0x0, 0xff, 0xff, 0xf0, 0x3,
    0xff, 0xff, 0xff, 0xe0, 0x0, 0x7, 0xff, 0xff,
    0x80, 0x1f, 0xff, 0xff, 0xff, 0x0, 0x0, 0x3f,
    0xff, 0xfc, 0x0, 0xff, 0xff, 0xff, 0xfc, 0x0,
    0x1, 0xff, 0xff, 0xe0, 0x7, 0xff, 0xff, 0xff,
    0xe0, 0x0, 0x1f, 0xff, 0xfe, 0x0, 0x3f, 0xff,
    0xff, 0xff, 0x80, 0x0, 0xff, 0xff, 0xf0, 0x3,
    0xff, 0xff, 0xff, 0xfe, 0x0, 0x7, 0xff, 0xff,
    0x80, 0x1f, 0xff, 0xff, 0xff, 0xf0, 0x0, 0x3f,
    0xff, 0xfc, 0x0, 0xff, 0xff, 0xff, 0xff, 0xc0,
    0x1, 0xff, 0xff, 0xe0, 0x7, 0xff, 0xff, 0xff,
    0xfe, 0x0, 0x1f, 0xff, 0xff, 0x0, 0x3f, 0xff,
    0xff, 0xff, 0xf8, 0x0, 0xff, 0xff, 0xf0, 0x1,
    0xff, 0xff, 0xff, 0xff, 0xc0, 0x7, 0xff, 0xff,
    0x80, 0x1f, 0xff, 0xff, 0xff, 0xff, 0x0, 0x3f,
    0xff, 0xfc, 0x0, 0xff, 0xff, 0xff, 0xff, 0xfc,
    0x1, 0xff, 0xff, 0xe0, 0x7, 0xff, 0xff, 0xff,
    0xff, 0xe0, 0xf, 0xff, 0xff, 0x0, 0x3f, 0xff,
    0xff, 0xff, 0xff, 0x80, 0xff, 0xff, 0xf8, 0x1,
    0xff, 0xff, 0xff, 0xff, 0xfc, 0x7, 0xff, 0xff,
    0x80, 0xf, 0xff, 0xff, 0xff, 0xff, 0xf0, 0x3f,
    0xff, 0xfc, 0x0, 0xff, 0xff, 0xff, 0xff, 0xff,
    0x81, 0xff, 0xff, 0xe0, 0x7, 0xff, 0xff, 0xff,
    0xff, 0xfe, 0xf, 0xff, 0xff, 0x0, 0x3f, 0xff,
    0xfd, 0xff, 0xff, 0xf0, 0xff, 0xff, 0xf8, 0x1,
    0xff, 0xff, 0xef, 0xff, 0xff, 0xc7, 0xff, 0xff,
    0x80, 0xf, 0xff, 0xff, 0x3f, 0xff, 0xff, 0x3f,
    0xff, 0xfc, 0x0, 0xff, 0xff, 0xf9, 0xff, 0xff,
    0xf9, 0xff, 0xff, 0xe0, 0x7, 0xff, 0xff, 0x87,
    0xff, 0xff, 0xef, 0xff, 0xff, 0x0, 0x3f, 0xff,
    0xfc, 0x3f, 0xff, 0xff, 0xff, 0xff, 0xf8, 0x1,
    0xff, 0xff, 0xe0, 0xff, 0xff, 0xff, 0xff, 0xff,
    0xc0, 0xf, 0xff, 0xff, 0x3, 0xff, 0xff, 0xff,
    0xff, 0xfc, 0x0, 0x7f, 0xff, 0xf8, 0x1f, 0xff,
    0xff, 0xff, 0xff, 0xe0, 0x7, 0xff, 0xff, 0xc0,
    0x7f, 0xff, 0xff, 0xff, 0xff, 0x0, 0x3f, 0xff,
    0xfc, 0x3, 0xff, 0xff, 0xff, 0xff, 0xf8, 0x1,
    0xff, 0xff, 0xe0, 0xf, 0xff, 0xff, 0xff, 0xff,
    0xc0, 0xf, 0xff, 0xff, 0x0, 0x7f, 0xff, 0xff,
    0xff, 0xfc, 0x0, 0x7f, 0xff, 0xf8, 0x1, 0xff,
    0xff, 0xff, 0xff, 0xe0, 0x7, 0xff, 0xff, 0xc0,
    0x7, 0xff, 0xff, 0xff, 0xff, 0x0, 0x3f, 0xff,
    0xfc, 0x0, 0x3f, 0xff, 0xff, 0xff, 0xf8, 0x1,
    0xff, 0xff, 0xe0, 0x0, 0xff, 0xff, 0xff, 0xff,
    0xc0, 0xf, 0xff, 0xff, 0x0, 0x7, 0xff, 0xff,
    0xff, 0xfe, 0x0, 0x7f, 0xff, 0xf8, 0x0, 0x1f,
    0xff, 0xff, 0xff, 0xe0, 0x3, 0xff, 0xff, 0xc0,
    0x0, 0xff, 0xff, 0xff, 0xff, 0x0, 0x3f, 0xff,
    0xfe, 0x0, 0x3, 0xff, 0xff, 0xff, 0xf8, 0x1,
    0xff, 0xff, 0xe0, 0x0, 0xf, 0xff, 0xff, 0xff,
    0xc0, 0xf, 0xff, 0xff, 0x0, 0x0, 0x7f, 0xff,
    0xff, 0xfe, 0x0, 0x7f, 0xff, 0xf8, 0x0, 0x1,
    0xff, 0xff, 0xff, 0xe0, 0x3, 0xff, 0xff, 0xc0,
    0x0, 0xf, 0xff, 0xff, 0xff, 0x0, 0x3f, 0xff,
    0xfe, 0x0, 0x0, 0x3f, 0xff, 0xff, 0xf8, 0x1,
    0xff, 0xff, 0xf0, 0x0, 0x1, 0xff, 0xff, 0xff,
    0xc0, 0xf, 0xff, 0xff, 0x0, 0x0, 0x7, 0xff,
    0xff, 0xfe, 0x0, 0x7f, 0xff, 0xf8, 0x0, 0x0,
    0x1f, 0xff, 0xff, 0xf0, 0x3, 0xff, 0xff, 0xc0,
    0x0, 0x0, 0xff, 0xff, 0xff, 0x0, 0x1f, 0xff,
    0xfe, 0x0, 0x0, 0x3, 0xff, 0xff, 0xf8, 0x1,
    0xff, 0xff, 0xf0, 0x0, 0x0, 0x1f, 0xff, 0xff,
    0xc0, 0xf, 0xff, 0xff, 0x0, 0x0, 0x0, 0x7f,
    0xff, 0xfe, 0x0, 0x7f, 0xff, 0xf8, 0x0, 0x0,
    0x3, 0xff, 0xff, 0xe0, 0x1, 0xff, 0xff, 0x80,
    0x0, 0x0, 0xf, 0xff, 0xff, 0x0, 0x7, 0xff,
    0xf8, 0x0, 0x0, 0x0, 0x3f, 0xff, 0xe0, 0x0,

    /* U+006F "o" */
    0x0, 0x0, 0x1, 0xff, 0xff, 0xff, 0xff, 0xff,
    0xf0, 0x0, 0x0, 0x0, 0xf, 0xff, 0xff, 0xff,
    0xff, 0xff, 0xfe, 0x0, 0x0, 0x0, 0x3f, 0xff,
    0xff, 0xff, 0xff, 0xff, 0xff, 0x0, 0x0, 0x0,
    0xff, 0xff, 0xff, 0xff, 0xff, 0xff, 0xff, 0xc0,
    0x0, 0x1, 0xff, 0xff, 0xff, 0xff, 0xff, 0xff,
    0xff, 0xe0, 0x0, 0x3, 0xff, 0xff, 0xff, 0xff,
    0xff, 0xff, 0xff, 0xf0, 0x0, 0x7, 0xff, 0xff,
    0xff, 0xff, 0xff, 0xff, 0xff, 0xf0, 0x0, 0xf,
    0xff, 0xff, 0xff, 0xff, 0xff, 0xff, 0xff, 0xf8,
    0x0, 0x1f, 0xff, 0xff, 0xff, 0xff, 0xff, 0xff,
    0xff, 0xf8, 0x0, 0x3f, 0xff, 0xff, 0xff, 0xff,
    0xff, 0xff, 0xff, 0xfc, 0x0, 0x3f, 0xff, 0xff,
    0xff, 0xff, 0xff, 0xff, 0xff, 0xfc, 0x0, 0x7f,
    0xff, 0xff, 0xff, 0xff, 0xff, 0xff, 0xff, 0xfc,
    0x0, 0x7f, 0xff, 0xff, 0xff, 0xff, 0xff, 0xff,
    0xff, 0xfc, 0x0, 0xff, 0xff, 0xff, 0xff, 0xff,
    0xff, 0xff, 0xff, 0xfe, 0x0, 0xff, 0xff, 0xff,
    0xff, 0xff, 0xff, 0xff, 0xff, 0xfe, 0x0, 0xff,
    0xff, 0xff, 0xff, 0xff, 0xff, 0xff, 0xff, 0xfc,
    0x1, 0xff, 0xff, 0xff, 0xff, 0xff, 0xff, 0xff,
    0xff, 0xfc, 0x1, 0xff, 0xff, 0xf0, 0x0, 0x0,
    0x0, 0x7f, 0xff, 0xfc, 0x1, 0xff, 0xff, 0xe0,
    0x0, 0x0, 0x0, 0x3f, 0xff, 0xfc, 0x1, 0xff,
    0xff, 0xe0, 0x0, 0x0, 0x0, 0x7f, 0xff, 0xfc,
    0x1, 0xff, 0xff, 0xe0, 0x0, 0x0, 0x0, 0x7f,
    0xff, 0xfc, 0x3, 0xff, 0xff, 0xe0, 0x0, 0x0,
    0x0, 0x7f, 0xff, 0xf8, 0x3, 0xff, 0xff, 0xe0,
    0x0, 0x0, 0x0, 0x7f, 0xff, 0xf8, 0x3, 0xff,
    0xff, 0xc0, 0x0, 0x0, 0x0, 0x7f, 0xff, 0xf8,
    0x3, 0xff, 0xff, 0xc0, 0x0, 0x0, 0x0, 0x7f,
    0xff, 0xf8, 0x3, 0xff, 0xff, 0xc0, 0x0, 0x0,
    0x0, 0xff, 0xff, 0xf8, 0x3, 0xff, 0xff, 0xc0,
    0x0, 0x0, 0x0, 0xff, 0xff, 0xf8, 0x7, 0xff,
    0xff, 0xc0, 0x0, 0x0, 0x0, 0xff, 0xff, 0xf0,
    0x7, 0xff, 0xff, 0x80, 0x0, 0x0, 0x0, 0xff,
    0xff, 0xf0, 0x7, 0xff, 0xff, 0x80, 0x0, 0x0,
    0x0, 0xff, 0xff, 0xf0, 0x7, 0xff, 0xff, 0x80,
    0x0, 0x0, 0x1, 0xff, 0xff, 0xf0, 0x7, 0xff,
    0xff, 0x80, 0x0, 0x0, 0x1, 0xff, 0xff, 0xf0,
    0xf, 0xff, 0xff, 0x80, 0x0, 0x0, 0x1, 0xff,
    0xff, 0xe0, 0xf, 0xff, 0xff, 0x80, 0x0, 0x0,
    0x1, 0xff, 0xff, 0xe0, 0xf, 0xff, 0xff, 0x0,
    0x0, 0x0, 0x1, 0xff, 0xff, 0xe0, 0xf, 0xff,
    0xff, 0x0, 0x0, 0x0, 0x1, 0xff, 0xff, 0xe0,
    0xf, 0xff, 0xff, 0x0, 0x0, 0x0, 0x3, 0xff,
    0xff, 0xe0, 0xf, 0xff, 0xff, 0x0, 0x0, 0x0,
    0x3, 0xff, 0xff, 0xe0, 0x1f, 0xff, 0xff, 0x0,
    0x0, 0x0, 0x3, 0xff, 0xff, 0xc0, 0x1f, 0xff,
    0xff, 0x0, 0x0, 0x0, 0x3, 0xff, 0xff, 0xc0,
    0x1f, 0xff, 0xfe, 0x0, 0x0, 0x0, 0x3, 0xff,
    0xff, 0xc0, 0x1f, 0xff, 0xfe, 0x0, 0x0, 0x0,
    0x3, 0xff, 0xff, 0xc0, 0x1f, 0xff, 0xfe, 0x0,
    0x0, 0x0, 0x7, 0xff, 0xff, 0xc0, 0x3f, 0xff,
    0xfe, 0x0, 0x0, 0x0, 0x7, 0xff, 0xff, 0x80,
    0x3f, 0xff, 0xfe, 0x0, 0x0, 0x0, 0x7, 0xff,
    0xff, 0x80, 0x3f, 0xff, 0xfe, 0x0, 0x0, 0x0,
    0x7, 0xff, 0xff, 0x80, 0x3f, 0xff, 0xfe, 0x0,
    0x0, 0x0, 0xf, 0xff, 0xff, 0x80, 0x3f, 0xff,
    0xff, 0xff, 0xff, 0xff, 0xff, 0xff, 0xff, 0x80,
    0x3f, 0xff, 0xff, 0xff, 0xff, 0xff, 0xff, 0xff,
    0xff, 0x0, 0x3f, 0xff, 0xff, 0xff, 0xff, 0xff,
    0xff, 0xff, 0xff, 0x0, 0x3f, 0xff, 0xff, 0xff,
    0xff, 0xff, 0xff, 0xff, 0xff, 0x0, 0x3f, 0xff,
    0xff, 0xff, 0xff, 0xff, 0xff, 0xff, 0xfe, 0x0,
    0x3f, 0xff, 0xff, 0xff, 0xff, 0xff, 0xff, 0xff,
    0xfe, 0x0, 0x3f, 0xff, 0xff, 0xff, 0xff, 0xff,
    0xff, 0xff, 0xfc, 0x0, 0x3f, 0xff, 0xff, 0xff,
    0xff, 0xff, 0xff, 0xff, 0xfc, 0x0, 0x1f, 0xff,
    0xff, 0xff, 0xff, 0xff, 0xff, 0xff, 0xf8, 0x0,
    0x1f, 0xff, 0xff, 0xff, 0xff, 0xff, 0xff, 0xff,
    0xf0, 0x0, 0xf, 0xff, 0xff, 0xff, 0xff, 0xff,
    0xff, 0xff, 0xe0, 0x0, 0xf, 0xff, 0xff, 0xff,
    0xff, 0xff, 0xff, 0xff, 0xc0, 0x0, 0x7, 0xff,
    0xff, 0xff, 0xff, 0xff, 0xff, 0xff, 0x80, 0x0,
    0x3, 0xff, 0xff, 0xff, 0xff, 0xff, 0xff, 0xff,
    0x0, 0x0, 0x1, 0xff, 0xff, 0xff, 0xff, 0xff,
    0xff, 0xfc, 0x0, 0x0, 0x0, 0x7f, 0xff, 0xff,
    0xff, 0xff, 0xff, 0xf0, 0x0, 0x0, 0x0, 0xf,
    0xff, 0xff, 0xff, 0xff, 0xff, 0x80, 0x0, 0x0,

    /* U+0070 "p" */
    0x0, 0x7, 0xff, 0xff, 0xff, 0xff, 0xff, 0xff,
    0x0, 0x0, 0x0, 0xff, 0xff, 0xff, 0xff, 0xff,
    0xff, 0xfe, 0x0, 0x0, 0x1f, 0xff, 0xff, 0xff,
    0xff, 0xff, 0xff, 0xf8, 0x0, 0x1, 0xff, 0xff,
    0xff, 0xff, 0xff, 0xff, 0xff, 0xc0, 0x0, 0x3f,
    0xff, 0xff, 0xff, 0xff, 0xff, 0xff, 0xfe, 0x0,
    0x3, 0xff, 0xff, 0xff, 0xff, 0xff, 0xff, 0xff,
    0xf0, 0x0, 0x3f, 0xff, 0xff, 0xff, 0xff, 0xff,
    0xff, 0xff, 0x80, 0x3, 0xff, 0xff, 0xff, 0xff,
    0xff, 0xff, 0xff, 0xf8, 0x0, 0x3f, 0xff, 0xff,
    0xff, 0xff, 0xff, 0xff, 0xff, 0xc0, 0x7, 0xff,
    0xff, 0xff, 0xff, 0xff, 0xff, 0xff, 0xfc, 0x0,
    0x7f, 0xff, 0xff, 0xff, 0xff, 0xff, 0xff, 0xff,
    0xc0, 0x7, 0xff, 0xff, 0xff, 0xff, 0xff, 0xff,
    0xff, 0xfe, 0x0, 0x7f, 0xff, 0xff, 0xff, 0xff,
    0xff, 0xff, 0xff, 0xe0, 0x7, 0xff, 0xff, 0xff,
    0xff, 0xff, 0xff, 0xff, 0xfe, 0x0, 0x7f, 0xff,
    0xff, 0xff, 0xff, 0xff, 0xff, 0xff, 0xe0, 0xf,
    0xff, 0xff, 0xff, 0xff, 0xff, 0xff, 0xff, 0xfe,
    0x0, 0xff, 0xff, 0xff, 0xff, 0xff, 0xff, 0xff,
    0xff, 0xe0, 0xf, 0xff, 0xff, 0x0, 0x0, 0x0,
    0x7f, 0xff, 0xfe, 0x0, 0xff, 0xff, 0xf0, 0x0,
    0x0, 0x3, 0xff, 0xff, 0xc0, 0xf, 0xff, 0xff,
    0x0, 0x0, 0x0, 0x3f, 0xff, 0xfc, 0x0, 0xff,
    0xff, 0xf0, 0x0, 0x0, 0x3, 0xff, 0xff, 0xc0,
    0x1f, 0xff, 0xff, 0x0, 0x0, 0x0, 0x3f, 0xff,
    0xfc, 0x1, 0xff, 0xff, 0xe0, 0x0, 0x0, 0x7,
    0xff, 0xff, 0xc0, 0x1f, 0xff, 0xfe, 0x0, 0x0,
    0x0, 0x7f, 0xff, 0xf8, 0x1, 0xff, 0xff, 0xe0,
    0x0, 0x0, 0x7, 0xff, 0xff, 0x80, 0x1f, 0xff,
    0xfe, 0x0, 0x0, 0x0, 0x7f, 0xff, 0xf8, 0x3,
    0xff, 0xff, 0xe0, 0x0, 0x0, 0x7, 0xff, 0xff,
    0x80, 0x3f, 0xff, 0xfc, 0x0, 0x0, 0x0, 0xff,
    0xff, 0xf8, 0x3, 0xff, 0xff, 0xc0, 0x0, 0x0,
    0xf, 0xff, 0xff, 0x80, 0x3f, 0xff, 0xfc, 0x0,
    0x0, 0x0, 0xff, 0xff, 0xf0, 0x3, 0xff, 0xff,
    0xc0, 0x0, 0x0, 0x1f, 0xff, 0xff, 0x0, 0x3f,
    0xff, 0xff, 0xff, 0xff, 0xff, 0xff, 0xff, 0xf0,
    0x7, 0xff, 0xff, 0xff, 0xff, 0xff, 0xff, 0xff,
    0xff, 0x0, 0x7f, 0xff, 0xff, 0xff, 0xff, 0xff,
    0xff, 0xff, 0xe0, 0x7, 0xff, 0xff, 0xff, 0xff,
    0xff, 0xff, 0xff, 0xfe, 0x0, 0x7f, 0xff, 0xff,
    0xff, 0xff, 0xff, 0xff, 0xff, 0xe0, 0x7, 0xff,
    0xff, 0xff, 0xff, 0xff, 0xff, 0xff, 0xfc, 0x0,
    0xff, 0xff, 0xff, 0xff, 0xff, 0xff, 0xff, 0xff,
    0xc0, 0xf, 0xff, 0xff, 0xff, 0xff, 0xff, 0xff,
    0xff, 0xf8, 0x0, 0xff, 0xff, 0xff, 0xff, 0xff,
    0xff, 0xff, 0xff, 0x0, 0xf, 0xff, 0xff, 0xff,
    0xff, 0xff, 0xff, 0xff, 0xe0, 0x0, 0xff, 0xff,
    0xff, 0xff, 0xff, 0xff, 0xff, 0xfe, 0x0, 0xf,
    0xff, 0xff, 0xff, 0xff, 0xff, 0xff, 0xff, 0x80,
    0x1, 0xff, 0xff, 0xff, 0xff, 0xff, 0xff, 0xff,
    0xf0, 0x0, 0x1f, 0xff, 0xff, 0xff, 0xff, 0xff,
    0xff, 0xfe, 0x0, 0x1, 0xff, 0xff, 0xff, 0xff,
    0xff, 0xff, 0xff, 0x80, 0x0, 0x1f, 0xff, 0xff,
    0xff, 0xff, 0xff, 0xff, 0xe0, 0x0, 0x1, 0xff,
    0xff, 0xff, 0xff, 0xff, 0xff, 0xf0, 0x0, 0x0,
    0x3f, 0xff, 0xfe, 0x0, 0x0, 0x0, 0x0, 0x0,
    0x0, 0x3, 0xff, 0xff, 0xc0, 0x0, 0x0, 0x0,
    0x0, 0x0, 0x0, 0x3f, 0xff, 0xfc, 0x0, 0x0,
    0x0, 0x0, 0x0, 0x0, 0x3, 0xff, 0xff, 0xc0,
    0x0, 0x0, 0x0, 0x0, 0x0, 0x0, 0x3f, 0xff,
    0xfc, 0x0, 0x0, 0x0, 0x0, 0x0, 0x0, 0x3,
    0xff, 0xff, 0xc0, 0x0, 0x0, 0x0, 0x0, 0x0,
    0x0, 0x7f, 0xff, 0xfc, 0x0, 0x0, 0x0, 0x0,
    0x0, 0x0, 0x7, 0xff, 0xff, 0x80, 0x0, 0x0,
    0x0, 0x0, 0x0, 0x0, 0x7f, 0xff, 0xf8, 0x0,
    0x0, 0x0, 0x0, 0x0, 0x0, 0x7, 0xff, 0xff,
    0x80, 0x0, 0x0, 0x0, 0x0, 0x0, 0x0, 0x7f,
    0xff, 0xf8, 0x0, 0x0, 0x0, 0x0, 0x0, 0x0,
    0xf, 0xff, 0xff, 0x80, 0x0, 0x0, 0x0, 0x0,
    0x0, 0x0, 0xff, 0xff, 0xf0, 0x0, 0x0, 0x0,
    0x0, 0x0, 0x0, 0xf, 0xff, 0xff, 0x0, 0x0,
    0x0, 0x0, 0x0, 0x0, 0x0, 0x7f, 0xff, 0xe0,
    0x0, 0x0, 0x0, 0x0, 0x0, 0x0, 0x3, 0xff,
    0xfc, 0x0, 0x0, 0x0, 0x0, 0x0, 0x0, 0x0,

    /* U+0071 "q" */
    0x0, 0x0, 0x3, 0xff, 0xff, 0xff, 0xff, 0xff,
    0xe0, 0x0, 0x0, 0x0, 0x3f, 0xff, 0xff, 0xff,
    0xff, 0xff, 0xf8, 0x0, 0x0, 0x1, 0xff, 0xff,
    0xff, 0xff, 0xff, 0xff, 0xf8, 0x0, 0x0, 0xf,
    0xff, 0xff, 0xff, 0xff, 0xff, 0xff, 0xfc, 0x0,
    0x0, 0x3f, 0xff, 0xff, 0xff, 0xff, 0xff, 0xff,
    0xfc, 0x0, 0x0, 0xff, 0xff, 0xff, 0xff, 0xff,
    0xff, 0xff, 0xfc, 0x0, 0x3, 0xff, 0xff, 0xff,
    0xff, 0xff, 0xff, 0xff, 0xf8, 0x0, 0xf, 0xff,
    0xff, 0xff, 0xff, 0xff, 0xff, 0xff, 0xf8, 0x0,
    0x3f, 0xff, 0xff, 0xff, 0xff, 0xff, 0xff, 0xff,
    0xf0, 0x0, 0xff, 0xff, 0xff, 0xff, 0xff, 0xff,
    0xff, 0xff, 0xf0, 0x1, 0xff, 0xff, 0xff, 0xff,
    0xff, 0xff, 0xff, 0xff, 0xe0, 0x7, 0xff, 0xff,
    0xff, 0xff, 0xff, 0xff, 0xff, 0xff, 0xc0, 0xf,
    0xff, 0xff, 0xff, 0xff, 0xff, 0xff, 0xff, 0xff,
    0x80, 0x3f, 0xff, 0xff, 0xff, 0xff, 0xff, 0xff,
    0xff, 0xff, 0x80, 0x7f, 0xff, 0xff, 0xff, 0xff,
    0xff, 0xff, 0xff, 0xff, 0x0, 0xff, 0xff, 0xff,
    0xff, 0xff, 0xff, 0xff, 0xff, 0xfc, 0x3, 0xff,
    0xff, 0xff, 0xff, 0xff, 0xff, 0xff, 0xff, 0xf8,
    0x7, 0xff, 0xff, 0xc0, 0x0, 0x0, 0x1, 0xff,
    0xff, 0xf0, 0xf, 0xff, 0xff, 0x0, 0x0, 0x0,
    0x1, 0xff, 0xff, 0xe0, 0x1f, 0xff, 0xfe, 0x0,
    0x0, 0x0, 0x7, 0xff, 0xff, 0xc0, 0x3f, 0xff,
    0xfc, 0x0, 0x0, 0x0, 0xf, 0xff, 0xff, 0x80,
    0xff, 0xff, 0xf8, 0x0, 0x0, 0x0, 0x1f, 0xff,
    0xfe, 0x1, 0xff, 0xff, 0xf0, 0x0, 0x0, 0x0,
    0x3f, 0xff, 0xfc, 0x3, 0xff, 0xff, 0xc0, 0x0,
    0x0, 0x0, 0x7f, 0xff, 0xf8, 0x7, 0xff, 0xff,
    0x80, 0x0, 0x0, 0x0, 0xff, 0xff, 0xf0, 0xf,
    0xff, 0xff, 0x0, 0x0, 0x0, 0x3, 0xff, 0xff,
    0xe0, 0x1f, 0xff, 0xfe, 0x0, 0x0, 0x0, 0x7,
    0xff, 0xff, 0xc0, 0x7f, 0xff, 0xfc, 0x0, 0x0,
    0x0, 0xf, 0xff, 0xff, 0x0, 0xff, 0xff, 0xf0,
    0x0, 0x0, 0x0, 0x1f, 0xff, 0xfe, 0x1, 0xff,
    0xff, 0xe0, 0x0, 0x0, 0x0, 0x3f, 0xff, 0xfc,
    0x3, 0xff, 0xff, 0xc0, 0x0, 0x0, 0x0, 0xff,
    0xff, 0xf8, 0x7, 0xff, 0xff, 0x80, 0x0, 0x0,
    0x1, 0xff, 0xff, 0xf0, 0x1f, 0xff, 0xff, 0x0,
    0x0, 0x0, 0x3, 0xff, 0xff, 0xc0, 0x3f, 0xff,
    0xfe, 0x0, 0x0, 0x0, 0x7, 0xff, 0xff, 0x80,
    0x7f, 0xff, 0xf8, 0x0, 0x0, 0x0, 0xf, 0xff,
    0xff, 0x0, 0xff, 0xff, 0xf0, 0x0, 0x0, 0x0,
    0x1f, 0xff, 0xfe, 0x1, 0xff, 0xff, 0xe0, 0x0,
    0x0, 0x0, 0x7f, 0xff, 0xfc, 0x3, 0xff, 0xff,
    0xc0, 0x0, 0x0, 0x0, 0xff, 0xff, 0xf8, 0xf,
    0xff, 0xff, 0x80, 0x0, 0x0, 0x1, 0xff, 0xff,
    0xe0, 0x1f, 0xff, 0xff, 0x0, 0x0, 0x0, 0x3,
    0xff, 0xff, 0xc0, 0x3f, 0xff, 0xfc, 0x0, 0x0,
    0x0, 0x7, 0xff, 0xff, 0x80, 0x7f, 0xff, 0xf8,
    0x0, 0x0, 0x0, 0xf, 0xff, 0xff, 0x0, 0xff,
    0xff, 0xf0, 0x0, 0x0, 0x0, 0x3f, 0xff, 0xfe,
    0x3, 0xff, 0xff, 0xe0, 0x0, 0x0, 0x0, 0x7f,
    0xff, 0xf8, 0x7, 0xff, 0xff, 0xc0, 0x0, 0x0,
    0x0, 0xff, 0xff, 0xf0, 0xf, 0xff, 0xff, 0x80,
    0x0, 0x0, 0x1, 0xff, 0xff, 0xe0, 0x1f, 0xff,
    0xff, 0x0, 0x0, 0x0, 0x7, 0xff, 0xff, 0xc0,
    0x3f, 0xff, 0xff, 0xff, 0xff, 0xff, 0xff, 0xff,
    0xff, 0x80, 0x7f, 0xff, 0xff, 0xff, 0xff, 0xff,
    0xff, 0xff, 0xfe, 0x0, 0xff, 0xff, 0xff, 0xff,
    0xff, 0xff, 0xff, 0xff, 0xfc, 0x1, 0xff, 0xff,
    0xff, 0xff, 0xff, 0xff, 0xff, 0xff, 0xf8, 0x3,
    0xff, 0xff, 0xff, 0xff, 0xff, 0xff, 0xff, 0xff,
    0xe0, 0x7, 0xff, 0xff, 0xff, 0xff, 0xff, 0xff,
    0xff, 0xff, 0xc0, 0xf, 0xff, 0xff, 0xff, 0xff,
    0xff, 0xff, 0xff, 0xff, 0x0, 0x1f, 0xff, 0xff,
    0xff, 0xff, 0xff, 0xff, 0xff, 0xfe, 0x0, 0x1f,
    0xff, 0xff, 0xff, 0xff, 0xff, 0xff, 0xff, 0xf8,
    0x0, 0x3f, 0xff, 0xff, 0xff, 0xff, 0xff, 0xff,
    0xff, 0xe0, 0x0, 0x3f, 0xff, 0xff, 0xff, 0xff,
    0xff, 0xff, 0xff, 0x80, 0x0, 0x7f, 0xff, 0xff,
    0xff, 0xff, 0xff, 0xff, 0xfe, 0x0, 0x0, 0x7f,
    0xff, 0xff, 0xff, 0xff, 0xff, 0xff, 0xf8, 0x0,
    0x0, 0x7f, 0xff, 0xff, 0xff, 0xff, 0xff, 0xff,
    0xc0, 0x0, 0x0, 0x7f, 0xff, 0xff, 0xff, 0xff,
    0xff, 0xff, 0x0, 0x0, 0x0, 0x3f, 0xff, 0xff,
    0xff, 0xff, 0xff, 0xff, 0x0, 0x0, 0x0, 0xf,
    0xff, 0xff, 0xff, 0xff, 0xff, 0xfe, 0x0, 0x0,
    0x0, 0x0, 0x0, 0x0, 0x0, 0xff, 0xff, 0xfc,
    0x0, 0x0, 0x0, 0x0, 0x0, 0x0, 0x0, 0xff,
    0xff, 0xf8, 0x0, 0x0, 0x0, 0x0, 0x0, 0x0,
    0x1, 0xff, 0xff, 0xf0, 0x0, 0x0, 0x0, 0x0,
    0x0, 0x0, 0x3, 0xff, 0xff, 0xe0, 0x0, 0x0,
    0x0, 0x0, 0x0, 0x0, 0x7, 0xff, 0xff, 0xc0,
    0x0, 0x0, 0x0, 0x0, 0x0, 0x0, 0x7, 0xff,
    0xff, 0x0, 0x0, 0x0, 0x0, 0x0, 0x0, 0x0,
    0xf, 0xff, 0xfc, 0x0, 0x0, 0x0, 0x0, 0x0,
    0x0, 0x0, 0x1f, 0xff, 0xe0, 0x0, 0x0, 0x0,
    0x0, 0x0, 0x0, 0x0, 0x3f, 0xfe, 0x0, 0x0,
    0x0, 0x0, 0x0, 0x0, 0x0, 0x0, 0x3f, 0xe0,
    0x0, 0x0, 0x0, 0x0, 0x0, 0x0, 0x0, 0x0,
    0x3e, 0x0, 0x0, 0x0, 0x0,

    /* U+0072 "r" */
    0x0, 0x7, 0xff, 0xff, 0xff, 0xff, 0xff, 0xff,
    0x0, 0x0, 0x0, 0xff, 0xff, 0xff, 0xff, 0xff,
    0xff, 0xfe, 0x0, 0x0, 0x1f, 0xff, 0xff, 0xff,
    0xff, 0xff, 0xff, 0xf8, 0x0, 0x1, 0xff, 0xff,
    0xff, 0xff, 0xff, 0xff, 0xff, 0xc0, 0x0, 0x3f,
    0xff, 0xff, 0xff, 0xff, 0xff, 0xff, 0xfe, 0x0,
    0x3, 0xff, 0xff, 0xff, 0xff, 0xff, 0xff, 0xff,
    0xf0, 0x0, 0x3f, 0xff, 0xff, 0xff, 0xff, 0xff,
    0xff, 0xff, 0x80, 0x3, 0xff, 0xff, 0xff, 0xff,
    0xff, 0xff, 0xff, 0xf8, 0x0, 0x3f, 0xff, 0xff,
    0xff, 0xff, 0xff, 0xff, 0xff, 0xc0, 0x7, 0xff,
    0xff, 0xff, 0xff, 0xff, 0xff, 0xff, 0xfc, 0x0,
    0x7f, 0xff, 0xff, 0xff, 0xff, 0xff, 0xff, 0xff,
    0xc0, 0x7, 0xff, 0xff, 0xff, 0xff, 0xff, 0xff,
    0xff, 0xfe, 0x0, 0x7f, 0xff, 0xff, 0xff, 0xff,
    0xff, 0xff, 0xff, 0xe0, 0x7, 0xff, 0xff, 0xff,
    0xff, 0xff, 0xff, 0xff, 0xfe, 0x0, 0x7f, 0xff,
    0xff, 0xff, 0xff, 0xff, 0xff, 0xff, 0xe0, 0xf,
    0xff, 0xff, 0xff, 0xff, 0xff, 0xff, 0xff, 0xfe,
    0x0, 0xff, 0xff, 0xff, 0xff, 0xff, 0xff, 0xff,
    0xff, 0xe0, 0xf, 0xff, 0xff, 0x0, 0x0, 0x0,
    0x7f, 0xff, 0xfe, 0x0, 0xff, 0xff, 0xf0, 0x0,
    0x0, 0x3, 0xff, 0xff, 0xc0, 0xf, 0xff, 0xff,
    0x0, 0x0, 0x0, 0x3f, 0xff, 0xfc, 0x0, 0xff,
    0xff, 0xf0, 0x0, 0x0, 0x3, 0xff, 0xff, 0xc0,
    0x1f, 0xff, 0xff, 0x0, 0x0, 0x0, 0x3f, 0xff,
    0xfc, 0x1, 0xff, 0xff, 0xe0, 0x0, 0x0, 0x7,
    0xff, 0xff, 0xc0, 0x1f, 0xff, 0xfe, 0x0, 0x0,
    0x0, 0x7f, 0xff, 0xf8, 0x1, 0xff, 0xff, 0xe0,
    0x0, 0x0, 0x7, 0xff, 0xff, 0x80, 0x1f, 0xff,
    0xfe, 0x0, 0x0, 0x0, 0x7f, 0xff, 0xf8, 0x3,
    0xff, 0xff, 0xe0, 0x0, 0x0, 0x7, 0xff, 0xff,
    0x80, 0x3f, 0xff, 0xfc, 0x0, 0x0, 0x0, 0xff,
    0xff, 0xf8, 0x3, 0xff, 0xff, 0xc0, 0x0, 0x0,
    0xf, 0xff, 0xff, 0x0, 0x3f, 0xff, 0xfc, 0x0,
    0x0, 0x0, 0xff, 0xff, 0xf0, 0x3, 0xff, 0xff,
    0xc0, 0x0, 0x0, 0x1f, 0xff, 0xff, 0x0, 0x3f,
    0xff, 0xff, 0xff, 0xff, 0xff, 0xff, 0xff, 0xf0,
    0x7, 0xff, 0xff, 0xff, 0xff, 0xff, 0xff, 0xff,
    0xff, 0x0, 0x7f, 0xff, 0xff, 0xff, 0xff, 0xff,
    0xff, 0xff, 0xe0, 0x7, 0xff, 0xff, 0xff, 0xff,
    0xff, 0xff, 0xff, 0xfe, 0x0, 0x7f, 0xff, 0xff,
    0xff, 0xff, 0xff, 0xff, 0xff, 0xe0, 0x7, 0xff,
    0xff, 0xff, 0xff, 0xff, 0xff, 0xff, 0xfc, 0x0,
    0xff, 0xff, 0xff, 0xff, 0xff, 0xff, 0xff, 0xff,
    0xc0, 0xf, 0xff, 0xff, 0xff, 0xff, 0xff, 0xff,
    0xff, 0xf8, 0x0, 0xff, 0xff, 0xff, 0xff, 0xff,
    0xff, 0xff, 0xff, 0x0, 0xf, 0xff, 0xff, 0xff,
    0xff, 0xff, 0xff, 0xff, 0xe0, 0x0, 0xff, 0xff,
    0xff, 0xff, 0xff, 0xff, 0xff, 0xfc, 0x0, 0xf,
    0xff, 0xff, 0xff, 0xff, 0xff, 0xff, 0xff, 0x80,
    0x1, 0xff, 0xff, 0xff, 0xff, 0xff, 0xff, 0xff,
    0xf0, 0x0, 0x1f, 0xff, 0xff, 0xff, 0xff, 0xff,
    0xff, 0xfe, 0x0, 0x1, 0xff, 0xff, 0xff, 0xff,
    0xff, 0xff, 0xff, 0x80, 0x0, 0x1f, 0xff, 0xff,
    0xff, 0xff, 0xff, 0xff, 0xf0, 0x0, 0x1, 0xff,
    0xff, 0xff, 0xff, 0xff, 0xff, 0xff, 0x80, 0x0,
    0x3f, 0xff, 0xfe, 0x0, 0x3, 0xff, 0xff, 0xf8,
    0x0, 0x3, 0xff, 0xff, 0xc0, 0x0, 0x1f, 0xff,
    0xff, 0xc0, 0x0, 0x3f, 0xff, 0xfc, 0x0, 0x1,
    0xff, 0xff, 0xfe, 0x0, 0x3, 0xff, 0xff, 0xc0,
    0x0, 0xf, 0xff, 0xff, 0xe0, 0x0, 0x3f, 0xff,
    0xfc, 0x0, 0x0, 0xff, 0xff, 0xff, 0x0, 0x3,
    0xff, 0xff, 0xc0, 0x0, 0x7, 0xff, 0xff, 0xf0,
    0x0, 0x7f, 0xff, 0xfc, 0x0, 0x0, 0x7f, 0xff,
    0xff, 0x80, 0x7, 0xff, 0xff, 0x80, 0x0, 0x3,
    0xff, 0xff, 0xf8, 0x0, 0x7f, 0xff, 0xf8, 0x0,
    0x0, 0x3f, 0xff, 0xff, 0xc0, 0x7, 0xff, 0xff,
    0x80, 0x0, 0x1, 0xff, 0xff, 0xfc, 0x0, 0x7f,
    0xff, 0xf8, 0x0, 0x0, 0x1f, 0xff, 0xff, 0xe0,
    0xf, 0xff, 0xff, 0x80, 0x0, 0x0, 0xff, 0xff,
    0xff, 0x0, 0xff, 0xff, 0xf0, 0x0, 0x0, 0xf,
    0xff, 0xff, 0xf0, 0xf, 0xff, 0xff, 0x0, 0x0,
    0x0, 0x7f, 0xff, 0xff, 0x0, 0x7f, 0xff, 0xe0,
    0x0, 0x0, 0x7, 0xff, 0xff, 0xe0, 0x3, 0xff,
    0xfc, 0x0, 0x0, 0x0, 0x1f, 0xff, 0xfc, 0x0,

    /* U+0073 "s" */
    0x0, 0x0, 0x3, 0xff, 0xff, 0xff, 0xff, 0xff,
    0xfe, 0x0, 0x0, 0xf, 0xff, 0xff, 0xff, 0xff,
    0xff, 0xff, 0x80, 0x0, 0x1f, 0xff, 0xff, 0xff,
    0xff, 0xff, 0xff, 0xc0, 0x0, 0x3f, 0xff, 0xff,
    0xff, 0xff, 0xff, 0xff, 0xe0, 0x0, 0x3f, 0xff,
    0xff, 0xff, 0xff, 0xff, 0xff, 0xf0, 0x0, 0x3f,
    0xff, 0xff, 0xff, 0xff, 0xff, 0xff, 0xf8, 0x0,
    0x3f, 0xff, 0xff, 0xff, 0xff, 0xff, 0xff, 0xfc,
    0x0, 0x3f, 0xff, 0xff, 0xff, 0xff, 0xff, 0xff,
    0xfe, 0x0, 0x3f, 0xff, 0xff, 0xff, 0xff, 0xff,
    0xff, 0xfe, 0x0, 0x3f, 0xff, 0xff, 0xff, 0xff,
    0xff, 0xff, 0xff, 0x0, 0x1f, 0xff, 0xff, 0xff,
    0xff, 0xff, 0xff, 0xff, 0x80, 0x1f, 0xff, 0xff,
    0xff, 0xff, 0xff, 0xff, 0xff, 0xc0, 0xf, 0xff,
    0xff, 0xff, 0xff, 0xff, 0xff, 0xff, 0xe0, 0xf,
    0xff, 0xff, 0xff, 0xff, 0xff, 0xff, 0xff, 0xe0,
    0x7, 0xff, 0xff, 0xff, 0xff, 0xff, 0xff, 0xff,
    0xf0, 0x3, 0xff, 0xff, 0xff, 0xff, 0xff, 0xff,
    0xff, 0xf0, 0x3, 0xff, 0xff, 0xff, 0xff, 0xff,
    0xff, 0xff, 0xf0, 0x1, 0xff, 0xff, 0xe0, 0x0,
    0x0, 0x0, 0x0, 0x0, 0x0, 0xff, 0xff, 0xe0,
    0x0, 0x0, 0x0, 0x0, 0x0, 0x0, 0x7f, 0xff,
    0xf0, 0x0, 0x0, 0x0, 0x0, 0x0, 0x0, 0x3f,
    0xff, 0xf8, 0x0, 0x0, 0x0, 0x0, 0x0, 0x0,
    0x3f, 0xff, 0xfc, 0x0, 0x0, 0x0, 0x0, 0x0,
    0x0, 0x1f, 0xff, 0xfe, 0x0, 0x0, 0x0, 0x0,
    0x0, 0x0, 0xf, 0xff, 0xff, 0x0, 0x0, 0x0,
    0x0, 0x0, 0x0, 0x7, 0xff, 0xff, 0xff, 0xff,
    0xff, 0xff, 0xc0, 0x0, 0x3, 0xff, 0xff, 0xff,
    0xff, 0xff, 0xff, 0xfc, 0x0, 0x1, 0xff, 0xff,
    0xff, 0xff, 0xff, 0xff, 0xff, 0x80, 0x0, 0xff,
    0xff, 0xff, 0xff, 0xff, 0xff, 0xff, 0xe0, 0x0,
    0x7f, 0xff, 0xff, 0xff, 0xff, 0xff, 0xff, 0xf8,
    0x0, 0x3f, 0xff, 0xff, 0xff, 0xff, 0xff, 0xff,
    0xfe, 0x0, 0xf, 0xff, 0xff, 0xff, 0xff, 0xff,
    0xff, 0xff, 0x80, 0x7, 0xff, 0xff, 0xff, 0xff,
    0xff, 0xff, 0xff, 0xc0, 0x3, 0xff, 0xff, 0xff,
    0xff, 0xff, 0xff, 0xff, 0xf0, 0x0, 0xff, 0xff,
    0xff, 0xff, 0xff, 0xff, 0xff, 0xf8, 0x0, 0x3f,
    0xff, 0xff, 0xff, 0xff, 0xff, 0xff, 0xfc, 0x0,
    0xf, 0xff, 0xff, 0xff, 0xff, 0xff, 0xff, 0xff,
    0x0, 0x3, 0xff, 0xff, 0xff, 0xff, 0xff, 0xff,
    0xff, 0x80, 0x0, 0xff, 0xff, 0xff, 0xff, 0xff,
    0xff, 0xff, 0xc0, 0x0, 0x1f, 0xff, 0xff, 0xff,
    0xff, 0xff, 0xff, 0xe0, 0x0, 0x1, 0xff, 0xff,
    0xff, 0xff, 0xff, 0xff, 0xf0, 0x0, 0x0, 0x0,
    0x0, 0x0, 0x0, 0x7f, 0xff, 0xf8, 0x0, 0x0,
    0x0, 0x0, 0x0, 0x0, 0x3f, 0xff, 0xfc, 0x0,
    0x0, 0x0, 0x0, 0x0, 0x0, 0x1f, 0xff, 0xfc,
    0x0, 0x0, 0x0, 0x0, 0x0, 0x0, 0xf, 0xff,
    0xfe, 0x0, 0x0, 0x0, 0x0, 0x0, 0x0, 0x7,
    0xff, 0xff, 0x0, 0x0, 0x0, 0x0, 0x0, 0x0,
    0x7, 0xff, 0xff, 0x80, 0x0, 0x0, 0x0, 0x0,
    0x0, 0x3, 0xff, 0xff, 0xc0, 0xf, 0xff, 0xff,
    0xff, 0xff, 0xff, 0xff, 0xff, 0xc0, 0xf, 0xff,
    0xff, 0xff, 0xff, 0xff, 0xff, 0xff, 0xe0, 0xf,
    0xff, 0xff, 0xff, 0xff, 0xff, 0xff, 0xff, 0xf0,
    0xf, 0xff, 0xff, 0xff, 0xff, 0xff, 0xff, 0xff,
    0xf8, 0x7, 0xff, 0xff, 0xff, 0xff, 0xff, 0xff,
    0xff, 0xf8, 0x3, 0xff, 0xff, 0xff, 0xff, 0xff,
    0xff, 0xff, 0xfc, 0x1, 0xff, 0xff, 0xff, 0xff,
    0xff, 0xff, 0xff, 0xfc, 0x0, 0xff, 0xff, 0xff,
    0xff, 0xff, 0xff, 0xff, 0xfc, 0x0, 0xff, 0xff,
    0xff, 0xff, 0xff, 0xff, 0xff, 0xfe, 0x0, 0x7f,
    0xff, 0xff, 0xff, 0xff, 0xff, 0xff, 0xfe, 0x0,
    0x3f, 0xff, 0xff, 0xff, 0xff, 0xff, 0xff, 0xfe,
    0x0, 0x1f, 0xff, 0xff, 0xff, 0xff, 0xff, 0xff,
    0xfe, 0x0, 0xf, 0xff, 0xff, 0xff, 0xff, 0xff,
    0xff, 0xfe, 0x0, 0x7, 0xff, 0xff, 0xff, 0xff,
    0xff, 0xff, 0xfc, 0x0, 0x3, 0xff, 0xff, 0xff,
    0xff, 0xff, 0xff, 0xfc, 0x0, 0x1, 0xff, 0xff,
    0xff, 0xff, 0xff, 0xff, 0xf8, 0x0, 0x0, 0x7f,
    0xff, 0xff, 0xff, 0xff, 0xff, 0xc0, 0x0, 0x0,

    /* U+0074 "t" */
    0x7, 0xff, 0xff, 0xff, 0xff, 0xff, 0xff, 0xff,
    0x7, 0xff, 0xff, 0xff, 0xff, 0xff, 0xff, 0xff,
    0xe1, 0xff, 0xff, 0xff, 0xff, 0xff, 0xff, 0xff,
    0xf8, 0xff, 0xff, 0xff, 0xff, 0xff, 0xff, 0xff,
    0xff, 0x3f, 0xff, 0xff, 0xff, 0xff, 0xff, 0xff,
    0xff, 0x8f, 0xff, 0xff, 0xff, 0xff, 0xff, 0xff,
    0xff, 0xe3, 0xff, 0xff, 0xff, 0xff, 0xff, 0xff,
    0xff, 0xf9, 0xff, 0xff, 0xff, 0xff, 0xff, 0xff,
    0xff, 0xfe, 0x7f, 0xff, 0xff, 0xff, 0xff, 0xff,
    0xff, 0xff, 0x9f, 0xff, 0xff, 0xff, 0xff, 0xff,
    0xff, 0xff, 0xe7, 0xff, 0xff, 0xff, 0xff, 0xff,
    0xff, 0xff, 0xf1, 0xff, 0xff, 0xff, 0xff, 0xff,
    0xff, 0xff, 0xfc, 0xff, 0xff, 0xff, 0xff, 0xff,
    0xff, 0xff, 0xff, 0x3f, 0xff, 0xff, 0xff, 0xff,
    0xff, 0xff, 0xff, 0xcf, 0xff, 0xff, 0xff, 0xff,
    0xff, 0xff, 0xff, 0xe1, 0xff, 0xff, 0xff, 0xff,
    0xff, 0xff, 0xff, 0xf8, 0x3f, 0xff, 0xff, 0xff,
    0xff, 0xff, 0xff, 0xf8, 0x0, 0x0, 0x1, 0xff,
    0xff, 0xe0, 0x0, 0x0, 0x0, 0x0, 0x0, 0x7f,
    0xff, 0xf8, 0x0, 0x0, 0x0, 0x0, 0x0, 0x1f,
    0xff, 0xfe, 0x0, 0x0, 0x0, 0x0, 0x0, 0x7,
    0xff, 0xff, 0x80, 0x0, 0x0, 0x0, 0x0, 0x3,
    0xff, 0xff, 0xe0, 0x0, 0x0, 0x0, 0x0, 0x0,
    0xff, 0xff, 0xf8, 0x0, 0x0, 0x0, 0x0, 0x0,
    0x3f, 0xff, 0xfc, 0x0, 0x0, 0x0, 0x0, 0x0,
    0xf, 0xff, 0xff, 0x0, 0x0, 0x0, 0x0, 0x0,
    0x3, 0xff, 0xff, 0xc0, 0x0, 0x0, 0x0, 0x0,
    0x0, 0xff, 0xff, 0xf0, 0x0, 0x0, 0x0, 0x0,
    0x0, 0x7f, 0xff, 0xfc, 0x0, 0x0, 0x0, 0x0,
    0x0, 0x1f, 0xff, 0xfe, 0x0, 0x0, 0x0, 0x0,
    0x0, 0x7, 0xff, 0xff, 0x80, 0x0, 0x0, 0x0,
    0x0, 0x1, 0xff, 0xff, 0xe0, 0x0, 0x0, 0x0,
    0x0, 0x0, 0x7f, 0xff, 0xf8, 0x0, 0x0, 0x0,
    0x0, 0x0, 0x1f, 0xff, 0xfe, 0x0, 0x0, 0x0,
    0x0, 0x0, 0xf, 0xff, 0xff, 0x80, 0x0, 0x0,
    0x0, 0x0, 0x3, 0xff, 0xff, 0xc0, 0x0, 0x0,
    0x0, 0x0, 0x0, 0xff, 0xff, 0xf0, 0x0, 0x0,
    0x0, 0x0, 0x0, 0x3f, 0xff, 0xfc, 0x0, 0x0,
    0x0, 0x0, 0x0, 0xf, 0xff, 0xff, 0x0, 0x0,
    0x0, 0x0, 0x0, 0x7, 0xff, 0xff, 0xc0, 0x0,
    0x0, 0x0, 0x0, 0x1, 0xff, 0xff, 0xe0, 0x0,
    0x0, 0x0, 0x0, 0x0, 0x7f, 0xff, 0xf8, 0x0,
    0x0, 0x0, 0x0, 0x0, 0x1f, 0xff, 0xfe, 0x0,
    0x0, 0x0, 0x0, 0x0, 0x7, 0xff, 0xff, 0x80,
    0x0, 0x0, 0x0, 0x0, 0x1, 0xff, 0xff, 0xe0,
    0x0, 0x0, 0x0, 0x0, 0x0, 0xff, 0xff, 0xf8,
    0x0, 0x0, 0x0, 0x0, 0x0, 0x3f, 0xff, 0xfc,
    0x0, 0x0, 0x0, 0x0, 0x0, 0xf, 0xff, 0xff,
    0x0, 0x0, 0x0, 0x0, 0x0, 0x3, 0xff, 0xff,
    0xc0, 0x0, 0x0, 0x0, 0x0, 0x0, 0xff, 0xff,
    0xf0, 0x0, 0x0, 0x0, 0x0, 0x0, 0x7f, 0xff,
    0xfc, 0x0, 0x0, 0x0, 0x0, 0x0, 0x1f, 0xff,
    0xff, 0x0, 0x0, 0x0, 0x0, 0x0, 0x7, 0xff,
    0xff, 0x80, 0x0, 0x0, 0x0, 0x0, 0x1, 0xff,
    0xff, 0xe0, 0x0, 0x0, 0x0, 0x0, 0x0, 0x7f,
    0xff, 0xf8, 0x0, 0x0, 0x0, 0x0, 0x0, 0x1f,
    0xff, 0xfe, 0x0, 0x0, 0x0, 0x0, 0x0, 0xf,
    0xff, 0xff, 0x80, 0x0, 0x0, 0x0, 0x0, 0x3,
    0xff, 0xff, 0xc0, 0x0, 0x0, 0x0, 0x0, 0x0,
    0xff, 0xff, 0xf0, 0x0, 0x0, 0x0, 0x0, 0x0,
    0x3f, 0xff, 0xfc, 0x0, 0x0, 0x0, 0x0, 0x0,
    0xf, 0xff, 0xff, 0x0, 0x0, 0x0, 0x0, 0x0,
    0x3, 0xff, 0xff, 0xc0, 0x0, 0x0, 0x0, 0x0,
    0x0, 0xff, 0xff, 0xe0, 0x0, 0x0, 0x0, 0x0,
    0x0, 0x3f, 0xff, 0xf0, 0x0, 0x0, 0x0, 0x0,
    0x0, 0x7, 0xff, 0xf8, 0x0, 0x0, 0x0, 0x0,

    /* U+0075 "u" */
    0x0, 0x7, 0xff, 0xf0, 0x0, 0x0, 0x0, 0xf,
    0xff, 0xf0, 0x0, 0x7f, 0xff, 0xe0, 0x0, 0x0,
    0x0, 0x7f, 0xff, 0xe0, 0x1, 0xff, 0xff, 0xc0,
    0x0, 0x0, 0x3, 0xff, 0xff, 0x80, 0xf, 0xff,
    0xff, 0x0, 0x0, 0x0, 0xf, 0xff, 0xfe, 0x0,
    0x3f, 0xff, 0xfc, 0x0, 0x0, 0x0, 0x7f, 0xff,
    0xf8, 0x0, 0xff, 0xff, 0xe0, 0x0, 0x0, 0x1,
    0xff, 0xff, 0xe0, 0x3, 0xff, 0xff, 0x80, 0x0,
    0x0, 0x7, 0xff, 0xff, 0x80, 0x1f, 0xff, 0xfe,
    0x0, 0x0, 0x0, 0x1f, 0xff, 0xfe, 0x0, 0x7f,
    0xff, 0xf8, 0x0, 0x0, 0x0, 0x7f, 0xff, 0xf8,
    0x1, 0xff, 0xff, 0xe0, 0x0, 0x0, 0x1, 0xff,
    0xff, 0xc0, 0x7, 0xff, 0xff, 0x0, 0x0, 0x0,
    0xf, 0xff, 0xff, 0x0, 0x1f, 0xff, 0xfc, 0x0,
    0x0, 0x0, 0x3f, 0xff, 0xfc, 0x0, 0xff, 0xff,
    0xf0, 0x0, 0x0, 0x0, 0xff, 0xff, 0xf0, 0x3,
    0xff, 0xff, 0xc0, 0x0, 0x0, 0x3, 0xff, 0xff,
    0xc0, 0xf, 0xff, 0xff, 0x0, 0x0, 0x0, 0xf,
    0xff, 0xff, 0x0, 0x3f, 0xff, 0xfc, 0x0, 0x0,
    0x0, 0x7f, 0xff, 0xf8, 0x0, 0xff, 0xff, 0xe0,
    0x0, 0x0, 0x1, 0xff, 0xff, 0xe0, 0x3, 0xff,
    0xff, 0x80, 0x0, 0x0, 0x7, 0xff, 0xff, 0x80,
    0x1f, 0xff, 0xfe, 0x0, 0x0, 0x0, 0x1f, 0xff,
    0xfe, 0x0, 0x7f, 0xff, 0xf8, 0x0, 0x0, 0x0,
    0x7f, 0xff, 0xf8, 0x1, 0xff, 0xff, 0xe0, 0x0,
    0x0, 0x1, 0xff, 0xff, 0xc0, 0x7, 0xff, 0xff,
    0x80, 0x0, 0x0, 0xf, 0xff, 0xff, 0x0, 0x1f,
    0xff, 0xfc, 0x0, 0x0, 0x0, 0x3f, 0xff, 0xfc,
    0x0, 0xff, 0xff, 0xf0, 0x0, 0x0, 0x0, 0xff,
    0xff, 0xf0, 0x3, 0xff, 0xff, 0xc0, 0x0, 0x0,
    0x3, 0xff, 0xff, 0xc0, 0xf, 0xff, 0xff, 0x0,
    0x0, 0x0, 0xf, 0xff, 0xfe, 0x0, 0x3f, 0xff,
    0xfc, 0x0, 0x0, 0x0, 0x7f, 0xff, 0xf8, 0x0,
    0xff, 0xff, 0xe0, 0x0, 0x0, 0x1, 0xff, 0xff,
    0xe0, 0x3, 0xff, 0xff, 0x80, 0x0, 0x0, 0x7,
    0xff, 0xff, 0x80, 0x1f, 0xff, 0xfe, 0x0, 0x0,
    0x0, 0x1f, 0xff, 0xfe, 0x0, 0x7f, 0xff, 0xf8,
    0x0, 0x0, 0x0, 0x7f, 0xff, 0xf8, 0x1, 0xff,
    0xff, 0xe0, 0x0, 0x0, 0x1, 0xff, 0xff, 0xc0,
    0x7, 0xff, 0xff, 0x80, 0x0, 0x0, 0xf, 0xff,
    0xff, 0x0, 0x1f, 0xff, 0xfc, 0x0, 0x0, 0x0,
    0x3f, 0xff, 0xfc, 0x0, 0xff, 0xff, 0xf0, 0x0,
    0x0, 0x0, 0xff, 0xff, 0xf0, 0x3, 0xff, 0xff,
    0xc0, 0x0, 0x0, 0x3, 0xff, 0xff, 0xc0, 0xf,
    0xff, 0xff, 0x0, 0x0, 0x0, 0xf, 0xff, 0xfe,
    0x0, 0x3f, 0xff, 0xfc, 0x0, 0x0, 0x0, 0x3f,
    0xff, 0xf8, 0x0, 0xff, 0xff, 0xe0, 0x0, 0x0,
    0x1, 0xff, 0xff, 0xe0, 0x3, 0xff, 0xff, 0x80,
    0x0, 0x0, 0x7, 0xff, 0xff, 0x80, 0x1f, 0xff,
    0xfe, 0x0, 0x0, 0x0, 0x1f, 0xff, 0xfe, 0x0,
    0x7f, 0xff, 0xf8, 0x0, 0x0, 0x0, 0x7f, 0xff,
    0xf8, 0x1, 0xff, 0xff, 0xe0, 0x0, 0x0, 0x1,
    0xff, 0xff, 0xc0, 0x7, 0xff, 0xff, 0x80, 0x0,
    0x0, 0xf, 0xff, 0xff, 0x0, 0x1f, 0xff, 0xfc,
    0x0, 0x0, 0x0, 0x3f, 0xff, 0xfc, 0x0, 0xff,
    0xff, 0xf0, 0x0, 0x0, 0x0, 0xff, 0xff, 0xf0,
    0x3, 0xff, 0xff, 0xc0, 0x0, 0x0, 0x7, 0xff,
    0xff, 0xc0, 0xf, 0xff, 0xff, 0xff, 0xff, 0xff,
    0xff, 0xff, 0xfe, 0x0, 0x3f, 0xff, 0xff, 0xff,
    0xff, 0xff, 0xff, 0xff, 0xf8, 0x0, 0xff, 0xff,
    0xff, 0xff, 0xff, 0xff, 0xff, 0xff, 0xe0, 0x3,
    0xff, 0xff, 0xff, 0xff, 0xff, 0xff, 0xff, 0xff,
    0x80, 0xf, 0xff, 0xff, 0xff, 0xff, 0xff, 0xff,
    0xff, 0xfc, 0x0, 0x3f, 0xff, 0xff, 0xff, 0xff,
    0xff, 0xff, 0xff, 0xf0, 0x0, 0xff, 0xff, 0xff,
    0xff, 0xff, 0xff, 0xff, 0xff, 0x80, 0x1, 0xff,
    0xff, 0xff, 0xff, 0xff, 0xff, 0xff, 0xfc, 0x0,
    0x7, 0xff, 0xff, 0xff, 0xff, 0xff, 0xff, 0xff,
    0xf0, 0x0, 0x1f, 0xff, 0xff, 0xff, 0xff, 0xff,
    0xff, 0xff, 0x80, 0x0, 0x3f, 0xff, 0xff, 0xff,
    0xff, 0xff, 0xff, 0xfc, 0x0, 0x0, 0x7f, 0xff,
    0xff, 0xff, 0xff, 0xff, 0xff, 0xe0, 0x0, 0x1,
    0xff, 0xff, 0xff, 0xff, 0xff, 0xff, 0xff, 0x0,
    0x0, 0x3, 0xff, 0xff, 0xff, 0xff, 0xff, 0xff,
    0xf0, 0x0, 0x0, 0x3, 0xff, 0xff, 0xff, 0xff,
    0xff, 0xff, 0x80, 0x0, 0x0, 0x3, 0xff, 0xff,
    0xff, 0xff, 0xff, 0xf8, 0x0, 0x0, 0x0, 0x3,
    0xff, 0xff, 0xff, 0xff, 0xff, 0x0, 0x0, 0x0,

    /* U+0076 "v" */
    0x7f, 0xff, 0xe0, 0x0, 0x0, 0x0, 0xf, 0xff,
    0xfd, 0xff, 0xff, 0xf0, 0x0, 0x0, 0x0, 0x3f,
    0xff, 0xff, 0xff, 0xff, 0xe0, 0x0, 0x0, 0x0,
    0xff, 0xff, 0xff, 0xff, 0xff, 0xc0, 0x0, 0x0,
    0x3, 0xff, 0xff, 0xff, 0xff, 0xff, 0x80, 0x0,
    0x0, 0x7, 0xff, 0xff, 0xdf, 0xff, 0xff, 0x80,
    0x0, 0x0, 0x1f, 0xff, 0xff, 0x9f, 0xff, 0xff,
    0x0, 0x0, 0x0, 0x3f, 0xff, 0xfe, 0x3f, 0xff,
    0xfe, 0x0, 0x0, 0x0, 0xff, 0xff, 0xf8, 0x7f,
    0xff, 0xfc, 0x0, 0x0, 0x1, 0xff, 0xff, 0xf0,
    0xff, 0xff, 0xf8, 0x0, 0x0, 0x7, 0xff, 0xff,
    0xc1, 0xff, 0xff, 0xf0, 0x0, 0x0, 0x1f, 0xff,
    0xff, 0x83, 0xff, 0xff, 0xf0, 0x0, 0x0, 0x3f,
    0xff, 0xfe, 0x3, 0xff, 0xff, 0xe0, 0x0, 0x0,
    0xff, 0xff, 0xfc, 0x7, 0xff, 0xff, 0xc0, 0x0,
    0x1, 0xff, 0xff, 0xf0, 0xf, 0xff, 0xff, 0x80,
    0x0, 0x7, 0xff, 0xff, 0xe0, 0x1f, 0xff, 0xff,
    0x0, 0x0, 0xf, 0xff, 0xff, 0x80, 0x3f, 0xff,
    0xff, 0x0, 0x0, 0x3f, 0xff, 0xff, 0x0, 0x7f,
    0xff, 0xfe, 0x0, 0x0, 0x7f, 0xff, 0xfc, 0x0,
    0x7f, 0xff, 0xfc, 0x0, 0x1, 0xff, 0xff, 0xf0,
    0x0, 0xff, 0xff, 0xf8, 0x0, 0x3, 0xff, 0xff,
    0xe0, 0x1, 0xff, 0xff, 0xf0, 0x0, 0xf, 0xff,
    0xff, 0x80, 0x3, 0xff, 0xff, 0xe0, 0x0, 0x1f,
    0xff, 0xff, 0x0, 0x7, 0xff, 0xff, 0xe0, 0x0,
    0x7f, 0xff, 0xfc, 0x0, 0x7, 0xff, 0xff, 0xc0,
    0x1, 0xff, 0xff, 0xf8, 0x0, 0xf, 0xff, 0xff,
    0x80, 0x3, 0xff, 0xff, 0xe0, 0x0, 0x1f, 0xff,
    0xff, 0x0, 0xf, 0xff, 0xff, 0xc0, 0x0, 0x3f,
    0xff, 0xfe, 0x0, 0x1f, 0xff, 0xff, 0x0, 0x0,
    0x7f, 0xff, 0xfc, 0x0, 0x7f, 0xff, 0xfe, 0x0,
    0x0, 0xff, 0xff, 0xfc, 0x0, 0xff, 0xff, 0xf8,
    0x0, 0x0, 0xff, 0xff, 0xf8, 0x3, 0xff, 0xff,
    0xf0, 0x0, 0x1, 0xff, 0xff, 0xf0, 0x7, 0xff,
    0xff, 0xc0, 0x0, 0x3, 0xff, 0xff, 0xe0, 0x1f,
    0xff, 0xff, 0x0, 0x0, 0x7, 0xff, 0xff, 0xc0,
    0x3f, 0xff, 0xfe, 0x0, 0x0, 0xf, 0xff, 0xff,
    0xc0, 0xff, 0xff, 0xf8, 0x0, 0x0, 0xf, 0xff,
    0xff, 0x81, 0xff, 0xff, 0xf0, 0x0, 0x0, 0x1f,
    0xff, 0xff, 0x7, 0xff, 0xff, 0xc0, 0x0, 0x0,
    0x3f, 0xff, 0xfe, 0x1f, 0xff, 0xff, 0x80, 0x0,
    0x0, 0x7f, 0xff, 0xfc, 0x3f, 0xff, 0xfe, 0x0,
    0x0, 0x0, 0xff, 0xff, 0xf8, 0xff, 0xff, 0xfc,
    0x0, 0x0, 0x1, 0xff, 0xff, 0xf9, 0xff, 0xff,
    0xf0, 0x0, 0x0, 0x1, 0xff, 0xff, 0xf7, 0xff,
    0xff, 0xe0, 0x0, 0x0, 0x3, 0xff, 0xff, 0xef,
    0xff, 0xff, 0x80, 0x0, 0x0, 0x7, 0xff, 0xff,
    0xff, 0xff, 0xff, 0x0, 0x0, 0x0, 0xf, 0xff,
    0xff, 0xff, 0xff, 0xfc, 0x0, 0x0, 0x0, 0x1f,
    0xff, 0xff, 0xff, 0xff, 0xf0, 0x0, 0x0, 0x0,
    0x3f, 0xff, 0xff, 0xff, 0xff, 0xe0, 0x0, 0x0,
    0x0, 0x3f, 0xff, 0xff, 0xff, 0xff, 0x80, 0x0,
    0x0, 0x0, 0x7f, 0xff, 0xff, 0xff, 0xff, 0x0,
    0x0, 0x0, 0x0, 0xff, 0xff, 0xff, 0xff, 0xfc,
    0x0, 0x0, 0x0, 0x1, 0xff, 0xff, 0xff, 0xff,
    0xf8, 0x0, 0x0, 0x0, 0x3, 0xff, 0xff, 0xff,
    0xff, 0xe0, 0x0, 0x0, 0x0, 0x3, 0xff, 0xff,
    0xff, 0xff, 0xc0, 0x0, 0x0, 0x0, 0x7, 0xff,
    0xff, 0xff, 0xff, 0x0, 0x0, 0x0, 0x0, 0xf,
    0xff, 0xff, 0xff, 0xfe, 0x0, 0x0, 0x0, 0x0,
    0x1f, 0xff, 0xff, 0xff, 0xf8, 0x0, 0x0, 0x0,
    0x0, 0x3f, 0xff, 0xff, 0xff, 0xf0, 0x0, 0x0,
    0x0, 0x0, 0x7f, 0xff, 0xff, 0xff, 0xc0, 0x0,
    0x0, 0x0, 0x0, 0x7f, 0xff, 0xff, 0xff, 0x80,
    0x0, 0x0, 0x0, 0x0, 0xff, 0xff, 0xff, 0xfe,
    0x0, 0x0, 0x0, 0x0, 0x1, 0xff, 0xff, 0xff,
    0xf8, 0x0, 0x0, 0x0, 0x0, 0x3, 0xff, 0xff,
    0xff, 0xf0, 0x0, 0x0, 0x0, 0x0, 0x7, 0xff,
    0xff, 0xff, 0xc0, 0x0, 0x0, 0x0, 0x0, 0x7,
    0xff, 0xff, 0xff, 0x80, 0x0, 0x0, 0x0, 0x0,
    0x7, 0xff, 0xff, 0xfc, 0x0, 0x0, 0x0, 0x0,

    /* U+0077 "w" */
    0x3f, 0xff, 0xf0, 0x0, 0x0, 0x3, 0xff, 0xf0,
    0x0, 0x0, 0x1, 0xff, 0xff, 0x9f, 0xff, 0xfe,
    0x0, 0x0, 0x1, 0xff, 0xfe, 0x0, 0x0, 0x1,
    0xff, 0xff, 0xff, 0xff, 0xff, 0x80, 0x0, 0x0,
    0xff, 0xff, 0xc0, 0x0, 0x0, 0xff, 0xff, 0xff,
    0xff, 0xff, 0xf0, 0x0, 0x0, 0x7f, 0xff, 0xf0,
    0x0, 0x0, 0x3f, 0xff, 0xff, 0xff, 0xff, 0xfc,
    0x0, 0x0, 0x1f, 0xff, 0xfc, 0x0, 0x0, 0x1f,
    0xff, 0xff, 0xbf, 0xff, 0xff, 0x0, 0x0, 0xf,
    0xff, 0xff, 0x80, 0x0, 0x7, 0xff, 0xff, 0xe7,
    0xff, 0xff, 0xc0, 0x0, 0x3, 0xff, 0xff, 0xe0,
    0x0, 0x3, 0xff, 0xff, 0xf1, 0xff, 0xff, 0xf0,
    0x0, 0x1, 0xff, 0xff, 0xf8, 0x0, 0x0, 0xff,
    0xff, 0xf8, 0x7f, 0xff, 0xfe, 0x0, 0x0, 0x7f,
    0xff, 0xfe, 0x0, 0x0, 0x7f, 0xff, 0xfe, 0x1f,
    0xff, 0xff, 0x80, 0x0, 0x3f, 0xff, 0xff, 0x80,
    0x0, 0x1f, 0xff, 0xff, 0x7, 0xff, 0xff, 0xe0,
    0x0, 0xf, 0xff, 0xff, 0xe0, 0x0, 0xf, 0xff,
    0xff, 0xc0, 0xff, 0xff, 0xf8, 0x0, 0x7, 0xff,
    0xff, 0xfc, 0x0, 0x7, 0xff, 0xff, 0xe0, 0x3f,
    0xff, 0xfe, 0x0, 0x3, 0xff, 0xff, 0xff, 0x0,
    0x1, 0xff, 0xff, 0xf8, 0xf, 0xff, 0xff, 0xc0,
    0x0, 0xff, 0xff, 0xff, 0xc0, 0x0, 0xff, 0xff,
    0xfc, 0x3, 0xff, 0xff, 0xf0, 0x0, 0x7f, 0xff,
    0xff, 0xf0, 0x0, 0x3f, 0xff, 0xff, 0x0, 0xff,
    0xff, 0xfc, 0x0, 0x1f, 0xff, 0xff, 0xfc, 0x0,
    0x1f, 0xff, 0xff, 0x80, 0x1f, 0xff, 0xff, 0x0,
    0xf, 0xff, 0xff, 0xff, 0x80, 0x7, 0xff, 0xff,
    0xc0, 0x7, 0xff, 0xff, 0xc0, 0x3, 0xff, 0xff,
    0xff, 0xe0, 0x3, 0xff, 0xff, 0xf0, 0x1, 0xff,
    0xff, 0xf8, 0x1, 0xff, 0xff, 0xff, 0xf8, 0x0,
    0xff, 0xff, 0xf8, 0x0, 0x7f, 0xff, 0xfe, 0x0,
    0x7f, 0xff, 0xff, 0xfe, 0x0, 0x7f, 0xff, 0xfe,
    0x0, 0x1f, 0xff, 0xff, 0x80, 0x3f, 0xff, 0xff,
    0xff, 0x80, 0x3f, 0xff, 0xff, 0x0, 0x7, 0xff,
    0xff, 0xe0, 0x1f, 0xff, 0xff, 0xff, 0xf0, 0xf,
    0xff, 0xff, 0xc0, 0x0, 0xff, 0xff, 0xf8, 0x7,
    0xff, 0xff, 0xff, 0xfc, 0x7, 0xff, 0xff, 0xe0,
    0x0, 0x3f, 0xff, 0xfe, 0x3, 0xff, 0xff, 0xff,
    0xff, 0x1, 0xff, 0xff, 0xf8, 0x0, 0xf, 0xff,
    0xff, 0xc0, 0xff, 0xff, 0xff, 0xff, 0xc0, 0xff,
    0xff, 0xfc, 0x0, 0x3, 0xff, 0xff, 0xf0, 0x7f,
    0xff, 0xff, 0xff, 0xf0, 0x3f, 0xff, 0xfe, 0x0,
    0x0, 0xff, 0xff, 0xfc, 0x1f, 0xff, 0xff, 0xff,
    0xfc, 0x1f, 0xff, 0xff, 0x80, 0x0, 0x1f, 0xff,
    0xff, 0xf, 0xff, 0xff, 0xff, 0xff, 0x87, 0xff,
    0xff, 0xc0, 0x0, 0x7, 0xff, 0xff, 0xc3, 0xff,
    0xff, 0xff, 0xff, 0xe3, 0xff, 0xff, 0xf0, 0x0,
    0x1, 0xff, 0xff, 0xf9, 0xff, 0xff, 0xff, 0xff,
    0xf8, 0xff, 0xff, 0xf8, 0x0, 0x0, 0x7f, 0xff,
    0xfe, 0xff, 0xff, 0xff, 0xff, 0xfe, 0x7f, 0xff,
    0xfe, 0x0, 0x0, 0x1f, 0xff, 0xff, 0xbf, 0xff,
    0xff, 0xff, 0xff, 0xbf, 0xff, 0xff, 0x0, 0x0,
    0x3, 0xff, 0xff, 0xff, 0xff, 0xfe, 0xff, 0xff,
    0xff, 0xff, 0xff, 0xc0, 0x0, 0x0, 0xff, 0xff,
    0xff, 0xff, 0xff, 0xbf, 0xff, 0xff, 0xff, 0xff,
    0xe0, 0x0, 0x0, 0x3f, 0xff, 0xff, 0xff, 0xff,
    0xcf, 0xff, 0xff, 0xff, 0xff, 0xf0, 0x0, 0x0,
    0xf, 0xff, 0xff, 0xff, 0xff, 0xf3, 0xff, 0xff,
    0xff, 0xff, 0xfc, 0x0, 0x0, 0x3, 0xff, 0xff,
    0xff, 0xff, 0xf8, 0x7f, 0xff, 0xff, 0xff, 0xfe,
    0x0, 0x0, 0x0, 0xff, 0xff, 0xff, 0xff, 0xfe,
    0x1f, 0xff, 0xff, 0xff, 0xff, 0x80, 0x0, 0x0,
    0x1f, 0xff, 0xff, 0xff, 0xff, 0x7, 0xff, 0xff,
    0xff, 0xff, 0xc0, 0x0, 0x0, 0x7, 0xff, 0xff,
    0xff, 0xff, 0x81, 0xff, 0xff, 0xff, 0xff, 0xf0,
    0x0, 0x0, 0x1, 0xff, 0xff, 0xff, 0xff, 0xe0,
    0x7f, 0xff, 0xff, 0xff, 0xf8, 0x0, 0x0, 0x0,
    0x7f, 0xff, 0xff, 0xff, 0xf0, 0xf, 0xff, 0xff,
    0xff, 0xfe, 0x0, 0x0, 0x0, 0x1f, 0xff, 0xff,
    0xff, 0xfc, 0x3, 0xff, 0xff, 0xff, 0xff, 0x0,
    0x0, 0x0, 0x3, 0xff, 0xff, 0xff, 0xfe, 0x0,
    0xff, 0xff, 0xff, 0xff, 0xc0, 0x0, 0x0, 0x0,
    0xff, 0xff, 0xff, 0xff, 0x80, 0x3f, 0xff, 0xff,
    0xff, 0xe0, 0x0, 0x0, 0x0, 0x3f, 0xff, 0xff,
    0xff, 0xc0, 0xf, 0xff, 0xff, 0xff, 0xf0, 0x0,
    0x0, 0x0, 0xf, 0xff, 0xff, 0xff, 0xf0, 0x1,
    0xff, 0xff, 0xff, 0xfc, 0x0, 0x0, 0x0, 0x3,
    0xff, 0xff, 0xff, 0xf8, 0x0, 0x7f, 0xff, 0xff,
    0xfe, 0x0, 0x0, 0x0, 0x0, 0x7f, 0xff, 0xff,
    0xfc, 0x0, 0x1f, 0xff, 0xff, 0xff, 0x80, 0x0,
    0x0, 0x0, 0x1f, 0xff, 0xff, 0xff, 0x0, 0x7,
    0xff, 0xff, 0xff, 0xc0, 0x0, 0x0, 0x0, 0x7,
    0xff, 0xff, 0xff, 0x80, 0x1, 0xff, 0xff, 0xff,
    0xf0, 0x0, 0x0, 0x0, 0x1, 0xff, 0xff, 0xff,
    0xe0, 0x0, 0x3f, 0xff, 0xff, 0xf8, 0x0, 0x0,
    0x0, 0x0, 0x7f, 0xff, 0xff, 0xf0, 0x0, 0xf,
    0xff, 0xff, 0xfe, 0x0, 0x0, 0x0, 0x0, 0x1f,
    0xff, 0xff, 0xfc, 0x0, 0x3, 0xff, 0xff, 0xff,
    0x0, 0x0, 0x0, 0x0, 0x3, 0xff, 0xff, 0xfe,
    0x0, 0x0, 0xff, 0xff, 0xff, 0x80, 0x0, 0x0,
    0x0, 0x0, 0xff, 0xff, 0xff, 0x0, 0x0, 0x3f,
    0xff, 0xff, 0xe0, 0x0, 0x0, 0x0, 0x0, 0x3f,
    0xff, 0xff, 0xc0, 0x0, 0xf, 0xff, 0xff, 0xf0,
    0x0, 0x0, 0x0, 0x0, 0xf, 0xff, 0xff, 0xe0,
    0x0, 0x1, 0xff, 0xff, 0xfc, 0x0, 0x0, 0x0,
    0x0, 0x3, 0xff, 0xff, 0xf8, 0x0, 0x0, 0x7f,
    0xff, 0xfe, 0x0, 0x0, 0x0, 0x0, 0x0, 0x7f,
    0xff, 0xfc, 0x0, 0x0, 0x1f, 0xff, 0xff, 0x80,
    0x0, 0x0, 0x0, 0x0, 0x1f, 0xff, 0xff, 0x0,
    0x0, 0x7, 0xff, 0xff, 0xc0, 0x0, 0x0, 0x0,
    0x0, 0x7, 0xff, 0xff, 0x80, 0x0, 0x1, 0xff,
    0xff, 0xf0, 0x0, 0x0, 0x0, 0x0, 0x0, 0xff,
    0xff, 0xc0, 0x0, 0x0, 0x3f, 0xff, 0xf8, 0x0,
    0x0, 0x0, 0x0, 0x0, 0x1f, 0xff, 0xe0, 0x0,
    0x0, 0x7, 0xff, 0xf8, 0x0, 0x0, 0x0, 0x0,

    /* U+0078 "x" */
    0x0, 0x3, 0xff, 0xff, 0xe0, 0x0, 0x0, 0xff,
    0xff, 0xf8, 0x0, 0x1f, 0xff, 0xff, 0xc0, 0x0,
    0x7, 0xff, 0xff, 0xf0, 0x0, 0xff, 0xff, 0xff,
    0x0, 0x0, 0x3f, 0xff, 0xff, 0xc0, 0x3, 0xff,
    0xff, 0xfe, 0x0, 0x1, 0xff, 0xff, 0xff, 0x0,
    0x7, 0xff, 0xff, 0xf8, 0x0, 0xf, 0xff, 0xff,
    0xf8, 0x0, 0x1f, 0xff, 0xff, 0xf0, 0x0, 0x7f,
    0xff, 0xff, 0xc0, 0x0, 0x3f, 0xff, 0xff, 0xc0,
    0x3, 0xff, 0xff, 0xfe, 0x0, 0x0, 0xff, 0xff,
    0xff, 0x80, 0x1f, 0xff, 0xff, 0xf0, 0x0, 0x1,
    0xff, 0xff, 0xff, 0x0, 0x7f, 0xff, 0xff, 0xc0,
    0x0, 0x7, 0xff, 0xff, 0xfc, 0x3, 0xff, 0xff,
    0xfe, 0x0, 0x0, 0xf, 0xff, 0xff, 0xf8, 0x1f,
    0xff, 0xff, 0xf0, 0x0, 0x0, 0x3f, 0xff, 0xff,
    0xe0, 0xff, 0xff, 0xff, 0x80, 0x0, 0x0, 0x7f,
    0xff, 0xff, 0xc7, 0xff, 0xff, 0xfc, 0x0, 0x0,
    0x0, 0xff, 0xff, 0xff, 0x3f, 0xff, 0xff, 0xe0,
    0x0, 0x0, 0x3, 0xff, 0xff, 0xff, 0xff, 0xff,
    0xff, 0x0, 0x0, 0x0, 0x7, 0xff, 0xff, 0xff,
    0xff, 0xff, 0xf8, 0x0, 0x0, 0x0, 0x1f, 0xff,
    0xff, 0xff, 0xff, 0xff, 0xc0, 0x0, 0x0, 0x0,
    0x3f, 0xff, 0xff, 0xff, 0xff, 0xfe, 0x0, 0x0,
    0x0, 0x0, 0xff, 0xff, 0xff, 0xff, 0xff, 0xf0,
    0x0, 0x0, 0x0, 0x1, 0xff, 0xff, 0xff, 0xff,
    0xff, 0x80, 0x0, 0x0, 0x0, 0x7, 0xff, 0xff,
    0xff, 0xff, 0xfc, 0x0, 0x0, 0x0, 0x0, 0xf,
    0xff, 0xff, 0xff, 0xff, 0xf0, 0x0, 0x0, 0x0,
    0x0, 0x1f, 0xff, 0xff, 0xff, 0xff, 0x80, 0x0,
    0x0, 0x0, 0x0, 0x7f, 0xff, 0xff, 0xff, 0xfc,
    0x0, 0x0, 0x0, 0x0, 0x0, 0xff, 0xff, 0xff,
    0xff, 0xe0, 0x0, 0x0, 0x0, 0x0, 0x3, 0xff,
    0xff, 0xff, 0xff, 0x0, 0x0, 0x0, 0x0, 0x0,
    0x7, 0xff, 0xff, 0xff, 0xf8, 0x0, 0x0, 0x0,
    0x0, 0x0, 0x1f, 0xff, 0xff, 0xff, 0xc0, 0x0,
    0x0, 0x0, 0x0, 0x0, 0x3f, 0xff, 0xff, 0xfe,
    0x0, 0x0, 0x0, 0x0, 0x0, 0x0, 0xff, 0xff,
    0xff, 0xf0, 0x0, 0x0, 0x0, 0x0, 0x0, 0x1,
    0xff, 0xff, 0xff, 0x80, 0x0, 0x0, 0x0, 0x0,
    0x0, 0x7, 0xff, 0xff, 0xfe, 0x0, 0x0, 0x0,
    0x0, 0x0, 0x0, 0x3f, 0xff, 0xff, 0xf8, 0x0,
    0x0, 0x0, 0x0, 0x0, 0x1, 0xff, 0xff, 0xff,
    0xf0, 0x0, 0x0, 0x0, 0x0, 0x0, 0x7, 0xff,
    0xff, 0xff, 0xc0, 0x0, 0x0, 0x0, 0x0, 0x0,
    0x3f, 0xff, 0xff, 0xff, 0x80, 0x0, 0x0, 0x0,
    0x0, 0x1, 0xff, 0xff, 0xff, 0xfe, 0x0, 0x0,
    0x0, 0x0, 0x0, 0xf, 0xff, 0xff, 0xff, 0xfc,
    0x0, 0x0, 0x0, 0x0, 0x0, 0x7f, 0xff, 0xff,
    0xff, 0xf0, 0x0, 0x0, 0x0, 0x0, 0x3, 0xff,
    0xff, 0xff, 0xff, 0xe0, 0x0, 0x0, 0x0, 0x0,
    0x1f, 0xff, 0xff, 0xff, 0xff, 0x80, 0x0, 0x0,
    0x0, 0x0, 0xff, 0xff, 0xff, 0xff, 0xff, 0x0,
    0x0, 0x0, 0x0, 0x7, 0xff, 0xff, 0xff, 0xff,
    0xfe, 0x0, 0x0, 0x0, 0x0, 0x3f, 0xff, 0xff,
    0xff, 0xff, 0xf8, 0x0, 0x0, 0x0, 0x1, 0xff,
    0xff, 0xff, 0xff, 0xff, 0xf0, 0x0, 0x0, 0x0,
    0xf, 0xff, 0xff, 0xff, 0xff, 0xff, 0xc0, 0x0,
    0x0, 0x0, 0x7f, 0xff, 0xff, 0xff, 0xff, 0xff,
    0x80, 0x0, 0x0, 0x1, 0xff, 0xff, 0xff, 0xff,
    0xff, 0xfe, 0x0, 0x0, 0x0, 0xf, 0xff, 0xff,
    0xff, 0xff, 0xff, 0xfc, 0x0, 0x0, 0x0, 0x7f,
    0xff, 0xff, 0xcf, 0xff, 0xff, 0xf0, 0x0, 0x0,
    0x3, 0xff, 0xff, 0xfe, 0x3f, 0xff, 0xff, 0xe0,
    0x0, 0x0, 0x1f, 0xff, 0xff, 0xf0, 0x7f, 0xff,
    0xff, 0xc0, 0x0, 0x0, 0xff, 0xff, 0xff, 0x81,
    0xff, 0xff, 0xff, 0x0, 0x0, 0x7, 0xff, 0xff,
    0xfc, 0x3, 0xff, 0xff, 0xfe, 0x0, 0x0, 0x3f,
    0xff, 0xff, 0xe0, 0xf, 0xff, 0xff, 0xf8, 0x0,
    0x1, 0xff, 0xff, 0xff, 0x0, 0x1f, 0xff, 0xff,
    0xf0, 0x0, 0xf, 0xff, 0xff, 0xf8, 0x0, 0x3f,
    0xff, 0xff, 0xc0, 0x0, 0x7f, 0xff, 0xff, 0xc0,
    0x0, 0xff, 0xff, 0xff, 0x80, 0x3, 0xff, 0xff,
    0xfe, 0x0, 0x1, 0xff, 0xff, 0xfe, 0x0, 0x1f,
    0xff, 0xff, 0xf8, 0x0, 0x7, 0xff, 0xff, 0xfc,
    0x0, 0x7f, 0xff, 0xff, 0xc0, 0x0, 0xf, 0xff,
    0xff, 0xf0, 0x3, 0xff, 0xff, 0xfe, 0x0, 0x0,
    0x3f, 0xff, 0xff, 0xc0, 0x7, 0xff, 0xff, 0xf0,
    0x0, 0x0, 0x7f, 0xff, 0xff, 0x0, 0x1f, 0xff,
    0xff, 0x0, 0x0, 0x0, 0xff, 0xff, 0xf8, 0x0,

    /* U+0079 "y" */
    0x3f, 0xff, 0xf8, 0x0, 0x0, 0x1, 0xff, 0xff,
    0x8f, 0xff, 0xff, 0x80, 0x0, 0x0, 0xff, 0xff,
    0xf9, 0xff, 0xff, 0xf0, 0x0, 0x0, 0x1f, 0xff,
    0xff, 0x3f, 0xff, 0xff, 0x0, 0x0, 0x7, 0xff,
    0xff, 0xe7, 0xff, 0xff, 0xe0, 0x0, 0x1, 0xff,
    0xff, 0xf8, 0xff, 0xff, 0xfc, 0x0, 0x0, 0x7f,
    0xff, 0xff, 0xf, 0xff, 0xff, 0xc0, 0x0, 0x1f,
    0xff, 0xff, 0xc1, 0xff, 0xff, 0xf8, 0x0, 0x3,
    0xff, 0xff, 0xf0, 0x1f, 0xff, 0xff, 0x80, 0x0,
    0xff, 0xff, 0xfc, 0x3, 0xff, 0xff, 0xf0, 0x0,
    0x3f, 0xff, 0xff, 0x80, 0x7f, 0xff, 0xff, 0x0,
    0xf, 0xff, 0xff, 0xe0, 0x7, 0xff, 0xff, 0xe0,
    0x1, 0xff, 0xff, 0xf8, 0x0, 0xff, 0xff, 0xfc,
    0x0, 0x7f, 0xff, 0xfe, 0x0, 0xf, 0xff, 0xff,
    0xc0, 0x1f, 0xff, 0xff, 0x80, 0x1, 0xff, 0xff,
    0xf8, 0x7, 0xff, 0xff, 0xf0, 0x0, 0x3f, 0xff,
    0xff, 0x81, 0xff, 0xff, 0xfc, 0x0, 0x3, 0xff,
    0xff, 0xf0, 0x3f, 0xff, 0xff, 0x0, 0x0, 0x7f,
    0xff, 0xfe, 0xf, 0xff, 0xff, 0xc0, 0x0, 0x7,
    0xff, 0xff, 0xe3, 0xff, 0xff, 0xf0, 0x0, 0x0,
    0xff, 0xff, 0xfc, 0xff, 0xff, 0xfe, 0x0, 0x0,
    0xf, 0xff, 0xff, 0xff, 0xff, 0xff, 0x80, 0x0,
    0x1, 0xff, 0xff, 0xff, 0xff, 0xff, 0xe0, 0x0,
    0x0, 0x3f, 0xff, 0xff, 0xff, 0xff, 0xf8, 0x0,
    0x0, 0x3, 0xff, 0xff, 0xff, 0xff, 0xff, 0x0,
    0x0, 0x0, 0x7f, 0xff, 0xff, 0xff, 0xff, 0xc0,
    0x0, 0x0, 0x7, 0xff, 0xff, 0xff, 0xff, 0xf0,
    0x0, 0x0, 0x0, 0xff, 0xff, 0xff, 0xff, 0xfc,
    0x0, 0x0, 0x0, 0xf, 0xff, 0xff, 0xff, 0xff,
    0x0, 0x0, 0x0, 0x1, 0xff, 0xff, 0xff, 0xff,
    0xe0, 0x0, 0x0, 0x0, 0x3f, 0xff, 0xff, 0xff,
    0xf8, 0x0, 0x0, 0x0, 0x3, 0xff, 0xff, 0xff,
    0xfe, 0x0, 0x0, 0x0, 0x0, 0x7f, 0xff, 0xff,
    0xff, 0x80, 0x0, 0x0, 0x0, 0x7, 0xff, 0xff,
    0xff, 0xf0, 0x0, 0x0, 0x0, 0x0, 0xff, 0xff,
    0xff, 0xfc, 0x0, 0x0, 0x0, 0x0, 0xf, 0xff,
    0xff, 0xff, 0x0, 0x0, 0x0, 0x0, 0x1, 0xff,
    0xff, 0xff, 0xc0, 0x0, 0x0, 0x0, 0x0, 0x3f,
    0xff, 0xff, 0xf0, 0x0, 0x0, 0x0, 0x0, 0x3,
    0xff, 0xff, 0xfe, 0x0, 0x0, 0x0, 0x0, 0x0,
    0x7f, 0xff, 0xff, 0x80, 0x0, 0x0, 0x0, 0x0,
    0x7, 0xff, 0xff, 0xe0, 0x0, 0x0, 0x0, 0x0,
    0x0, 0xff, 0xff, 0xf8, 0x0, 0x0, 0x0, 0x0,
    0x0, 0x1f, 0xff, 0xff, 0x0, 0x0, 0x0, 0x0,
    0x0, 0x3, 0xff, 0xff, 0xc0, 0x0, 0x0, 0x0,
    0x0, 0x0, 0x7f, 0xff, 0xf8, 0x0, 0x0, 0x0,
    0x0, 0x0, 0xf, 0xff, 0xff, 0x0, 0x0, 0x0,
    0x0, 0x0, 0x1, 0xff, 0xff, 0xe0, 0x0, 0x0,
    0x0, 0x0, 0x0, 0x7f, 0xff, 0xfc, 0x0, 0x0,
    0x0, 0x0, 0x0, 0xf, 0xff, 0xff, 0x0, 0x0,
    0x0, 0x0, 0x0, 0x1, 0xff, 0xff, 0xe0, 0x0,
    0x0, 0x0, 0x0, 0x0, 0x3f, 0xff, 0xfc, 0x0,
    0x0, 0x0, 0x0, 0x0, 0x7, 0xff, 0xff, 0x80,
    0x0, 0x0, 0x0, 0x0, 0x1, 0xff, 0xff, 0xf0,
    0x0, 0x0, 0x0, 0x0, 0x0, 0x3f, 0xff, 0xfe,
    0x0, 0x0, 0x0, 0x0, 0x0, 0x7, 0xff, 0xff,
    0x80, 0x0, 0x0, 0x0, 0x0, 0x0, 0xff, 0xff,
    0xf0, 0x0, 0x0, 0x0, 0x0, 0x0, 0x1f, 0xff,
    0xfe, 0x0, 0x0, 0x0, 0x0, 0x0, 0x3, 0xff,
    0xff, 0xc0, 0x0, 0x0, 0x0, 0x0, 0x0, 0xff,
    0xff, 0xf8, 0x0, 0x0, 0x0, 0x0, 0x0, 0x1f,
    0xff, 0xfe, 0x0, 0x0, 0x0, 0x0, 0x0, 0x3,
    0xff, 0xff, 0xc0, 0x0, 0x0, 0x0, 0x0, 0x0,
    0x7f, 0xff, 0xf8, 0x0, 0x0, 0x0, 0x0, 0x0,
    0xf, 0xff, 0xff, 0x0, 0x0, 0x0, 0x0, 0x0,
    0x1, 0xff, 0xff, 0xc0, 0x0, 0x0, 0x0, 0x0,
    0x0, 0xf, 0xff, 0xe0, 0x0, 0x0, 0x0, 0x0,

    /* U+007A "z" */
    0x0, 0x7, 0xff, 0xff, 0xff, 0xff, 0xff, 0xff,
    0xff, 0x0, 0x3, 0xff, 0xff, 0xff, 0xff, 0xff,
    0xff, 0xff, 0xe0, 0x1, 0xff, 0xff, 0xff, 0xff,
    0xff, 0xff, 0xff, 0xf8, 0x0, 0x7f, 0xff, 0xff,
    0xff, 0xff, 0xff, 0xff, 0xfe, 0x0, 0x1f, 0xff,
    0xff, 0xff, 0xff, 0xff, 0xff, 0xff, 0x80, 0x7,
    0xff, 0xff, 0xff, 0xff, 0xff, 0xff, 0xff, 0xe0,
    0x3, 0xff, 0xff, 0xff, 0xff, 0xff, 0xff, 0xff,
    0xf8, 0x0, 0xff, 0xff, 0xff, 0xff, 0xff, 0xff,
    0xff, 0xfe, 0x0, 0x3f, 0xff, 0xff, 0xff, 0xff,
    0xff, 0xff, 0xff, 0x80, 0xf, 0xff, 0xff, 0xff,
    0xff, 0xff, 0xff, 0xff, 0xc0, 0x3, 0xff, 0xff,
    0xff, 0xff, 0xff, 0xff, 0xff, 0xf0, 0x1, 0xff,
    0xff, 0xff, 0xff, 0xff, 0xff, 0xff, 0xfc, 0x0,
    0x7f, 0xff, 0xff, 0xff, 0xff, 0xff, 0xff, 0xff,
    0x0, 0x1f, 0xff, 0xff, 0xff, 0xff, 0xff, 0xff,
    0xff, 0xc0, 0x7, 0xff, 0xff, 0xff, 0xff, 0xff,
    0xff, 0xff, 0xe0, 0x0, 0xff, 0xff, 0xff, 0xff,
    0xff, 0xff, 0xff, 0xf8, 0x0, 0x1f, 0xff, 0xff,
    0xff, 0xff, 0xff, 0xff, 0xfc, 0x0, 0x0, 0x0,
    0x0, 0x0, 0x3f, 0xff, 0xff, 0xff, 0x0, 0x0,
    0x0, 0x0, 0x0, 0x3f, 0xff, 0xff, 0xff, 0x80,
    0x0, 0x0, 0x0, 0x0, 0x1f, 0xff, 0xff, 0xff,
    0xc0, 0x0, 0x0, 0x0, 0x0, 0xf, 0xff, 0xff,
    0xff, 0xe0, 0x0, 0x0, 0x0, 0x0, 0xf, 0xff,
    0xff, 0xff, 0xe0, 0x0, 0x0, 0x0, 0x0, 0x7,
    0xff, 0xff, 0xff, 0xf0, 0x0, 0x0, 0x0, 0x0,
    0x3, 0xff, 0xff, 0xff, 0xf8, 0x0, 0x0, 0x0,
    0x0, 0x1, 0xff, 0xff, 0xff, 0xfc, 0x0, 0x0,
    0x0, 0x0, 0x1, 0xff, 0xff, 0xff, 0xfc, 0x0,
    0x0, 0x0, 0x0, 0x0, 0xff, 0xff, 0xff, 0xfe,
    0x0, 0x0, 0x0, 0x0, 0x0, 0x7f, 0xff, 0xff,
    0xff, 0x0, 0x0, 0x0, 0x0, 0x0, 0x3f, 0xff,
    0xff, 0xff, 0x80, 0x0, 0x0, 0x0, 0x0, 0x3f,
    0xff, 0xff, 0xff, 0xc0, 0x0, 0x0, 0x0, 0x0,
    0x1f, 0xff, 0xff, 0xff, 0xc0, 0x0, 0x0, 0x0,
    0x0, 0xf, 0xff, 0xff, 0xff, 0xe0, 0x0, 0x0,
    0x0, 0x0, 0x7, 0xff, 0xff, 0xff, 0xf0, 0x0,
    0x0, 0x0, 0x0, 0x7, 0xff, 0xff, 0xff, 0xf8,
    0x0, 0x0, 0x0, 0x0, 0x3, 0xff, 0xff, 0xff,
    0xf8, 0x0, 0x0, 0x0, 0x0, 0x1, 0xff, 0xff,
    0xff, 0xfc, 0x0, 0x0, 0x0, 0x0, 0x0, 0xff,
    0xff, 0xff, 0xfe, 0x0, 0x0, 0x0, 0x0, 0x0,
    0xff, 0xff, 0xff, 0xff, 0x0, 0x0, 0x0, 0x0,
    0x0, 0x7f, 0xff, 0xff, 0xff, 0x0, 0x0, 0x0,
    0x0, 0x0, 0x3f, 0xff, 0xff, 0xff, 0x80, 0x0,
    0x0, 0x0, 0x0, 0x1f, 0xff, 0xff, 0xff, 0xc0,
    0x0, 0x0, 0x0, 0x0, 0x1f, 0xff, 0xff, 0xff,
    0xe0, 0x0, 0x0, 0x0, 0x0, 0xf, 0xff, 0xff,
    0xff, 0xf0, 0x0, 0x0, 0x0, 0x0, 0x7, 0xff,
    0xff, 0xff, 0xf0, 0x0, 0x0, 0x0, 0x0, 0x3,
    0xff, 0xff, 0xff, 0xf8, 0x0, 0x0, 0x0, 0x0,
    0x1, 0xff, 0xff, 0xff, 0xfc, 0x0, 0x0, 0x0,
    0x0, 0x0, 0xff, 0xff, 0xff, 0xfe, 0x0, 0x0,
    0x0, 0x0, 0x0, 0x7f, 0xff, 0xff, 0xff, 0xff,
    0xff, 0xff, 0xf8, 0x0, 0x1f, 0xff, 0xff, 0xff,
    0xff, 0xff, 0xff, 0xff, 0x80, 0xf, 0xff, 0xff,
    0xff, 0xff, 0xff, 0xff, 0xff, 0xe0, 0x3, 0xff,
    0xff, 0xff, 0xff, 0xff, 0xff, 0xff, 0xf8, 0x0,
    0xff, 0xff, 0xff, 0xff, 0xff, 0xff, 0xff, 0xfe,
    0x0, 0x3f, 0xff, 0xff, 0xff, 0xff, 0xff, 0xff,
    0xff, 0x80, 0x1f, 0xff, 0xff, 0xff, 0xff, 0xff,
    0xff, 0xff, 0xe0, 0x7, 0xff, 0xff, 0xff, 0xff,
    0xff, 0xff, 0xff, 0xf0, 0x1, 0xff, 0xff, 0xff,
    0xff, 0xff, 0xff, 0xff, 0xfc, 0x0, 0x7f, 0xff,
    0xff, 0xff, 0xff, 0xff, 0xff, 0xff, 0x0, 0x1f,
    0xff, 0xff, 0xff, 0xff, 0xff, 0xff, 0xff, 0xc0,
    0xf, 0xff, 0xff, 0xff, 0xff, 0xff, 0xff, 0xff,
    0xf0, 0x3, 0xff, 0xff, 0xff, 0xff, 0xff, 0xff,
    0xff, 0xf8, 0x0, 0xff, 0xff, 0xff, 0xff, 0xff,
    0xff, 0xff, 0xfe, 0x0, 0x3f, 0xff, 0xff, 0xff,
    0xff, 0xff, 0xff, 0xff, 0x80, 0x7, 0xff, 0xff,
    0xff, 0xff, 0xff, 0xff, 0xff, 0xc0, 0x0, 0xff,
    0xff, 0xff, 0xff, 0xff, 0xff, 0xff, 0xe0, 0x0,

    /* U+007B "{" */
    0x0, 0x0, 0x0, 0x3, 0xff, 0xff, 0x0, 0x0,
    0x0, 0x7, 0xff, 0xff, 0xe0, 0x0, 0x0, 0xf,
    0xff, 0xff, 0xf8, 0x0, 0x0, 0x7, 0xff, 0xff,
    0xfe, 0x0, 0x0, 0x7, 0xff, 0xff, 0xff, 0x80,
    0x0, 0x3, 0xff, 0xff, 0xff, 0xe0, 0x0, 0x1,
    0xff, 0xff, 0xff, 0xf8, 0x0, 0x0, 0xff, 0xff,
    0xff, 0xfc, 0x0, 0x0, 0x7f, 0xff, 0xff, 0xff,
    0x0, 0x0, 0x3f, 0xff, 0xff, 0xff, 0xc0, 0x0,
    0xf, 0xff, 0xff, 0xff, 0xf0, 0x0, 0x7, 0xff,
    0xff, 0xff, 0xfc, 0x0, 0x3, 0xff, 0xff, 0xff,
    0xfe, 0x0, 0x0, 0xff, 0xff, 0xff, 0xff, 0x80,
    0x0, 0x3f, 0xff, 0xff, 0xff, 0xe0, 0x0, 0x1f,
    0xff, 0xff, 0xff, 0xf0, 0x0, 0x7, 0xff, 0xff,
    0xff, 0xf8, 0x0, 0x1, 0xff, 0xff, 0xf8, 0x0,
    0x0, 0x0, 0xff, 0xff, 0xfc, 0x0, 0x0, 0x0,
    0x3f, 0xff, 0xfe, 0x0, 0x0, 0x0, 0xf, 0xff,
    0xff, 0x80, 0x0, 0x0, 0x3, 0xff, 0xff, 0xe0,
    0x0, 0x0, 0x0, 0xff, 0xff, 0xf0, 0x0, 0x0,
    0x0, 0x3f, 0xff, 0xfc, 0x0, 0x0, 0x0, 0x1f,
    0xff, 0xff, 0x0, 0x0, 0x0, 0x7, 0xff, 0xff,
    0xc0, 0x0, 0x0, 0x1, 0xff, 0xff, 0xe0, 0x0,
    0x0, 0x0, 0xff, 0xff, 0xf8, 0x0, 0x0, 0x0,
    0x3f, 0xff, 0xfc, 0x0, 0x0, 0x0, 0x1f, 0xff,
    0xfe, 0x0, 0x0, 0x0, 0xf, 0xff, 0xff, 0x80,
    0x0, 0x0, 0x3, 0xff, 0xff, 0xc0, 0x0, 0x0,
    0x1, 0xff, 0xff, 0xe0, 0x0, 0x0, 0x0, 0xff,
    0xff, 0xf0, 0x0, 0x0, 0x0, 0x7f, 0xff, 0xfc,
    0x0, 0x0, 0x0, 0x3f, 0xff, 0xfe, 0x0, 0x0,
    0x0, 0xf, 0xff, 0xff, 0x0, 0x0, 0x0, 0x7,
    0xff, 0xff, 0x80, 0x0, 0x0, 0x3, 0xff, 0xff,
    0xe0, 0x0, 0x0, 0x1, 0xff, 0xff, 0xf0, 0x0,
    0x0, 0x0, 0x7f, 0xff, 0xfc, 0x0, 0x0, 0x0,
    0x1f, 0xff, 0xff, 0x0, 0x0, 0x0, 0x7, 0xff,
    0xff, 0xc0, 0x0, 0x0, 0x1, 0xff, 0xff, 0xf0,
    0x0, 0x0, 0x0, 0x3f, 0xff, 0xfe, 0x0, 0x0,
    0x0, 0xf, 0xff, 0xff, 0x80, 0x0, 0x0, 0x1,
    0xff, 0xff, 0xf0, 0x0, 0x0, 0x0, 0x7f, 0xff,
    0xfc, 0x0, 0x0, 0x0, 0xf, 0xff, 0xff, 0x0,
    0x0, 0x0, 0x3, 0xff, 0xff, 0xe0, 0x0, 0x0,
    0x0, 0xff, 0xff, 0xf8, 0x0, 0x0, 0x0, 0x1f,
    0xff, 0xff, 0x0, 0x0, 0x0, 0x7, 0xff, 0xff,
    0xc0, 0x0, 0x0, 0x1, 0xff, 0xff, 0xf0, 0x0,
    0x0, 0x0, 0x7f, 0xff, 0xfc, 0x0, 0x0, 0x0,
    0x1f, 0xff, 0xff, 0x0, 0x0, 0x0, 0x7, 0xff,
    0xff, 0xc0, 0x0, 0x0, 0x1, 0xff, 0xff, 0xf0,
    0x0, 0x0, 0x0, 0x7f, 0xff, 0xfc, 0x0, 0x0,
    0x0, 0x1f, 0xff, 0xff, 0x0, 0x0, 0x0, 0x7,
    0xff, 0xff, 0xc0, 0x0, 0x0, 0x1, 0xff, 0xff,
    0xf0, 0x0, 0x0, 0x0, 0xff, 0xff, 0xfc, 0x0,
    0x0, 0x0, 0x3f, 0xff, 0xfe, 0x0, 0x0, 0x0,
    0xf, 0xff, 0xff, 0x80, 0x0, 0x0, 0x3, 0xff,
    0xff, 0xe0, 0x0, 0x0, 0x0, 0xff, 0xff, 0xf8,
    0x0, 0x0, 0x0, 0x3f, 0xff, 0xfe, 0x0, 0x0,
    0x0, 0x1f, 0xff, 0xff, 0x80, 0x0, 0x0, 0x7,
    0xff, 0xff, 0xe0, 0x0, 0x0, 0x1, 0xff, 0xff,
    0xf8, 0x0, 0x0, 0x0, 0x7f, 0xff, 0xff, 0x80,
    0x0, 0x0, 0x1f, 0xff, 0xff, 0xff, 0xe0, 0x0,
    0x7, 0xff, 0xff, 0xff, 0xfc, 0x0, 0x1, 0xff,
    0xff, 0xff, 0xff, 0x0, 0x0, 0x7f, 0xff, 0xff,
    0xff, 0xe0, 0x0, 0x1f, 0xff, 0xff, 0xff, 0xf0,
    0x0, 0x7, 0xff, 0xff, 0xff, 0xfc, 0x0, 0x1,
    0xff, 0xff, 0xff, 0xff, 0x0, 0x0, 0x3f, 0xff,
    0xff, 0xff, 0xc0, 0x0, 0xf, 0xff, 0xff, 0xff,
    0xf0, 0x0, 0x1, 0xff, 0xff, 0xff, 0xf8, 0x0,
    0x0, 0x7f, 0xff, 0xff, 0xfe, 0x0, 0x0, 0xf,
    0xff, 0xff, 0xff, 0x80, 0x0, 0x1, 0xff, 0xff,
    0xff, 0xe0, 0x0, 0x0, 0x3f, 0xff, 0xff, 0xf8,
    0x0, 0x0, 0x7, 0xff, 0xff, 0xfc, 0x0, 0x0,
    0x0, 0x7f, 0xff, 0xfe, 0x0, 0x0, 0x0, 0x3,
    0xff, 0xff, 0x0, 0x0, 0x0,

    /* U+007C "|" */
    0x0, 0x0, 0x1f, 0xff, 0xf0, 0x0, 0x1, 0xff,
    0xff, 0xe0, 0x0, 0x7, 0xff, 0xff, 0x80, 0x0,
    0x3f, 0xff, 0xfe, 0x0, 0x0, 0xff, 0xff, 0xf8,
    0x0, 0x3, 0xff, 0xff, 0xe0, 0x0, 0xf, 0xff,
    0xff, 0x80, 0x0, 0x3f, 0xff, 0xfe, 0x0, 0x1,
    0xff, 0xff, 0xf0, 0x0, 0x7, 0xff, 0xff, 0xc0,
    0x0, 0x1f, 0xff, 0xff, 0x0, 0x0, 0x7f, 0xff,
    0xfc, 0x0, 0x1, 0xff, 0xff, 0xf0, 0x0, 0xf,
    0xff, 0xff, 0xc0, 0x0, 0x3f, 0xff, 0xfe, 0x0,
    0x0, 0xff, 0xff, 0xf8, 0x0, 0x3, 0xff, 0xff,
    0xe0, 0x0, 0xf, 0xff, 0xff, 0x80, 0x0, 0x3f,
    0xff, 0xfe, 0x0, 0x1, 0xff, 0xff, 0xf0, 0x0,
    0x7, 0xff, 0xff, 0xc0, 0x0, 0x1f, 0xff, 0xff,
    0x0, 0x0, 0x7f, 0xff, 0xfc, 0x0, 0x1, 0xff,
    0xff, 0xf0, 0x0, 0xf, 0xff, 0xff, 0xc0, 0x0,
    0x3f, 0xff, 0xfe, 0x0, 0x0, 0xff, 0xff, 0xf8,
    0x0, 0x3, 0xff, 0xff, 0xe0, 0x0, 0xf, 0xff,
    0xff, 0x80, 0x0, 0x3f, 0xff, 0xfe, 0x0, 0x1,
    0xff, 0xff, 0xf0, 0x0, 0x7, 0xff, 0xff, 0xc0,
    0x0, 0x1f, 0xff, 0xff, 0x0, 0x0, 0x7f, 0xff,
    0xfc, 0x0, 0x1, 0xff, 0xff, 0xf0, 0x0, 0xf,
    0xff, 0xff, 0xc0, 0x0, 0x3f, 0xff, 0xfe, 0x0,
    0x0, 0xff, 0xff, 0xf8, 0x0, 0x3, 0xff, 0xff,
    0xe0, 0x0, 0xf, 0xff, 0xff, 0x80, 0x0, 0x3f,
    0xff, 0xfe, 0x0, 0x1, 0xff, 0xff, 0xf0, 0x0,
    0x7, 0xff, 0xff, 0xc0, 0x0, 0x1f, 0xff, 0xff,
    0x0, 0x0, 0x7f, 0xff, 0xfc, 0x0, 0x1, 0xff,
    0xff, 0xf0, 0x0, 0xf, 0xff, 0xff, 0x80, 0x0,
    0x3f, 0xff, 0xfe, 0x0, 0x0, 0xff, 0xff, 0xf8,
    0x0, 0x3, 0xff, 0xff, 0xe0, 0x0, 0xf, 0xff,
    0xff, 0x80, 0x0, 0x3f, 0xff, 0xfe, 0x0, 0x1,
    0xff, 0xff, 0xf0, 0x0, 0x7, 0xff, 0xff, 0xc0,
    0x0, 0x1f, 0xff, 0xff, 0x0, 0x0, 0x7f, 0xff,
    0xfc, 0x0, 0x1, 0xff, 0xff, 0xf0, 0x0, 0xf,
    0xff, 0xff, 0x80, 0x0, 0x3f, 0xff, 0xfe, 0x0,
    0x0, 0xff, 0xff, 0xf8, 0x0, 0x3, 0xff, 0xff,
    0xe0, 0x0, 0xf, 0xff, 0xff, 0x80, 0x0, 0x3f,
    0xff, 0xfe, 0x0, 0x1, 0xff, 0xff, 0xf0, 0x0,
    0x7, 0xff, 0xff, 0xc0, 0x0, 0x1f, 0xff, 0xff,
    0x0, 0x0, 0x7f, 0xff, 0xfc, 0x0, 0x1, 0xff,
    0xff, 0xf0, 0x0, 0xf, 0xff, 0xff, 0x80, 0x0,
    0x3f, 0xff, 0xfe, 0x0, 0x0, 0xff, 0xff, 0xf8,
    0x0, 0x3, 0xff, 0xff, 0xe0, 0x0, 0xf, 0xff,
    0xff, 0x80, 0x0, 0x3f, 0xff, 0xfe, 0x0, 0x1,
    0xff, 0xff, 0xf0, 0x0, 0x7, 0xff, 0xff, 0xc0,
    0x0, 0x1f, 0xff, 0xff, 0x0, 0x0, 0x7f, 0xff,
    0xfc, 0x0, 0x1, 0xff, 0xff, 0xf0, 0x0, 0xf,
    0xff, 0xff, 0x80, 0x0, 0x3f, 0xff, 0xfe, 0x0,
    0x0, 0xff, 0xff, 0xf8, 0x0, 0x3, 0xff, 0xff,
    0xe0, 0x0, 0xf, 0xff, 0xff, 0x80, 0x0, 0x3f,
    0xff, 0xfe, 0x0, 0x1, 0xff, 0xff, 0xf0, 0x0,
    0x7, 0xff, 0xff, 0xc0, 0x0, 0x1f, 0xff, 0xff,
    0x0, 0x0, 0x7f, 0xff, 0xfc, 0x0, 0x1, 0xff,
    0xff, 0xe0, 0x0, 0x7, 0xff, 0xff, 0x80, 0x0,
    0xf, 0xff, 0xf8, 0x0, 0x0,

    /* U+007D "}" */
    0x0, 0x0, 0x3f, 0xff, 0xe0, 0x0, 0x0, 0x0,
    0x3f, 0xff, 0xff, 0x0, 0x0, 0x0, 0x1f, 0xff,
    0xff, 0xf0, 0x0, 0x0, 0x7, 0xff, 0xff, 0xff,
    0x0, 0x0, 0x1, 0xff, 0xff, 0xff, 0xe0, 0x0,
    0x0, 0x7f, 0xff, 0xff, 0xfc, 0x0, 0x0, 0x3f,
    0xff, 0xff, 0xff, 0x0, 0x0, 0xf, 0xff, 0xff,
    0xff, 0xe0, 0x0, 0x3, 0xff, 0xff, 0xff, 0xf8,
    0x0, 0x0, 0xff, 0xff, 0xff, 0xff, 0x0, 0x0,
    0x3f, 0xff, 0xff, 0xff, 0xc0, 0x0, 0x1f, 0xff,
    0xff, 0xff, 0xf0, 0x0, 0x7, 0xff, 0xff, 0xff,
    0xfe, 0x0, 0x1, 0xff, 0xff, 0xff, 0xff, 0x80,
    0x0, 0x7f, 0xff, 0xff, 0xff, 0xe0, 0x0, 0x1f,
    0xff, 0xff, 0xff, 0xf8, 0x0, 0x1, 0xff, 0xff,
    0xff, 0xfe, 0x0, 0x0, 0x0, 0x7f, 0xff, 0xff,
    0x80, 0x0, 0x0, 0xf, 0xff, 0xff, 0xc0, 0x0,
    0x0, 0x1, 0xff, 0xff, 0xf0, 0x0, 0x0, 0x0,
    0x7f, 0xff, 0xfc, 0x0, 0x0, 0x0, 0x1f, 0xff,
    0xff, 0x0, 0x0, 0x0, 0x7, 0xff, 0xff, 0xc0,
    0x0, 0x0, 0x1, 0xff, 0xff, 0xf0, 0x0, 0x0,
    0x0, 0xff, 0xff, 0xfc, 0x0, 0x0, 0x0, 0x3f,
    0xff, 0xff, 0x0, 0x0, 0x0, 0xf, 0xff, 0xff,
    0xc0, 0x0, 0x0, 0x1, 0xff, 0xff, 0xf0, 0x0,
    0x0, 0x0, 0x7f, 0xff, 0xfc, 0x0, 0x0, 0x0,
    0x1f, 0xff, 0xff, 0x0, 0x0, 0x0, 0x7, 0xff,
    0xff, 0xc0, 0x0, 0x0, 0x0, 0xff, 0xff, 0xf8,
    0x0, 0x0, 0x0, 0x3f, 0xff, 0xfe, 0x0, 0x0,
    0x0, 0x7, 0xff, 0xff, 0x80, 0x0, 0x0, 0x1,
    0xff, 0xff, 0xf0, 0x0, 0x0, 0x0, 0x7f, 0xff,
    0xfc, 0x0, 0x0, 0x0, 0xf, 0xff, 0xff, 0x80,
    0x0, 0x0, 0x3, 0xff, 0xff, 0xe0, 0x0, 0x0,
    0x0, 0x7f, 0xff, 0xf8, 0x0, 0x0, 0x0, 0x1f,
    0xff, 0xff, 0x0, 0x0, 0x0, 0x7, 0xff, 0xff,
    0xc0, 0x0, 0x0, 0x1, 0xff, 0xff, 0xf0, 0x0,
    0x0, 0x0, 0x7f, 0xff, 0xf8, 0x0, 0x0, 0x0,
    0x3f, 0xff, 0xfe, 0x0, 0x0, 0x0, 0x1f, 0xff,
    0xff, 0x0, 0x0, 0x0, 0xf, 0xff, 0xff, 0x80,
    0x0, 0x0, 0x3, 0xff, 0xff, 0xc0, 0x0, 0x0,
    0x1, 0xff, 0xff, 0xf0, 0x0, 0x0, 0x0, 0xff,
    0xff, 0xf8, 0x0, 0x0, 0x0, 0x7f, 0xff, 0xfc,
    0x0, 0x0, 0x0, 0x1f, 0xff, 0xfe, 0x0, 0x0,
    0x0, 0xf, 0xff, 0xff, 0x0, 0x0, 0x0, 0x7,
    0xff, 0xff, 0xc0, 0x0, 0x0, 0x1, 0xff, 0xff,
    0xe0, 0x0, 0x0, 0x0, 0xff, 0xff, 0xf8, 0x0,
    0x0, 0x0, 0x3f, 0xff, 0xfc, 0x0, 0x0, 0x0,
    0xf, 0xff, 0xff, 0x0, 0x0, 0x0, 0x7, 0xff,
    0xff, 0xc0, 0x0, 0x0, 0x1, 0xff, 0xff, 0xe0,
    0x0, 0x0, 0x0, 0x7f, 0xff, 0xf8, 0x0, 0x0,
    0x0, 0x3f, 0xff, 0xfe, 0x0, 0x0, 0x0, 0xf,
    0xff, 0xff, 0x80, 0x0, 0x0, 0x3, 0xff, 0xff,
    0xe0, 0x0, 0x0, 0x0, 0xff, 0xff, 0xf0, 0x0,
    0x0, 0x0, 0x7f, 0xff, 0xfc, 0x0, 0x0, 0x0,
    0x1f, 0xff, 0xff, 0x0, 0x0, 0x0, 0x7, 0xff,
    0xff, 0xc0, 0x0, 0x0, 0x1, 0xff, 0xff, 0xf0,
    0x0, 0x0, 0x0, 0x7f, 0xff, 0xf8, 0x0, 0x0,
    0x0, 0x3f, 0xff, 0xfe, 0x0, 0x0, 0x0, 0xf,
    0xff, 0xff, 0x80, 0x0, 0x0, 0xf, 0xff, 0xff,
    0xe0, 0x0, 0x7, 0xff, 0xff, 0xff, 0xf8, 0x0,
    0x7, 0xff, 0xff, 0xff, 0xfc, 0x0, 0x1, 0xff,
    0xff, 0xff, 0xff, 0x0, 0x0, 0xff, 0xff, 0xff,
    0xff, 0xc0, 0x0, 0x3f, 0xff, 0xff, 0xff, 0xe0,
    0x0, 0xf, 0xff, 0xff, 0xff, 0xf8, 0x0, 0x3,
    0xff, 0xff, 0xff, 0xfc, 0x0, 0x0, 0xff, 0xff,
    0xff, 0xfe, 0x0, 0x0, 0x7f, 0xff, 0xff, 0xff,
    0x0, 0x0, 0x1f, 0xff, 0xff, 0xff, 0xc0, 0x0,
    0x7, 0xff, 0xff, 0xff, 0xe0, 0x0, 0x1, 0xff,
    0xff, 0xff, 0xe0, 0x0, 0x0, 0x7f, 0xff, 0xff,
    0xf0, 0x0, 0x0, 0x3f, 0xff, 0xff, 0xf8, 0x0,
    0x0, 0xf, 0xff, 0xff, 0xf8, 0x0, 0x0, 0x1,
    0xff, 0xff, 0xf8, 0x0, 0x0, 0x0, 0x3f, 0xff,
    0xf0, 0x0, 0x0, 0x0, 0x0
};


/*---------------------
 *  GLYPH DESCRIPTION
 *--------------------*/

static const lv_font_fmt_txt_glyph_dsc_t glyph_dsc[] = {
    {.bitmap_index = 0, .adv_w = 0, .box_w = 0, .box_h = 0, .ofs_x = 0, .ofs_y = 0} /* id = 0 reserved */,
    {.bitmap_index = 0, .adv_w = 712, .box_w = 1, .box_h = 1, .ofs_x = 0, .ofs_y = 0},
    {.bitmap_index = 1, .adv_w = 514, .box_w = 34, .box_h = 70, .ofs_x = -1, .ofs_y = 0},
    {.bitmap_index = 299, .adv_w = 701, .box_w = 46, .box_h = 26, .ofs_x = 6, .ofs_y = 54},
    {.bitmap_index = 449, .adv_w = 1026, .box_w = 62, .box_h = 60, .ofs_x = 1, .ofs_y = 4},
    {.bitmap_index = 914, .adv_w = 1304, .box_w = 79, .box_h = 88, .ofs_x = 1, .ofs_y = -10},
    {.bitmap_index = 1783, .adv_w = 1323, .box_w = 78, .box_h = 70, .ofs_x = 2, .ofs_y = 0},
    {.bitmap_index = 2466, .adv_w = 1256, .box_w = 76, .box_h = 70, .ofs_x = 1, .ofs_y = 0},
    {.bitmap_index = 3131, .adv_w = 334, .box_w = 22, .box_h = 26, .ofs_x = 6, .ofs_y = 54},
    {.bitmap_index = 3203, .adv_w = 547, .box_w = 33, .box_h = 77, .ofs_x = 2, .ofs_y = -4},
    {.bitmap_index = 3521, .adv_w = 547, .box_w = 34, .box_h = 77, .ofs_x = -2, .ofs_y = -4},
    {.bitmap_index = 3849, .adv_w = 712, .box_w = 40, .box_h = 37, .ofs_x = 6, .ofs_y = 39},
    {.bitmap_index = 4034, .adv_w = 811, .box_w = 47, .box_h = 46, .ofs_x = 2, .ofs_y = 12},
    {.bitmap_index = 4305, .adv_w = 366, .box_w = 22, .box_h = 26, .ofs_x = -5, .ofs_y = -8},
    {.bitmap_index = 4377, .adv_w = 675, .box_w = 40, .box_h = 17, .ofs_x = 1, .ofs_y = 26},
    {.bitmap_index = 4462, .adv_w = 387, .box_w = 21, .box_h = 17, .ofs_x = -3, .ofs_y = 0},
    {.bitmap_index = 4507, .adv_w = 912, .box_w = 68, .box_h = 70, .ofs_x = -6, .ofs_y = 0},
    {.bitmap_index = 5102, .adv_w = 1274, .box_w = 80, .box_h = 70, .ofs_x = 0, .ofs_y = 0},
    {.bitmap_index = 5802, .adv_w = 658, .box_w = 36, .box_h = 70, .ofs_x = 6, .ofs_y = 0},
    {.bitmap_index = 6117, .adv_w = 1306, .box_w = 82, .box_h = 70, .ofs_x = 0, .ofs_y = 0},
    {.bitmap_index = 6835, .adv_w = 1259, .box_w = 80, .box_h = 70, .ofs_x = -2, .ofs_y = 0},
    {.bitmap_index = 7535, .adv_w = 1310, .box_w = 79, .box_h = 70, .ofs_x = -1, .ofs_y = 0},
    {.bitmap_index = 8227, .adv_w = 1314, .box_w = 82, .box_h = 70, .ofs_x = -1, .ofs_y = 0},
    {.bitmap_index = 8945, .adv_w = 1318, .box_w = 79, .box_h = 70, .ofs_x = 2, .ofs_y = 0},
    {.bitmap_index = 9637, .adv_w = 1142, .box_w = 70, .box_h = 70, .ofs_x = 6, .ofs_y = 0},
    {.bitmap_index = 10250, .adv_w = 1312, .box_w = 79, .box_h = 70, .ofs_x = 1, .ofs_y = 0},
    {.bitmap_index = 10942, .adv_w = 1317, .box_w = 80, .box_h = 70, .ofs_x = 2, .ofs_y = 0},
    {.bitmap_index = 11642, .adv_w = 443, .box_w = 27, .box_h = 52, .ofs_x = 0, .ofs_y = 8},
    {.bitmap_index = 11818, .adv_w = 440, .box_w = 29, .box_h = 61, .ofs_x = -1, .ofs_y = 1},
    {.bitmap_index = 12040, .adv_w = 960, .box_w = 59, .box_h = 58, .ofs_x = 1, .ofs_y = 6},
    {.bitmap_index = 12468, .adv_w = 818, .box_w = 49, .box_h = 45, .ofs_x = 1, .ofs_y = 12},
    {.bitmap_index = 12744, .adv_w = 960, .box_w = 59, .box_h = 57, .ofs_x = 0, .ofs_y = 6},
    {.bitmap_index = 13165, .adv_w = 1045, .box_w = 62, .box_h = 70, .ofs_x = 5, .ofs_y = 0},
    {.bitmap_index = 13708, .adv_w = 1240, .box_w = 75, .box_h = 62, .ofs_x = 1, .ofs_y = 4},
    {.bitmap_index = 14290, .adv_w = 1357, .box_w = 85, .box_h = 70, .ofs_x = -6, .ofs_y = 0},
    {.bitmap_index = 15034, .adv_w = 1334, .box_w = 84, .box_h = 70, .ofs_x = -1, .ofs_y = 0},
    {.bitmap_index = 15769, .adv_w = 1102, .box_w = 72, .box_h = 70, .ofs_x = 0, .ofs_y = 0},
    {.bitmap_index = 16399, .adv_w = 1272, .box_w = 81, .box_h = 70, .ofs_x = -1, .ofs_y = 0},
    {.bitmap_index = 17108, .adv_w = 1192, .box_w = 78, .box_h = 70, .ofs_x = -1, .ofs_y = 0},
    {.bitmap_index = 17791, .adv_w = 1155, .box_w = 78, .box_h = 70, .ofs_x = -1, .ofs_y = 0},
    {.bitmap_index = 18474, .adv_w = 1331, .box_w = 84, .box_h = 70, .ofs_x = 0, .ofs_y = 0},
    {.bitmap_index = 19209, .adv_w = 1286, .box_w = 82, .box_h = 70, .ofs_x = -1, .ofs_y = 0},
    {.bitmap_index = 19927, .adv_w = 514, .box_w = 34, .box_h = 70, .ofs_x = -1, .ofs_y = 0},
    {.bitmap_index = 20225, .adv_w = 1048, .box_w = 71, .box_h = 70, .ofs_x = -5, .ofs_y = 0},
    {.bitmap_index = 20847, .adv_w = 1235, .box_w = 84, .box_h = 70, .ofs_x = -1, .ofs_y = 0},
    {.bitmap_index = 21582, .adv_w = 1054, .box_w = 63, .box_h = 70, .ofs_x = -1, .ofs_y = 0},
    {.bitmap_index = 22134, .adv_w = 1592, .box_w = 101, .box_h = 70, .ofs_x = -1, .ofs_y = 0},
    {.bitmap_index = 23018, .adv_w = 1339, .box_w = 85, .box_h = 70, .ofs_x = -1, .ofs_y = 0},
    {.bitmap_index = 23762, .adv_w = 1387, .box_w = 87, .box_h = 70, .ofs_x = 0, .ofs_y = 0},
    {.bitmap_index = 24524, .adv_w = 1296, .box_w = 84, .box_h = 70, .ofs_x = -1, .ofs_y = 0},
    {.bitmap_index = 25259, .adv_w = 1387, .box_w = 87, .box_h = 83, .ofs_x = 0, .ofs_y = -13},
    {.bitmap_index = 26162, .adv_w = 1323, .box_w = 83, .box_h = 70, .ofs_x = 0, .ofs_y = 0},
    {.bitmap_index = 26889, .adv_w = 1274, .box_w = 79, .box_h = 70, .ofs_x = 0, .ofs_y = 0},
    {.bitmap_index = 27581, .adv_w = 1133, .box_w = 72, .box_h = 70, .ofs_x = 4, .ofs_y = 0},
    {.bitmap_index = 28211, .adv_w = 1338, .box_w = 85, .box_h = 70, .ofs_x = 0, .ofs_y = 0},
    {.bitmap_index = 28955, .adv_w = 1253, .box_w = 78, .box_h = 70, .ofs_x = 6, .ofs_y = 0},
    {.bitmap_index = 29638, .adv_w = 1872, .box_w = 117, .box_h = 70, .ofs_x = 6, .ofs_y = 0},
    {.bitmap_index = 30662, .adv_w = 1214, .box_w = 87, .box_h = 70, .ofs_x = -6, .ofs_y = 0},
    {.bitmap_index = 31424, .adv_w = 1147, .box_w = 73, .box_h = 70, .ofs_x = 5, .ofs_y = 0},
    {.bitmap_index = 32063, .adv_w = 1205, .box_w = 81, .box_h = 70, .ofs_x = -3, .ofs_y = 0},
    {.bitmap_index = 32772, .adv_w = 678, .box_w = 48, .box_h = 89, .ofs_x = -1, .ofs_y = -10},
    {.bitmap_index = 33306, .adv_w = 859, .box_w = 41, .box_h = 70, .ofs_x = 6, .ofs_y = 0},
    {.bitmap_index = 33665, .adv_w = 678, .box_w = 48, .box_h = 89, .ofs_x = -5, .ofs_y = -10},
    {.bitmap_index = 34199, .adv_w = 771, .box_w = 58, .box_h = 17, .ofs_x = -13, .ofs_y = -18},
    {.bitmap_index = 34323, .adv_w = 1251, .box_w = 79, .box_h = 64, .ofs_x = -6, .ofs_y = 0},
    {.bitmap_index = 34955, .adv_w = 1235, .box_w = 77, .box_h = 64, .ofs_x = 0, .ofs_y = 0},
    {.bitmap_index = 35571, .adv_w = 1026, .box_w = 65, .box_h = 64, .ofs_x = 1, .ofs_y = 0},
    {.bitmap_index = 36091, .adv_w = 1179, .box_w = 73, .box_h = 64, .ofs_x = 0, .ofs_y = 0},
    {.bitmap_index = 36675, .adv_w = 1106, .box_w = 71, .box_h = 64, .ofs_x = 0, .ofs_y = 0},
    {.bitmap_index = 37243, .adv_w = 1072, .box_w = 71, .box_h = 64, .ofs_x = 0, .ofs_y = 0},
    {.bitmap_index = 37811, .adv_w = 1230, .box_w = 77, .box_h = 64, .ofs_x = 0, .ofs_y = 0},
    {.bitmap_index = 38427, .adv_w = 1194, .box_w = 75, .box_h = 64, .ofs_x = 0, .ofs_y = 0},
    {.bitmap_index = 39027, .adv_w = 499, .box_w = 31, .box_h = 64, .ofs_x = 0, .ofs_y = 0},
    {.bitmap_index = 39275, .adv_w = 976, .box_w = 65, .box_h = 64, .ofs_x = -4, .ofs_y = 0},
    {.bitmap_index = 39795, .adv_w = 1146, .box_w = 77, .box_h = 64, .ofs_x = 0, .ofs_y = 0},
    {.bitmap_index = 40411, .adv_w = 984, .box_w = 57, .box_h = 64, .ofs_x = 0, .ofs_y = 0},
    {.bitmap_index = 40867, .adv_w = 1469, .box_w = 92, .box_h = 64, .ofs_x = 0, .ofs_y = 0},
    {.bitmap_index = 41603, .adv_w = 1238, .box_w = 77, .box_h = 64, .ofs_x = 0, .ofs_y = 0},
    {.bitmap_index = 42219, .adv_w = 1282, .box_w = 80, .box_h = 64, .ofs_x = 0, .ofs_y = 0},
    {.bitmap_index = 42859, .adv_w = 1197, .box_w = 76, .box_h = 64, .ofs_x = 0, .ofs_y = 0},
    {.bitmap_index = 43467, .adv_w = 1282, .box_w = 79, .box_h = 75, .ofs_x = 1, .ofs_y = -11},
    {.bitmap_index = 44208, .adv_w = 1226, .box_w = 76, .box_h = 64, .ofs_x = 0, .ofs_y = 0},
    {.bitmap_index = 44816, .adv_w = 1178, .box_w = 73, .box_h = 64, .ofs_x = 0, .ofs_y = 0},
    {.bitmap_index = 45400, .adv_w = 1048, .box_w = 66, .box_h = 64, .ofs_x = 4, .ofs_y = 0},
    {.bitmap_index = 45928, .adv_w = 1237, .box_w = 78, .box_h = 64, .ofs_x = 0, .ofs_y = 0},
    {.bitmap_index = 46552, .adv_w = 1158, .box_w = 71, .box_h = 64, .ofs_x = 6, .ofs_y = 0},
    {.bitmap_index = 47120, .adv_w = 1715, .box_w = 106, .box_h = 64, .ofs_x = 6, .ofs_y = 0},
    {.bitmap_index = 47968, .adv_w = 1128, .box_w = 78, .box_h = 64, .ofs_x = -5, .ofs_y = 0},
    {.bitmap_index = 48592, .adv_w = 1061, .box_w = 67, .box_h = 64, .ofs_x = 5, .ofs_y = 0},
    {.bitmap_index = 49128, .adv_w = 1118, .box_w = 74, .box_h = 64, .ofs_x = -2, .ofs_y = 0},
    {.bitmap_index = 49720, .adv_w = 762, .box_w = 50, .box_h = 89, .ofs_x = 3, .ofs_y = -10},
    {.bitmap_index = 50277, .adv_w = 517, .box_w = 38, .box_h = 92, .ofs_x = -3, .ofs_y = -11},
    {.bitmap_index = 50714, .adv_w = 763, .box_w = 50, .box_h = 89, .ofs_x = -5, .ofs_y = -10}
};

/*---------------------
 *  CHARACTER MAPPING
 *--------------------*/



/*Collect the unicode lists and glyph_id offsets*/
static const lv_font_fmt_txt_cmap_t cmaps[] =
{
    {
        .range_start = 32, .range_length = 62, .glyph_id_start = 1,
        .unicode_list = NULL, .glyph_id_ofs_list = NULL, .list_length = 0, .type = LV_FONT_FMT_TXT_CMAP_FORMAT0_TINY
    },
    {
        .range_start = 95, .range_length = 1, .glyph_id_start = 63,
        .unicode_list = NULL, .glyph_id_ofs_list = NULL, .list_length = 0, .type = LV_FONT_FMT_TXT_CMAP_FORMAT0_TINY
    },
    {
        .range_start = 97, .range_length = 29, .glyph_id_start = 64,
        .unicode_list = NULL, .glyph_id_ofs_list = NULL, .list_length = 0, .type = LV_FONT_FMT_TXT_CMAP_FORMAT0_TINY
    }
};

/*-----------------
 *    KERNING
 *----------------*/


/*Pair left and right glyphs for kerning*/
static const uint8_t kern_pair_glyph_ids[] =
{
    17, 18,
    17, 20,
    17, 22,
    17, 24,
    19, 20,
    19, 21,
    19, 22,
    19, 25,
    20, 18,
    20, 20,
    20, 22,
    20, 24,
    21, 18,
    21, 20,
    21, 22,
    21, 24,
    21, 26,
    22, 18,
    22, 20,
    22, 24,
    22, 26,
    23, 18,
    23, 20,
    23, 24,
    23, 26,
    25, 18,
    25, 20,
    25, 22,
    25, 24,
    25, 26,
    26, 18,
    26, 20,
    26, 22,
    26, 24,
    34, 3,
    34, 8,
    34, 9,
    34, 11,
    34, 14,
    34, 32,
    34, 36,
    34, 40,
    34, 48,
    34, 50,
    34, 53,
    34, 54,
    34, 55,
    34, 56,
    34, 58,
    34, 61,
    34, 66,
    34, 70,
    34, 78,
    34, 80,
    34, 83,
    34, 84,
    34, 85,
    34, 86,
    34, 88,
    34, 90,
    35, 8,
    35, 16,
    35, 34,
    35, 55,
    35, 56,
    35, 57,
    35, 58,
    35, 61,
    35, 62,
    35, 64,
    35, 87,
    35, 92,
    36, 14,
    36, 90,
    37, 8,
    37, 16,
    37, 34,
    37, 55,
    37, 56,
    37, 57,
    37, 58,
    37, 61,
    37, 62,
    37, 64,
    37, 87,
    37, 92,
    38, 14,
    38, 90,
    39, 13,
    39, 14,
    39, 15,
    39, 16,
    39, 34,
    39, 43,
    39, 64,
    39, 66,
    39, 70,
    39, 73,
    39, 78,
    39, 80,
    39, 90,
    40, 8,
    40, 90,
    41, 8,
    41, 65,
    41, 67,
    41, 68,
    41, 69,
    41, 71,
    41, 72,
    41, 74,
    41, 75,
    41, 76,
    41, 77,
    41, 79,
    41, 81,
    41, 90,
    42, 8,
    42, 65,
    42, 67,
    42, 68,
    42, 69,
    42, 71,
    42, 72,
    42, 74,
    42, 75,
    42, 76,
    42, 77,
    42, 79,
    42, 81,
    42, 90,
    43, 8,
    43, 16,
    43, 34,
    43, 64,
    43, 87,
    44, 9,
    44, 14,
    44, 27,
    44, 36,
    44, 40,
    44, 48,
    44, 50,
    44, 66,
    44, 70,
    44, 78,
    44, 80,
    44, 82,
    44, 84,
    44, 90,
    45, 3,
    45, 8,
    45, 11,
    45, 14,
    45, 32,
    45, 53,
    45, 55,
    45, 56,
    45, 58,
    45, 61,
    45, 83,
    45, 85,
    45, 86,
    45, 88,
    45, 90,
    46, 8,
    46, 65,
    46, 67,
    46, 68,
    46, 69,
    46, 71,
    46, 72,
    46, 74,
    46, 75,
    46, 76,
    46, 77,
    46, 79,
    46, 81,
    46, 90,
    47, 8,
    47, 65,
    47, 67,
    47, 68,
    47, 69,
    47, 71,
    47, 72,
    47, 74,
    47, 75,
    47, 76,
    47, 77,
    47, 79,
    47, 81,
    47, 90,
    48, 8,
    48, 16,
    48, 34,
    48, 55,
    48, 56,
    48, 57,
    48, 58,
    48, 61,
    48, 62,
    48, 64,
    48, 87,
    48, 92,
    49, 13,
    49, 15,
    49, 16,
    49, 34,
    49, 43,
    49, 57,
    49, 62,
    49, 64,
    49, 73,
    49, 92,
    50, 8,
    50, 16,
    50, 34,
    50, 55,
    50, 56,
    50, 57,
    50, 58,
    50, 61,
    50, 62,
    50, 64,
    50, 87,
    50, 92,
    51, 8,
    51, 55,
    51, 56,
    51, 58,
    51, 61,
    52, 3,
    52, 8,
    52, 11,
    52, 16,
    52, 32,
    52, 61,
    52, 62,
    52, 82,
    52, 83,
    52, 85,
    52, 86,
    52, 87,
    52, 90,
    52, 92,
    53, 13,
    53, 14,
    53, 15,
    53, 16,
    53, 34,
    53, 43,
    53, 64,
    53, 73,
    53, 90,
    54, 8,
    54, 16,
    54, 34,
    54, 64,
    54, 87,
    55, 9,
    55, 13,
    55, 14,
    55, 15,
    55, 16,
    55, 27,
    55, 28,
    55, 34,
    55, 36,
    55, 40,
    55, 43,
    55, 48,
    55, 50,
    55, 64,
    55, 65,
    55, 66,
    55, 67,
    55, 68,
    55, 69,
    55, 70,
    55, 71,
    55, 72,
    55, 73,
    55, 74,
    55, 75,
    55, 76,
    55, 77,
    55, 78,
    55, 79,
    55, 80,
    55, 81,
    55, 82,
    55, 84,
    55, 90,
    56, 9,
    56, 13,
    56, 14,
    56, 15,
    56, 16,
    56, 27,
    56, 28,
    56, 34,
    56, 36,
    56, 40,
    56, 43,
    56, 48,
    56, 50,
    56, 64,
    56, 65,
    56, 66,
    56, 67,
    56, 68,
    56, 69,
    56, 70,
    56, 71,
    56, 72,
    56, 73,
    56, 74,
    56, 75,
    56, 76,
    56, 77,
    56, 78,
    56, 79,
    56, 80,
    56, 81,
    56, 82,
    56, 84,
    56, 90,
    57, 9,
    57, 14,
    57, 27,
    57, 36,
    57, 40,
    57, 48,
    57, 50,
    57, 66,
    57, 70,
    57, 78,
    57, 80,
    57, 84,
    57, 90,
    58, 9,
    58, 13,
    58, 14,
    58, 15,
    58, 16,
    58, 27,
    58, 28,
    58, 34,
    58, 36,
    58, 40,
    58, 43,
    58, 48,
    58, 50,
    58, 52,
    58, 64,
    58, 65,
    58, 66,
    58, 67,
    58, 68,
    58, 69,
    58, 70,
    58, 71,
    58, 72,
    58, 73,
    58, 74,
    58, 75,
    58, 76,
    58, 77,
    58, 78,
    58, 79,
    58, 80,
    58, 81,
    58, 82,
    58, 84,
    58, 90,
    59, 14,
    59, 90,
    64, 3,
    64, 8,
    64, 11,
    64, 14,
    64, 32,
    64, 61,
    64, 66,
    64, 70,
    64, 78,
    64, 80,
    64, 83,
    64, 84,
    64, 85,
    64, 86,
    64, 88,
    64, 90,
    65, 3,
    65, 8,
    65, 11,
    65, 16,
    65, 32,
    65, 61,
    65, 62,
    65, 64,
    65, 87,
    65, 88,
    65, 92,
    66, 14,
    66, 90,
    67, 3,
    67, 8,
    67, 11,
    67, 16,
    67, 32,
    67, 61,
    67, 62,
    67, 64,
    67, 87,
    67, 88,
    67, 92,
    68, 14,
    68, 90,
    69, 13,
    69, 14,
    69, 15,
    69, 16,
    69, 64,
    69, 73,
    69, 90,
    70, 61,
    71, 8,
    71, 61,
    72, 8,
    72, 61,
    73, 16,
    73, 61,
    73, 62,
    73, 64,
    73, 92,
    74, 14,
    74, 66,
    74, 70,
    74, 78,
    74, 80,
    74, 90,
    75, 3,
    75, 8,
    75, 11,
    75, 14,
    75, 32,
    75, 61,
    75, 83,
    75, 85,
    75, 86,
    75, 88,
    75, 90,
    76, 8,
    76, 61,
    77, 8,
    77, 61,
    78, 3,
    78, 8,
    78, 11,
    78, 16,
    78, 32,
    78, 61,
    78, 62,
    78, 64,
    78, 87,
    78, 88,
    78, 92,
    79, 13,
    79, 15,
    79, 16,
    79, 61,
    79, 62,
    79, 64,
    79, 73,
    79, 87,
    79, 92,
    80, 3,
    80, 8,
    80, 11,
    80, 16,
    80, 32,
    80, 61,
    80, 62,
    80, 64,
    80, 87,
    80, 88,
    80, 92,
    81, 3,
    81, 8,
    81, 11,
    81, 32,
    81, 61,
    81, 85,
    81, 86,
    81, 88,
    82, 3,
    82, 8,
    82, 11,
    82, 61,
    82, 62,
    82, 90,
    82, 92,
    83, 13,
    83, 14,
    83, 15,
    83, 16,
    83, 64,
    83, 73,
    83, 90,
    84, 16,
    84, 61,
    84, 62,
    84, 64,
    84, 92,
    85, 13,
    85, 14,
    85, 15,
    85, 16,
    85, 64,
    85, 73,
    85, 90,
    86, 13,
    86, 14,
    86, 15,
    86, 16,
    86, 64,
    86, 73,
    86, 90,
    87, 14,
    87, 66,
    87, 70,
    87, 78,
    87, 80,
    87, 90,
    88, 13,
    88, 14,
    88, 15,
    88, 16,
    88, 64,
    88, 66,
    88, 70,
    88, 73,
    88, 78,
    88, 80,
    88, 82,
    88, 90,
    89, 14,
    89, 90
};

/* Kerning between the respective left and right glyphs
 * 4.4 format which needs to scaled with `kern_scale`*/
static const int8_t kern_pair_values[] =
{
    -5, -8, -9, -6, -6, -17, -8, -9,
    -5, -8, -9, -6, -28, -9, -9, -30,
    -20, -9, -8, -9, -21, -9, -8, -9,
    -21, -14, -9, -9, -14, -11, -5, -8,
    -9, -6, -111, -114, -9, -87, -37, -46,
    -11, -11, -11, -11, -91, -15, -80, -80,
    -91, -49, -9, -9, -9, -9, -84, -14,
    -74, -74, -85, -41, -8, -18, -9, -6,
    -6, -14, -15, -17, -20, -13, -9, -20,
    -41, -34, -8, -18, -9, -6, -6, -14,
    -15, -17, -20, -13, -9, -20, -35, -31,
    -45, -28, -45, -45, -74, -86, -76, -5,
    -5, -93, -5, -5, -25, -7, -6, -10,
    -5, -5, -5, -5, -5, -5, -5, -5,
    -5, -5, -5, -5, -7, -10, -5, -5,
    -5, -5, -5, -5, -5, -5, -5, -5,
    -5, -5, -7, -6, -22, -12, -24, -7,
    -10, -44, -21, -20, -20, -20, -20, -29,
    -29, -29, -29, -6, -26, -38, -114, -117,
    -97, -39, -52, -108, -97, -97, -108, -55,
    -102, -91, -91, -101, -36, -10, -5, -5,
    -5, -5, -5, -5, -5, -5, -5, -5,
    -5, -5, -7, -10, -5, -5, -5, -5,
    -5, -5, -5, -5, -5, -5, -5, -5,
    -7, -8, -18, -9, -6, -6, -14, -15,
    -17, -20, -13, -9, -20, -39, -39, -41,
    -57, -49, -17, -18, -62, -60, -19, -8,
    -18, -9, -6, -6, -14, -15, -17, -20,
    -13, -9, -20, -8, -6, -6, -15, -17,
    -14, -22, -12, -8, -5, -6, -9, -7,
    -6, -9, -9, -8, -17, -9, -48, -51,
    -48, -49, -90, -108, -91, -107, -27, -6,
    -22, -12, -24, -7, -7, -43, -42, -43,
    -46, -7, -9, -79, -7, -7, -97, -7,
    -7, -79, -13, -27, -13, -13, -13, -27,
    -13, -13, -96, -13, -13, -13, -13, -27,
    -13, -27, -13, -24, -8, -33, -7, -43,
    -42, -43, -46, -7, -9, -79, -7, -7,
    -97, -7, -7, -79, -13, -27, -13, -13,
    -13, -27, -13, -13, -96, -13, -13, -13,
    -13, -27, -13, -27, -13, -24, -8, -33,
    -9, -42, -13, -16, -16, -16, -16, -21,
    -21, -21, -21, -18, -37, -8, -48, -49,
    -48, -50, -12, -14, -90, -16, -16, -108,
    -16, -16, -9, -91, -15, -42, -15, -15,
    -15, -42, -15, -15, -107, -15, -15, -15,
    -15, -42, -15, -42, -15, -39, -9, -38,
    -37, -32, -116, -119, -90, -36, -46, -48,
    -7, -7, -7, -7, -84, -11, -74, -74,
    -84, -36, -9, -17, -9, -8, -6, -29,
    -20, -6, -10, -12, -20, -33, -20, -9,
    -17, -9, -8, -6, -29, -20, -6, -10,
    -12, -20, -27, -20, -41, -15, -41, -42,
    -68, -74, -9, -8, -5, -10, -5, -10,
    -11, -7, -12, -10, -12, -41, -12, -12,
    -12, -12, -30, -116, -119, -99, -41, -50,
    -53, -100, -90, -90, -100, -32, -5, -10,
    -5, -10, -9, -17, -9, -8, -6, -29,
    -20, -6, -10, -12, -20, -31, -31, -38,
    -18, -36, -49, -41, -14, -37, -9, -17,
    -9, -8, -6, -29, -20, -6, -10, -12,
    -20, -11, -19, -11, -8, -31, -6, -6,
    -14, -7, -14, -5, -18, -9, -16, -9,
    -46, -12, -46, -46, -82, -100, -9, -11,
    -7, -12, -10, -12, -40, -20, -40, -43,
    -73, -90, -18, -40, -20, -40, -43, -73,
    -90, -18, -40, -10, -10, -10, -10, -32,
    -46, -46, -46, -46, -82, -10, -10, -100,
    -10, -10, -5, -29, -22, -14
};

/*Collect the kern pair's data in one place*/
static const lv_font_fmt_txt_kern_pair_t kern_pairs =
{
    .glyph_ids = kern_pair_glyph_ids,
    .values = kern_pair_values,
    .pair_cnt = 550,
    .glyph_ids_size = 0
};

/*--------------------
 *  ALL CUSTOM DATA
 *--------------------*/

#if LVGL_VERSION_MAJOR == 8
/*Store all the custom data of the font*/
static  lv_font_fmt_txt_glyph_cache_t cache;
#endif

#if LVGL_VERSION_MAJOR >= 8
static const lv_font_fmt_txt_dsc_t font_dsc = {
#else
static lv_font_fmt_txt_dsc_t font_dsc = {
#endif
    .glyph_bitmap = glyph_bitmap,
    .glyph_dsc = glyph_dsc,
    .cmaps = cmaps,
    .kern_dsc = &kern_pairs,
    .kern_scale = 27,
    .cmap_num = 3,
    .bpp = 1,
    .kern_classes = 0,
    .bitmap_format = 0,
#if LVGL_VERSION_MAJOR == 8
    .cache = &cache
#endif
};



/*-----------------
 *  PUBLIC FONT
 *----------------*/

/*Initialize a public general font descriptor*/
#if LVGL_VERSION_MAJOR >= 8
const lv_font_t ui_font_DESIGNER100 = {
#else
lv_font_t ui_font_DESIGNER100 = {
#endif
    .get_glyph_dsc = lv_font_get_glyph_dsc_fmt_txt,    /*Function pointer to get glyph's data*/
    .get_glyph_bitmap = lv_font_get_bitmap_fmt_txt,    /*Function pointer to get glyph's bitmap*/
    .line_height = 99,          /*The maximum line height required by the font*/
    .base_line = 18,             /*Baseline measured from the bottom of the line*/
#if !(LVGL_VERSION_MAJOR == 6 && LVGL_VERSION_MINOR == 0)
    .subpx = LV_FONT_SUBPX_NONE,
#endif
#if LV_VERSION_CHECK(7, 4, 0) || LVGL_VERSION_MAJOR >= 8
    .underline_position = 0,
    .underline_thickness = 0,
#endif
    .dsc = &font_dsc,          /*The custom font data. Will be accessed by `get_glyph_bitmap/dsc` */
#if LV_VERSION_CHECK(8, 2, 0) || LVGL_VERSION_MAJOR >= 9
    .fallback = NULL,
#endif
    .user_data = NULL,
};



#endif /*#if UI_FONT_DESIGNER100*/

